FileName,jsjiami_unweighted,jsjiami_jsdec,jsjiami_illu,jsjiami_sd,jsjiami_recover_unweighted
100063.js,-1,-1,-1,-1,-1
100094.js,0.833333333,-1,1,0.093250481,-1
100111.js,-1,-1,-1,-1,-1
100217.js,-1,-1,-1,-1,-1
100374.js,-1,-1,-1,-1,-1
100482.js,-1,-1,-1,-1,-1
100484.js,-1,-1,-1,-1,-1
100561.js,1,-1,1,0.068100522,-1
100583.js,1,-1,1,0.094216833,-1
100586.js,1,-1,1,0.026919095,-1
100610.js,-1,-1,-1,-1,-1
100691.js,0.267058387,0.790008529,0.267058387,0.216566428,0.914893617
100778.js,-1,-1,-1,-1,-1
100815.js,1,-1,1,0.026919095,-1
100896.js,0.397032535,0.542286787,0.397032535,0.279661827,0.734558239
101009.js,0.127932061,0.404145188,0.127932061,0.120385853,1
101085.js,0.883883476,-1,0.9375,0.104690711,-1
101196.js,0.071066905,-1,0.071066905,0.011478341,-1
101223.js,0.116941069,1,0.116941069,0.094216833,1
101529.js,0.116149581,1,0.116149581,0.094216833,1
101576.js,1,-1,-1,0.100722031,-1
101606.js,0.782623792,-1,1,0.038069349,-1
101611.js,-1,-1,-1,-1,-1
101709.js,0.133013645,0.726722093,0.133461504,0.104690711,0.726722093
101800.js,0.171941653,0.909090909,0.171941653,0.121746188,0.909090909
102055.js,0.116543309,1,0.116543309,0.094216833,1
102202.js,0.1014475,1,0.1014475,0.077708734,1
102658.js,0.1014475,1,0.1014475,0.077708734,1
102694.js,1,-1,1,0.077708734,-1
10292.js,-1,-1,-1,-1,-1
102952.js,0.1014475,1,0.1014475,0.077708734,1
103438.js,0.1014475,1,0.1014475,0.077708734,1
103695.js,0.1014475,1,0.1014475,0.077708734,1
10398.js,0.259156142,0.746987952,0.259156142,0.075215771,0.746987952
104116.js,0.481187854,0.737180238,-1,0.424790711,0.826869741
10414.js,-1,-1,-1,-1,-1
10415.js,-1,-1,-1,-1,-1
104155.js,0.20914177,0.697631575,0.20914177,0.174974118,0.848874688
104359.js,0.410908083,0.51410799,0.411420898,0.456381794,-1
10485.js,-1,-1,-1,-1,-1
10884.js,-1,-1,-1,-1,-1
10899.js,-1,-1,-1,-1,-1
10931.js,-1,-1,-1,-1,-1
11062.js,0.482511843,0.777573811,0.482511843,0.2603043,0.880518292
11216.js,-1,-1,-1,-1,-1
11427.js,0.509818039,0.694772104,-1,0.449082429,-1
11429.js,0.340534377,0.838106543,0.341258149,0.251608789,0.838106543
11761.js,0.547767109,0.696879438,0.533542459,0.371345865,-1
12012.js,-1,-1,-1,-1,-1
12208.js,-1,-1,-1,-1,-1
12224.js,0.292659438,0.834553971,0.292659438,0.213857405,0.834553971
12339.js,-1,-1,-1,-1,-1
12476.js,-1,-1,-1,-1,-1
1255.js,0.344064614,0.574550351,0.346974483,0.293839006,-1
12699.js,-1,-1,-1,-1,-1
1281.js,0.448818601,0.546050867,0.450933314,0.298439137,-1
12896.js,-1,-1,-1,-1,-1
13070.js,0.200966968,0.77151675,-1,0.144663528,1
13312.js,0.223356099,0.878787879,0.223356099,0.159048554,0.878787879
13547.js,1,-1,1,0.076138699,-1
13575.js,0.399579611,0.903508772,0.399579611,0.260283051,0.903508772
13620.js,0.833333333,-1,0.916666667,0.109896746,-1
13628.js,0.373020898,0.756970999,0.37553624,0.320896912,0.719298246
13630.js,0.394211372,0.740451709,-1,0.34188557,-1
13693.js,0.272217861,0.81229142,0.272217861,0.202042708,-1
13749.js,0.079591718,0.44474959,0.079591718,0.073909765,0.44474959
138.js,0.476172614,0.745019011,0.476580122,0.439019658,0.850716405
1407.js,0.492268032,0.641825725,0.489262693,0.473707068,0.699791425
14132.js,1,-1,1,0.077708734,-1
14141.js,1,-1,1,0.077708734,-1
14233.js,-1,-1,-1,-1,-1
1432.js,0.409601781,0.64896193,0.404991884,0.43677803,-1
1437.js,-1,-1,-1,-1,-1
1460.js,0.379806144,0.600602984,0.380016855,0.304623753,0.623389903
14648.js,-1,-1,-1,-1,-1
14977.js,1,-1,1,0.10767638,-1
1503.js,0.296476208,0.825195002,0.296476208,0.275598034,0.825195002
15292.js,1,-1,1,0.076138699,-1
15300.js,1,-1,1,0.026919095,-1
15361.js,0.923076923,-1,0.923076923,0.137260991,-1
15580.js,1,-1,1,0.057104024,-1
15783.js,1,-1,-1,0.071944308,-1
15855.js,1,-1,-1,0.067297738,-1
1587.js,0.410802283,0.747923146,-1,0.336945838,0.81824193
1590.js,0.541662879,0.651027757,-1,0.289388827,-1
1616.js,0.478828055,0.607853743,-1,0.590144616,-1
16222.js,0.818181818,-1,0.818181818,0.022956681,-1
16434.js,0.755928946,-1,1,0.014388862,-1
17034.js,1,-1,1,0.057104024,-1
17041.js,1,-1,1,0.057104024,-1
1718.js,0.290252783,0.763223966,0.290252783,0.221258655,0.763223966
17294.js,0.170187,0.356436342,0.170573935,0.087318089,0.363589624
1732.js,0.204038289,0.756097561,0.204038289,0.136744971,0.756097561
17569.js,0.0741504,1,0.0741504,0.017025131,1
1776.js,0.308641079,0.814413112,0.308641079,0.212362989,0.897058824
1804.js,-1,-1,-1,-1,-1
18204.js,-1,-1,-1,-1,-1
18831.js,0.311752598,0.497573057,0.312734499,0.355430788,0.603156152
18887.js,0.326233389,0.577808484,0.326782758,0.352002449,0.727604291
19689.js,-1,-1,-1,-1,-1
19732.js,0.218757367,0.896551724,0.218757367,0.169663217,0.896551724
19764.js,0.319774357,0.897058824,0.319774357,0.26776203,0.897058824
19765.js,0.153911219,0.785714286,0.153911219,0.06104677,0.785714286
19772.js,0.153994043,0.875,0.153994043,0.057104024,0.875
19847.js,0.283648795,0.794051021,0.284509643,0.190096948,0.794051021
19912.js,0.262348852,0.844112783,0.262348852,0.114208048,0.866828395
19946.js,0.176342176,0.747545002,0.176342176,0.07860337,1
19970.js,0.267503546,0.897959184,0.267503546,0.212100661,0.897959184
19985.js,0.281286689,0.881355932,-1,0.1387738,0.881355932
20050.js,0.152879976,0.785714286,0.152879976,0.06104677,0.785714286
20087.js,0.303623945,0.915254237,0.303623945,0.257722771,0.915254237
20134.js,0.247194362,0.73493092,-1,0.211472213,-1
20226.js,0.857142857,-1,0.857142857,0.100722031,-1
20252.js,1,-1,1,0.071944308,-1
20268.js,0.181818182,0.9,0.181818182,0.102150784,0.9
2044.js,-1,-1,-1,-1,-1
20473.js,0.220618599,0.522232968,0.221108319,0.205437716,0.532181156
20524.js,0.18303234,0.9,0.18303234,0.153226176,0.9
20564.js,0.117469051,1,0.117469051,0.048154341,1
20750.js,0.203111116,0.88,0.203111116,0.159891267,0.88
20837.js,0.258815853,0.928571429,0.258815853,0.211472213,0.928571429
2096.js,-1,-1,-1,-1,-1
21.js,0.50087326,0.642573531,-1,0.337463881,0.699727266
2101.js,-1,-1,-1,-1,-1
21010.js,-1,-1,-1,-1,-1
21071.js,1,-1,1,0.10767638,-1
21163.js,1,-1,1,0.143568507,-1
21166.js,0.288222311,0.943396226,-1,0.230086001,-1
21170.js,0.18303234,0.95,0.18303234,0.153226176,-1
2125.js,-1,-1,-1,-1,-1
21279.js,-1,-1,-1,-1,-1
21436.js,0.123508045,0.777777778,0.123508045,0.114208048,0.777777778
21552.js,0.253099377,0.704282964,0.253099377,0.235746812,0.742379427
21736.js,0.127908565,0.579750904,0.118971021,0.110663349,0.579750904
21946.js,0.253057494,0.88396,-1,0.193849529,0.782460796
22499.js,0.298193941,0.857250857,0.298651645,0.24174061,0.857250857
22516.js,0.35364072,0.832094196,-1,0.265923271,0.844483377
22798.js,-1,-1,-1,-1,-1
22829.js,1,-1,1,0.012038585,-1
22857.js,-1,-1,-1,-1,-1
22918.js,1,-1,1,0.050759133,-1
22924.js,-1,-1,-1,-1,-1
22986.js,1,-1,-1,0.100722031,-1
2324.js,0.322329186,0.888888889,0.322329186,0.287137014,0.888888889
23429.js,-1,-1,-1,-1,-1
23809.js,1,-1,-1,0.162520902,-1
23866.js,1,-1,1,0.062166987,-1
23895.js,1,-1,1,0.062166987,-1
24270.js,0.460573278,0.875015501,0.461188607,0.34466968,0.875015501
24292.js,0.22627417,0.8125,0.22627417,0.127865702,0.8125
24340.js,1,-1,1,0.103305066,-1
24371.js,0.238856229,0.811107106,0.239045722,0.190346747,-1
24506.js,0.958333333,-1,0.979795897,0.147646595,-1
24860.js,0.423183533,0.600576619,0.423418831,0.494667384,-1
24862.js,0.416627997,0.592965865,-1,0.55662413,-1
24907.js,0.473376118,0.583998874,0.473946603,0.250871958,-1
24913.js,0.364427658,0.575325811,0.364427658,0.410149797,-1
2496.js,0.116941069,1,0.116941069,0.094216833,1
25001.js,-1,-1,-1,-1,-1
2614.js,0.123091491,1,0.123091491,0.101518265,1
26541.js,-1,-1,-1,-1,-1
2656.js,0.234365744,0.911764706,0.234365744,0.202394026,0.911764706
27002.js,-1,-1,-1,-1,-1
27178.js,-1,-1,-1,-1,-1
27182.js,-1,-1,-1,-1,-1
27245.js,-1,-1,-1,-1,-1
27247.js,-1,-1,-1,-1,-1
27598.js,0.37762402,0.854866509,0.378125847,0.226551444,0.854866509
27724.js,0.34469697,0.866025404,0.345172742,0.225355329,0.866025404
27838.js,0.304972801,0.882448367,0.305423611,0.218592829,0.882448367
27846.js,0.303189319,0.882448367,0.303632255,0.218592829,0.882448367
27880.js,0.307708038,0.882448367,0.308171105,0.218592829,0.882448367
27891.js,0.305876426,0.882448367,0.306331261,0.218592829,0.882448367
27902.js,0.304972801,0.882448367,0.305423611,0.218592829,0.882448367
28298.js,0.32756921,0.87811408,0.328038171,0.228416096,0.87811408
28473.js,0.304972801,0.882448367,0.305423611,0.218592829,0.882448367
28688.js,0.305876426,0.882448367,0.306331261,0.218592829,0.882448367
28808.js,0.304077137,0.882448367,0.304523981,0.218592829,0.882448367
28877.js,0.304972801,0.882448367,0.305423611,0.218592829,0.882448367
28976.js,0.304972801,0.882448367,0.305423611,0.218592829,0.882448367
29012.js,0.305876426,0.882448367,0.306331261,0.218592829,0.882448367
29132.js,0.307708038,0.882448367,0.308171105,0.218592829,0.882448367
29148.js,0.336349986,0.857194615,0.336836393,0.216694536,0.857194615
29213.js,0.306788131,0.882448367,0.307247052,0.218592829,0.882448367
29258.js,0.304972801,0.882448367,0.305423611,0.218592829,0.882448367
29294.js,0.304077137,0.882448367,0.304523981,0.218592829,0.882448367
29386.js,0.304972801,0.882448367,0.305423611,0.218592829,0.882448367
29408.js,0.304077137,0.882448367,0.304523981,0.218592829,0.882448367
29474.js,0.304077137,0.882448367,0.304523981,0.218592829,0.882448367
29533.js,0.32663729,0.87811408,0.327102254,0.228416096,0.87811408
29540.js,0.306788131,0.882448367,0.307247052,0.218592829,0.882448367
29567.js,0.306788131,0.882448367,0.307247052,0.218592829,0.882448367
29651.js,0.305876426,0.882448367,0.306331261,0.218592829,0.882448367
29704.js,0.305876426,0.882448367,0.306331261,0.218592829,0.882448367
29838.js,-1,-1,-1,-1,-1
2985.js,0.324529119,1,0.324529119,0.042087249,1
29861.js,-1,-1,-1,-1,-1
29913.js,-1,-1,-1,-1,-1
29975.js,-1,-1,-1,-1,-1
29986.js,-1,-1,-1,-1,-1
300.js,-1,-1,-1,-1,-1
30124.js,-1,-1,-1,-1,-1
30293.js,-1,-1,-1,-1,-1
30361.js,-1,-1,-1,-1,-1
30370.js,-1,-1,-1,-1,-1
30375.js,-1,-1,-1,-1,-1
30403.js,-1,-1,-1,-1,-1
30415.js,-1,-1,-1,-1,-1
30510.js,-1,-1,-1,-1,-1
3062.js,0.151371255,1,0.151371255,0.111919078,1
30712.js,-1,-1,-1,-1,-1
30719.js,-1,-1,-1,-1,-1
30771.js,-1,-1,-1,-1,-1
30860.js,-1,-1,-1,-1,-1
30876.js,-1,-1,-1,-1,-1
30894.js,-1,-1,-1,-1,-1
30959.js,-1,-1,-1,-1,-1
30978.js,-1,-1,-1,-1,-1
31344.js,-1,-1,-1,-1,-1
31377.js,-1,-1,-1,-1,-1
31386.js,-1,-1,-1,-1,-1
31487.js,-1,-1,-1,-1,-1
31552.js,-1,-1,-1,-1,-1
31615.js,-1,-1,-1,-1,-1
3174.js,0.134951549,1,0.134951549,0.114783407,1
31854.js,-1,-1,-1,-1,-1
32013.js,-1,-1,-1,-1,-1
32116.js,-1,-1,-1,-1,-1
32164.js,-1,-1,-1,-1,-1
32188.js,-1,-1,-1,-1,-1
32279.js,-1,-1,-1,-1,-1
32369.js,-1,-1,-1,-1,-1
32515.js,-1,-1,-1,-1,-1
32551.js,-1,-1,-1,-1,-1
32556.js,-1,-1,-1,-1,-1
32626.js,-1,-1,-1,-1,-1
32745.js,-1,-1,-1,-1,-1
32747.js,-1,-1,-1,-1,-1
3284.js,0.129207162,1,0.129207162,0.108347268,1
32843.js,-1,-1,-1,-1,-1
32846.js,-1,-1,-1,-1,-1
32896.js,-1,-1,-1,-1,-1
33023.js,-1,-1,-1,-1,-1
33031.js,-1,-1,-1,-1,-1
33046.js,-1,-1,-1,-1,-1
33261.js,-1,-1,-1,-1,-1
33341.js,-1,-1,-1,-1,-1
33370.js,-1,-1,-1,-1,-1
33397.js,-1,-1,-1,-1,-1
33427.js,-1,-1,-1,-1,-1
33489.js,-1,-1,-1,-1,-1
3354.js,0.123508045,1,0.123508045,0.101518265,1
33586.js,-1,-1,-1,-1,-1
33599.js,-1,-1,-1,-1,-1
33613.js,-1,-1,-1,-1,-1
33634.js,-1,-1,-1,-1,-1
33835.js,-1,-1,-1,-1,-1
33895.js,-1,-1,-1,-1,-1
3391.js,0.109108945,1,0.109108945,0.086333169,1
34023.js,-1,-1,-1,-1,-1
34055.js,-1,-1,-1,-1,-1
34209.js,-1,-1,-1,-1,-1
34265.js,-1,-1,-1,-1,-1
34292.js,-1,-1,-1,-1,-1
34322.js,-1,-1,-1,-1,-1
34401.js,-1,-1,-1,-1,-1
34522.js,-1,-1,-1,-1,-1
34526.js,-1,-1,-1,-1,-1
34534.js,-1,-1,-1,-1,-1
34553.js,-1,-1,-1,-1,-1
34602.js,-1,-1,-1,-1,-1
34620.js,-1,-1,-1,-1,-1
34631.js,-1,-1,-1,-1,-1
3465.js,0.409167326,1,0.409167326,0.025970569,1
34651.js,-1,-1,-1,-1,-1
34848.js,-1,-1,-1,-1,-1
34903.js,-1,-1,-1,-1,-1
34939.js,-1,-1,-1,-1,-1
34947.js,-1,-1,-1,-1,-1
35296.js,-1,-1,-1,-1,-1
35349.js,-1,-1,-1,-1,-1
35400.js,-1,-1,-1,-1,-1
35504.js,-1,-1,-1,-1,-1
35540.js,-1,-1,-1,-1,-1
3558.js,0.374696345,0.886792453,0.374696345,0.33648361,0.886792453
35829.js,-1,-1,-1,-1,-1
35855.js,-1,-1,-1,-1,-1
35958.js,-1,-1,-1,-1,-1
35993.js,-1,-1,-1,-1,-1
36135.js,-1,-1,-1,-1,-1
36317.js,-1,-1,-1,-1,-1
36371.js,-1,-1,-1,-1,-1
36376.js,-1,-1,-1,-1,-1
36511.js,-1,-1,-1,-1,-1
36516.js,-1,-1,-1,-1,-1
3653.js,0.170526127,1,0.170526127,0.098703349,1
3659.js,0.109108945,1,0.109108945,0.086333169,1
36637.js,-1,-1,-1,-1,-1
36662.js,-1,-1,-1,-1,-1
36903.js,-1,-1,-1,-1,-1
37088.js,-1,-1,-1,-1,-1
37159.js,-1,-1,-1,-1,-1
3717.js,0.191127393,1,0.191127393,0.085479607,1
3718.js,0.210818511,1,0.210818511,0.076455285,1
37277.js,-1,-1,-1,-1,-1
37464.js,-1,-1,-1,-1,-1
37503.js,-1,-1,-1,-1,-1
37610.js,-1,-1,-1,-1,-1
37699.js,-1,-1,-1,-1,-1
37864.js,-1,-1,-1,-1,-1
37998.js,-1,-1,-1,-1,-1
38001.js,-1,-1,-1,-1,-1
3801.js,0.327498886,1,0.327498886,0.0414637,1
38031.js,-1,-1,-1,-1,-1
38090.js,-1,-1,-1,-1,-1
38102.js,-1,-1,-1,-1,-1
38161.js,-1,-1,-1,-1,-1
38177.js,-1,-1,-1,-1,-1
38295.js,-1,-1,-1,-1,-1
38411.js,-1,-1,-1,-1,-1
38472.js,-1,-1,-1,-1,-1
38577.js,-1,-1,-1,-1,-1
38607.js,-1,-1,-1,-1,-1
38617.js,-1,-1,-1,-1,-1
3873.js,0.116941069,1,0.116941069,0.094216833,1
38760.js,0.32756921,0.87811408,0.328038171,0.228416096,0.87811408
38786.js,0.302528535,0.882448367,0.302968577,0.218592829,0.882448367
38807.js,0.332055991,0.87064849,0.332537581,0.224300154,0.87064849
38815.js,0.30793931,0.882448367,0.308403424,0.218592829,0.882448367
38823.js,0.307708038,0.882448367,0.308171105,0.218592829,0.882448367
3884.js,0.146465509,1,0.146465509,0.116143916,1
38872.js,0.304972801,0.882448367,0.305423611,0.218592829,0.882448367
38970.js,0.304972801,0.882448367,0.305423611,0.218592829,0.882448367
39025.js,0.303189319,0.882448367,0.303632255,0.218592829,0.882448367
3924.js,0.173349599,0.944444444,0.173349599,0.152541539,0.944444444
39278.js,0.345942501,0.860043003,0.346417371,0.221914587,0.860043003
39287.js,0.453772816,0.671716613,-1,0.482300454,0.801234197
39463.js,0.305876426,0.882448367,0.306331261,0.218592829,0.882448367
3949.js,0.129207162,1,0.129207162,0.108347268,1
39563.js,0.305876426,0.882448367,0.306331261,0.218592829,0.882448367
39575.js,0.304972801,0.882448367,0.305423611,0.218592829,0.882448367
39641.js,0.328277137,0.87064849,0.328742448,0.224300154,0.87064849
39657.js,0.303189319,0.882448367,0.303632255,0.218592829,0.882448367
39685.js,0.307708038,0.882448367,0.308171105,0.218592829,0.882448367
39689.js,0.333021272,0.87064849,0.33350708,0.224300154,0.87064849
39795.js,0.305876426,0.882448367,0.306331261,0.218592829,0.882448367
39835.js,0.304972801,0.882448367,0.305423611,0.218592829,0.882448367
39845.js,0.305876426,0.882448367,0.306331261,0.218592829,0.882448367
39953.js,0.305876426,0.882448367,0.306331261,0.218592829,0.882448367
39987.js,0.304972801,0.882448367,0.305423611,0.218592829,0.882448367
40095.js,0.304972801,0.882448367,0.305423611,0.218592829,0.882448367
40133.js,0.346489258,0.854409201,0.346960352,0.218626782,0.854409201
40172.js,0.305876426,0.882448367,0.306331261,0.218592829,0.882448367
40283.js,0.305876426,0.882448367,0.306331261,0.218592829,0.882448367
4041.js,0.453026802,0.609379978,0.454464008,0.621502359,-1
40486.js,0.308636269,0.882448367,0.309103546,0.218592829,0.882448367
40512.js,0.330150345,0.87064849,0.33062368,0.224300154,0.87064849
4075.js,0.558779226,0.670680099,-1,0.408825387,-1
40938.js,0.304972801,0.882448367,0.305423611,0.218592829,0.882448367
40984.js,0.304972801,0.882448367,0.305423611,0.218592829,0.882448367
41114.js,0.303189319,0.882448367,0.303632255,0.218592829,0.882448367
41351.js,0.306788131,0.882448367,0.307247052,0.218592829,0.882448367
41427.js,0.304972801,0.882448367,0.305423611,0.218592829,0.882448367
41525.js,0.307708038,0.882448367,0.308171105,0.218592829,0.882448367
4165.js,0.440815152,0.597058749,-1,0.51099837,-1
41703.js,0.304972801,0.882448367,0.305423611,0.218592829,0.882448367
41746.js,0.304972801,0.882448367,0.305423611,0.218592829,0.882448367
41759.js,0.305876426,0.882448367,0.306331261,0.218592829,0.882448367
41785.js,0.330150345,0.87064849,0.33062368,0.224300154,0.87064849
41931.js,0.327352411,0.87064849,0.327813796,0.224300154,0.87064849
41949.js,0.304972801,0.882448367,0.305423611,0.218592829,0.882448367
42393.js,0.328277137,0.87064849,0.328742448,0.224300154,0.87064849
42462.js,0.305876426,0.882448367,0.306331261,0.218592829,0.882448367
42466.js,0.304972801,0.882448367,0.305423611,0.218592829,0.882448367
42622.js,0.328509152,0.87811408,0.328982168,0.228416096,0.87811408
42641.js,0.304077137,0.882448367,0.304523981,0.218592829,0.882448367
42720.js,0.305876426,0.882448367,0.306331261,0.218592829,0.882448367
42722.js,0.304077137,0.882448367,0.304523981,0.218592829,0.882448367
42892.js,0.305876426,0.882448367,0.306331261,0.218592829,0.882448367
42984.js,0.307708038,0.882448367,0.308171105,0.218592829,0.882448367
43082.js,0.305876426,0.882448367,0.306331261,0.218592829,0.882448367
43405.js,0.32663729,0.87811408,0.327102254,0.228416096,0.87811408
43492.js,0.306788131,0.882448367,0.307247052,0.218592829,0.882448367
43566.js,0.303410544,0.882448367,0.303854452,0.218592829,0.882448367
43851.js,0.305876426,0.882448367,0.306331261,0.218592829,0.882448367
43891.js,0.304972801,0.882448367,0.305423611,0.218592829,0.882448367
43898.js,0.305876426,0.882448367,0.306331261,0.218592829,0.882448367
43931.js,0.305876426,0.882448367,0.306331261,0.218592829,0.882448367
43981.js,0.303189319,0.882448367,0.303632255,0.218592829,0.882448367
44079.js,0.304972801,0.882448367,0.305423611,0.218592829,0.882448367
44114.js,0.305876426,0.882448367,0.306331261,0.218592829,0.882448367
44122.js,0.32756921,0.87811408,0.328038171,0.228416096,0.87811408
44139.js,0.305197956,0.882448367,0.305649767,0.218592829,0.882448367
44169.js,0.373784739,0.827091048,0.374280804,0.205437716,0.827091048
44293.js,0.308636269,0.882448367,0.309103546,0.218592829,0.882448367
44333.js,0.304972801,0.882448367,0.305423611,0.218592829,0.882448367
44354.js,0.490863292,0.751067616,-1,0.482300454,0.868270742
44431.js,0.303189319,0.882448367,0.303632255,0.218592829,0.882448367
44471.js,0.304077137,0.882448367,0.304523981,0.218592829,0.882448367
44473.js,0.306788131,0.882448367,0.307247052,0.218592829,0.882448367
44518.js,0.304077137,0.882448367,0.304523981,0.218592829,0.882448367
44553.js,0.304077137,0.882448367,0.304523981,0.218592829,0.882448367
44575.js,0.304077137,0.882448367,0.304523981,0.218592829,0.882448367
44576.js,0.304077137,0.882448367,0.304523981,0.218592829,0.882448367
44624.js,0.304972801,0.882448367,0.305423611,0.218592829,0.882448367
44685.js,0.304972801,0.882448367,0.305423611,0.218592829,0.882448367
448.js,-1,-1,-1,-1,-1
44963.js,0.304972801,0.882448367,0.305423611,0.218592829,0.882448367
45063.js,0.306788131,0.882448367,0.307247052,0.218592829,0.882448367
45101.js,0.364016516,0.862421616,0.364518262,0.227119941,0.862421616
45107.js,0.304972801,0.882448367,0.305423611,0.218592829,0.882448367
45154.js,0.304077137,0.882448367,0.304523981,0.218592829,0.882448367
45220.js,0.304972801,0.882448367,0.305423611,0.218592829,0.882448367
45243.js,0.304077137,0.882448367,0.304523981,0.218592829,0.882448367
45324.js,0.329209744,0.87064849,0.329679039,0.224300154,0.87064849
45333.js,0.331099055,0.87064849,0.331576488,0.224300154,0.87064849
45502.js,0.474569323,0.55059562,-1,0.308111761,-1
45730.js,-1,-1,-1,-1,-1
45861.js,-1,-1,-1,-1,-1
45919.js,-1,-1,-1,-1,-1
46.js,0.428452883,0.5801723,0.428452883,0.416698844,-1
46063.js,-1,-1,-1,-1,-1
46104.js,-1,-1,-1,-1,-1
46111.js,-1,-1,-1,-1,-1
46413.js,-1,-1,-1,-1,-1
46432.js,0.195139617,0.913043478,0.195139617,0.182574186,0.913043478
4654.js,0.153911219,0.928571429,0.153911219,0.142442462,0.928571429
46572.js,-1,-1,-1,-1,-1
4676.js,0.356607779,0.651956623,0.357215116,0.321360479,-1
46860.js,-1,-1,-1,-1,-1
47010.js,-1,-1,-1,-1,-1
47021.js,-1,-1,-1,-1,-1
47113.js,-1,-1,-1,-1,-1
47154.js,0.386294709,0.75286503,0.386294709,0.306204707,0.826244226
47250.js,-1,-1,-1,-1,-1
47289.js,0.110158985,0.777777778,0.110158985,0.101518265,0.777777778
47526.js,-1,-1,-1,-1,-1
47656.js,0.1014475,0.833333333,0.1014475,0.093250481,0.833333333
48874.js,-1,-1,-1,-1,-1
48940.js,-1,-1,-1,-1,-1
49340.js,0.226959676,-1,0.226959676,0.097892613,0.816326531
49662.js,0.348548443,0.718751289,0.349198114,0.312862464,0.792481976
49680.js,0.8,-1,0.9,0.120385853,-1
49711.js,0.481729919,0.561830343,-1,0.271658705,-1
50055.js,0.437616009,0.481352672,-1,0.515749043,-1
50084.js,0.429130658,0.613458135,0.429268178,0.559107122,-1
50145.js,0.355441745,0.422473969,-1,0.618373455,-1
50382.js,0.332141836,0.548333734,0.331294894,0.208321256,-1
50435.js,0.376857174,0.482732435,-1,0.431820276,-1
50453.js,0.447702186,0.596872005,-1,0.405549455,0.72132091
50529.js,0.241307589,0.594186747,0.241307589,0.134595476,0.652777778
50562.js,0.223691817,0.581552631,0.223691817,0.107778298,0.652472697
50570.js,0.243266816,0.594186747,0.243266816,0.134595476,0.653305258
50605.js,0.387311154,0.600908929,0.387913349,0.408941243,0.740267871
50674.js,0.332871333,0.526965186,0.332871333,0.378801186,0.733545924
50721.js,0.346025504,0.455463961,-1,0.441461222,-1
50732.js,0.331885285,0.496429104,-1,0.354836767,-1
51042.js,0.42817482,0.553110743,0.427120338,0.483653326,0.802328117
51051.js,0.531918916,0.826110584,0.531918916,0.48623465,0.901360544
51153.js,0.429154206,0.854193715,0.419988868,0.336178465,0.924050633
51297.js,0.336554235,0.574073963,0.336968796,0.320079042,0.692931201
51515.js,0.319193969,0.780952519,0.319652911,0.298530582,0.878458592
51803.js,0.628317355,0.938818565,0.628317355,0.020982998,0.938818565
51903.js,0.624655918,0.94017094,0.624655918,0.021117076,0.94017094
5191.js,0.181818182,0.85,0.181818182,0.161738741,0.85
51915.js,0.605249927,0.933806147,0.605249927,0.022211941,0.933806147
51925.js,0.654563417,0.946886447,0.654563417,0.019550613,0.946886447
51930.js,0.604754063,0.934731935,0.604754063,0.022056066,0.934731935
52115.js,0.351719636,0.825757576,0.351719636,0.039762139,0.825757576
5217.js,0.398789517,0.763798753,0.400320385,0.381362926,0.812982888
52191.js,0.379352938,0.846666667,0.379352938,0.037300192,0.846666667
52286.js,0.353712707,0.82962963,0.353712707,0.039317855,0.82962963
52340.js,0.38488589,0.852564103,0.38488589,0.036575848,0.852564103
524.js,-1,-1,-1,-1,-1
52423.js,0.410639468,0.87431694,0.410639468,0.033770007,0.87431694
5246.js,0.433667587,0.662444942,0.434849782,0.361923684,0.708257751
52707.js,0.373192035,0.71756088,0.373192035,0.326882508,-1
52733.js,0.390761334,0.54606579,0.391014336,0.438685264,-1
52883.js,0.415144478,0.638600675,0.378566637,0.411237751,-1
52943.js,0.278108008,0.709128574,0.278506159,0.203310025,0.805943128
53065.js,0.186939125,0.806451613,0.186939125,0.150424054,0.806451613
53075.js,0.487119883,0.612819889,-1,0.559641085,-1
53082.js,-1,-1,-1,-1,-1
53399.js,0.383260241,0.524143746,0.383534684,0.410380111,-1
53620.js,0.331420906,0.671345087,0.331420906,0.322491246,0.753689152
53628.js,0.404206711,-1,0.407063331,0.32081507,0.72202536
53659.js,0.33859931,0.839479661,0.33859931,0.249973301,0.839479661
53667.js,0.400616808,0.797550457,0.400616808,0.327212476,0.822786741
53673.js,0.344076493,0.754672942,0.344076493,0.299178626,0.795495129
53701.js,0.368445641,0.697485832,0.36913583,0.307137533,0.697485832
53741.js,0.367939613,0.768776007,0.368643804,0.284969699,0.785674201
53868.js,0.430408834,0.656174148,0.430753575,0.479183022,-1
5396.js,0.583317599,0.680474031,-1,0.443627757,-1
53980.js,0.313642828,0.831385645,0.313642828,0.224300154,0.831385645
54129.js,0.406562468,-1,0.40414099,0.361265031,0.825991046
54354.js,0.450495323,0.679004605,-1,0.318354088,0.715919383
54409.js,0.357081452,0.853932584,0.357081452,0.274403322,0.853932584
54693.js,0.404438012,0.729762548,0.404667741,0.333485854,0.829792211
54815.js,0.431722208,0.885155341,0.432278193,0.392488377,0.885155341
54985.js,0.467427533,0.819384732,0.467427533,0.368675747,0.830190272
55287.js,0.370064402,0.777457902,0.370541597,0.29887066,0.835887558
55447.js,0.49408106,0.65617443,-1,0.544856746,0.79445871
55460.js,0.287128452,0.944444444,0.287128452,0.207223291,0.944444444
55478.js,0.397305312,0.810978496,0.397305312,0.306204707,-1
55560.js,0.422751854,0.687935769,-1,0.457850772,-1
55570.js,0.391743752,0.842081461,0.391743752,0.320537236,0.869498132
5565.js,0.231260635,0.619711669,0.243975018,0.162520902,0.916261362
55685.js,0.814646093,0.912955097,-1,0.286869368,0.913248168
55856.js,0.453583827,0.726576727,0.452526859,0.480125369,0.764980556
55876.js,0.474680828,0.797650142,0.474680828,0.42032555,0.808552472
55879.js,0.34995006,0.743523339,0.350401318,0.266326996,0.778669595
56064.js,0.420400991,0.840013715,-1,0.289828103,0.840013715
56095.js,0.395981339,0.810413304,0.397489845,0.315714326,0.810413304
56372.js,0.377852826,-1,-1,0.328869089,0.845013611
56410.js,0.386443775,0.825396825,0.386443775,0.322191284,0.825396825
56547.js,0.479120643,0.630573219,-1,0.575468575,-1
56601.js,0.351833609,0.561160513,0.321811361,0.32931652,-1
56923.js,0.437703859,0.761930124,0.438180401,0.381134042,-1
57025.js,0.206518775,0.25282492,0.20539639,0.208738159,0.197675035
57145.js,-1,-1,-1,-1,-1
57223.js,0.544248767,0.686971763,0.543450228,0.507189149,-1
57320.js,1,-1,1,0.068100522,-1
57339.js,1,-1,1,0.065938047,-1
57449.js,0.356409519,0.502250452,0.356740294,0.327902449,0.625534106
57481.js,0.355485494,0.542398851,0.355485494,0.245094892,-1
57567.js,1,-1,1,0.137612492,-1
5758.js,0.465846715,0.705602428,0.440606693,0.478199695,-1
57583.js,0.512642109,0.814815479,-1,0.329217707,0.815387296
57591.js,0.269125168,0.827076027,-1,0.234554108,0.827076027
57617.js,0.275912703,0.817807755,-1,0.239099847,-1
57674.js,1,-1,1,0.026919095,-1
57698.js,0.288246515,0.750733497,0.288246515,0.25436154,0.892857143
57973.js,-1,-1,-1,-1,-1
58032.js,-1,-1,-1,-1,-1
58229.js,0.38119606,0.759419781,0.38144809,0.352087694,0.80999477
58412.js,0.305975319,0.545591957,0.305975319,0.278298339,-1
58550.js,0.292561124,0.76719421,0.257912479,0.21133347,0.90578946
58570.js,0.248573164,1,0.248573164,0.209972575,1
58685.js,0.529027157,0.885109739,0.530447367,0.353821012,0.884231841
58800.js,0.328130487,0.890410959,0.328130487,0.222784016,0.890410959
58819.js,0.130078721,0.9,0.130078721,0.084270097,0.9
58829.js,0.251543589,0.790008529,0.251543589,0.227672398,0.914893617
58867.js,0.604358881,0.866444073,-1,0.384201447,0.866444073
58897.js,0.384900179,0.851851852,0.386761538,0.216130266,0.851851852
59029.js,0.296431013,0.774193548,0.296431013,0.232070986,0.774193548
5905.js,0.462921529,0.674856942,0.462394783,0.574027394,-1
59093.js,0.368490334,0.557002945,0.369077259,0.324067823,0.582752495
59099.js,0.416348305,0.780332063,0.416863907,0.302607534,0.780332063
59106.js,0.548066063,0.757002964,0.535303874,0.550396519,-1
59296.js,0.443207251,0.66481335,0.443207251,0.432414618,-1
59309.js,0.331425831,0.837435789,0.331425831,0.273319515,0.922077922
59355.js,1,-1,1,0.065938047,-1
59383.js,0.297435059,0.910714286,0.297435059,0.172965847,0.910714286
59534.js,0.082973981,1,0.082973981,0.076138699,1
59540.js,0.218518705,0.967741935,0.218518705,0.164098968,-1
59559.js,0.082973981,1,0.082973981,0.076138699,1
59875.js,1,-1,1,0.149533436,-1
6010.js,0.288405993,0.85483871,0.288405993,0.265914671,0.85483871
60128.js,1,-1,-1,0.119070121,-1
60326.js,0.14291756,1,0.14291756,0.071221231,1
60393.js,0.265020756,0.838157264,0.265020756,0.183248516,0.861552192
60820.js,0.259182508,0.779579443,0.259380584,0.223827644,0.802180629
61022.js,0.405046294,0.812482482,0.405046294,0.271318976,0.877338483
61201.js,0.400274761,0.681601674,0.402698996,0.383640842,0.735811656
61254.js,0.913907694,-1,1,0.089280538,-1
61443.js,0.368637557,0.967391304,0.368637557,0.273861279,0.967391304
61535.js,0.158113883,0.933333333,0.158113883,0.137612492,0.933333333
61596.js,0.367708734,0.75905248,0.367708734,0.238109615,0.907407407
61603.js,0.323367894,0.915492958,0.32143826,0.262044032,0.915492958
61618.js,1,-1,1,0.085125653,-1
61642.js,0.269475874,1,0.269475874,0.203308979,1
6175.js,0.460926144,0.596973456,-1,0.515279843,-1
61757.js,0.250097655,0.850630906,0.250297974,0.21480429,0.850630906
61902.js,0.392762673,0.859649123,0.392762673,0.317331391,0.859649123
61999.js,0.377165111,0.861386139,0.377165111,0.303043348,0.861386139
62021.js,1,-1,1,0.043958698,-1
62048.js,0.274505407,0.875,0.274505407,0.230783166,0.875
62277.js,0.392391662,0.633743366,0.392391662,0.332886101,-1
62461.js,0.191507144,0.916666667,0.191507144,0.132104848,0.916666667
62479.js,0.465175171,0.879005409,0.464895198,0.29805774,-1
62519.js,0.291615106,0.925925926,0.291615106,0.233126202,0.925925926
62758.js,0.542592186,0.935099555,-1,0.164845118,0.98
6279.js,0.387734236,0.583300632,0.387734236,0.148377755,0.793374634
62802.js,0.306343196,1,0.306343196,0.238839755,1
62914.js,0.531942265,0.661927164,0.487775688,0.483831581,-1
63048.js,0.332503927,0.329701918,0.263030154,0.337783711,0.609650028
63155.js,0.327247876,0.810810811,0.327722492,0.29208115,0.810810811
63225.js,0.21821789,0.853491814,0.218757367,0.155524616,0.853491814
63230.js,0.266183137,0.954545455,0.266183137,0.246784325,-1
63301.js,0.330891298,0.613914469,0.320530382,0.31701608,-1
634.js,0.255608489,0.551187918,0.261616318,0.255608489,0.812239573
63457.js,0.241215469,0.744387368,-1,0.148684903,0.761904762
63628.js,0.426640917,0.829261589,0.346924505,0.361912279,0.87037037
63674.js,0.562763076,0.641461657,-1,0.290045145,-1
6370.js,0.230849596,0.800942841,0.230849596,0.208922866,0.970588235
63757.js,0.379961657,0.837663038,0.379961657,0.335467176,0.848518736
63819.js,1,-1,1,0.076138699,-1
64206.js,0.278401866,0.731257377,0.27925195,0.271869534,1
6422.js,0.243669859,0.787461551,0.243669859,0.216148239,0.973684211
64731.js,0.259475281,0.83301069,0.256813693,0.198626524,0.977777778
6476.js,0.402233288,0.596142608,0.400963409,0.514728717,-1
6500.js,0.487334525,0.567710613,-1,0.318783395,-1
65036.js,0.497590347,0.900474186,0.478807438,0.350119078,-1
65052.js,-1,-1,-1,0.425811141,-1
65219.js,0.40503466,0.755291789,0.40503466,0.303591039,-1
65267.js,0.302985432,0.65207009,0.303574326,0.25935632,-1
65321.js,0.340092518,0.800980102,0.331874303,0.261213611,0.886420871
65459.js,0.402693633,0.777003326,-1,0.319186687,-1
65527.js,-1,-1,-1,-1,-1
65727.js,0.497942199,0.572207804,0.496701995,0.601546856,-1
6586.js,0.486111251,0.596266032,-1,0.610064402,-1
65944.js,-1,-1,-1,-1,-1
66106.js,0.539909454,0.645719255,-1,0.623657825,-1
66225.js,0.512852171,0.653632647,0.513085764,0.674145594,0.785502671
66323.js,0.528459863,0.685274977,0.531577539,0.527918921,-1
66363.js,0.432536851,-1,0.424495072,0.44535962,-1
66365.js,0.395589308,0.486822408,0.395589308,0.434631515,-1
66377.js,0.340946347,0.884615385,0.340946347,0.271561815,0.884615385
66386.js,-1,-1,-1,-1,-1
66394.js,0.325924009,0.615675637,0.325924009,0.326376683,0.799486235
66399.js,0.417436463,0.56828883,0.417436463,0.527779049,-1
66502.js,0.400688116,0.492843743,-1,0.385909276,-1
66680.js,0.524515108,0.64314502,-1,0.548436565,-1
6669.js,-1,-1,-1,-1,-1
66716.js,-1,-1,-1,-1,-1
66856.js,-1,-1,-1,-1,-1
66877.js,0.833333333,-1,0.833333333,0.093250481,-1
66945.js,0.110158985,0.777777778,0.110158985,0.101518265,0.777777778
67353.js,0.177506961,0.593872925,0.179487179,0.073151696,0.593872925
67476.js,0.227953736,0.78,0.227953736,0.102292561,0.78
67544.js,0.235656269,0.629198229,0.238718037,0.071290885,0.629198229
67662.js,-1,-1,-1,-1,-1
67717.js,0.194832822,0.704295212,0.194832822,0.160872363,0.704295212
67724.js,0.281193994,0.427770443,0.281354447,0.236758844,-1
67737.js,0.339000329,0.480370796,0.339472585,0.379478863,-1
67871.js,-1,-1,-1,-1,-1
67918.js,0.166530668,0.728868987,0.166530668,0.156963949,0.941176471
67961.js,0.272797736,0.916666667,0.272797736,0.225288328,0.916666667
67981.js,0.146478458,0.68516016,0.146478458,0.088465174,0.732467021
68040.js,0.328797975,0.617435224,0.329573443,0.293706299,-1
6806.js,0.309297869,0.890625,0.309297869,0.266485446,0.890625
68119.js,-1,-1,-1,-1,-1
68137.js,-1,-1,-1,-1,-1
68181.js,-1,-1,-1,-1,-1
68198.js,-1,-1,-1,-1,-1
68538.js,-1,-1,-1,-1,-1
68564.js,-1,-1,-1,-1,-1
68706.js,0.308514948,0.595854023,-1,0.282452046,0.773681611
68773.js,-1,-1,-1,-1,-1
68856.js,0.185260284,0.674965564,0.185260284,0.178561076,0.87038828
69198.js,0.19238648,0.794117647,0.19238648,0.137105631,0.794117647
69216.js,0.062230486,1,0.062230486,0,1
69246.js,0.1014475,0.833333333,0.1014475,0.093250481,0.833333333
6944.js,-1,-1,-1,-1,-1
69469.js,-1,-1,-1,-1,-1
69472.js,0.101273937,0.577350269,0.1014475,0.093250481,0.577350269
69578.js,0.318896402,0.714041017,0.318896402,0.288803835,0.844907962
69604.js,0.833333333,-1,0.833333333,0.093250481,-1
69635.js,0.212226603,0.744992315,0.21290791,0.112963237,0.744992315
69705.js,0.151833062,0.7,0.151833062,0.14276006,0.746202507
6973.js,-1,-1,-1,-1,-1
69826.js,0.411242966,0.648120512,-1,0.314613398,-1
7002.js,-1,-1,-1,-1,-1
70040.js,-1,-1,-1,-1,-1
70143.js,-1,-1,-1,-1,-1
70353.js,0.130521167,0.9,0.130521167,0.084270097,0.9
70364.js,0.740740741,-1,0.740740741,0.080590947,-1
70436.js,-1,-1,-1,-1,-1
70645.js,-1,-1,-1,-1,-1
70748.js,0.24570616,0.791830566,0.24570616,0.219455087,0.840855305
70775.js,0.14206656,0.682523633,0.142302356,0.099688957,0.682523633
70800.js,-1,-1,-1,-1,-1
70848.js,0.209350716,0.776524329,0.209517596,0.099861878,0.776524329
7092.js,-1,-1,-1,-1,-1
7096.js,-1,-1,-1,-1,-1
71032.js,0.16336601,0.740740741,0.16336601,0.087917396,0.740740741
71077.js,0.928571429,-1,0.928571429,0.111919078,-1
71214.js,-1,-1,-1,-1,-1
7167.js,0.286199428,0.583997116,0.286199428,0.251257706,-1
71688.js,0.519847684,0.593175096,-1,0.450096761,0.706172356
71716.js,0.534035781,0.602067355,-1,0.240413763,0.778793245
71738.js,0.129859179,0.730296743,0.130078721,0.108347268,0.730296743
71744.js,0.082973981,1,0.082973981,0.076138699,1
71750.js,1,-1,1,0.076138699,-1
71963.js,-1,-1,-1,-1,-1
72068.js,0.199680766,0.823193209,0.199680766,0.167505137,0.86210545
72075.js,-1,-1,-1,-1,-1
72259.js,0.487398987,0.709287074,0.487611965,0.464570408,0.745083915
72273.js,0.514000781,0.634343941,-1,0.523034624,-1
72470.js,0.429349751,0.665039439,-1,0.43219554,0.747943415
72581.js,0.438810925,0.732840074,-1,0.400409686,0.876409469
72663.js,-1,-1,-1,-1,-1
72777.js,0.777777778,-1,0.777777778,0.101518265,-1
72873.js,-1,-1,-1,-1,-1
73020.js,-1,-1,-1,-1,-1
73103.js,0.278469227,0.793582517,0.274776615,0.190687362,0.81483717
73109.js,0.329059829,0.87811408,0.329547687,0.186116819,0.87811408
73132.js,0.268329016,0.907407407,0.268329016,0.139875721,0.907407407
73187.js,0.436859573,0.704547262,0.436859573,0.368758305,0.884615587
73243.js,0.416307,0.635207463,0.416307,0.420506998,0.715394958
73244.js,0.383854684,0.629411418,0.383854684,0.389746916,-1
7325.js,0.35686498,0.760728649,0.365664769,0.254494825,0.810609723
73300.js,0.123920399,0.818181818,0.123920399,0.114783407,0.818181818
73351.js,-1,-1,-1,-1,-1
73402.js,-1,-1,-1,-1,-1
73432.js,0.501802448,0.601699538,-1,0.244104178,-1
73442.js,0.35772358,0.60681863,0.35868083,0.376060135,0.649138293
73458.js,-1,-1,-1,-1,-1
73592.js,-1,-1,-1,-1,-1
73803.js,-1,-1,-1,-1,-1
73809.js,-1,-1,-1,-1,-1
73836.js,-1,-1,-1,-1,-1
73964.js,-1,-1,-1,-1,-1
74224.js,-1,-1,-1,-1,-1
74229.js,-1,-1,-1,-1,-1
74239.js,-1,-1,-1,-1,-1
74289.js,-1,-1,-1,-1,-1
74293.js,-1,-1,-1,-1,-1
74771.js,-1,-1,-1,-1,-1
7487.js,-1,-1,-1,-1,-1
74944.js,-1,-1,-1,-1,-1
7496.js,-1,-1,-1,-1,-1
74971.js,-1,-1,-1,-1,-1
74995.js,-1,-1,-1,-1,-1
75102.js,-1,-1,-1,-1,-1
75105.js,-1,-1,-1,-1,-1
75299.js,-1,-1,-1,-1,-1
75611.js,-1,-1,-1,-1,-1
75651.js,-1,-1,-1,-1,-1
75749.js,-1,-1,-1,-1,-1
75809.js,-1,-1,-1,-1,-1
75852.js,-1,-1,-1,-1,-1
7605.js,-1,-1,-1,-1,-1
76140.js,-1,-1,-1,-1,-1
76186.js,-1,-1,-1,-1,-1
76256.js,-1,-1,-1,-1,-1
76359.js,-1,-1,-1,-1,-1
7636.js,-1,-1,-1,-1,-1
76371.js,-1,-1,-1,-1,-1
76432.js,-1,-1,-1,-1,-1
76534.js,-1,-1,-1,-1,-1
76647.js,-1,-1,-1,-1,-1
76686.js,-1,-1,-1,-1,-1
76762.js,-1,-1,-1,-1,-1
76775.js,-1,-1,-1,-1,-1
76806.js,-1,-1,-1,-1,-1
76895.js,-1,-1,-1,-1,-1
77301.js,-1,-1,-1,-1,-1
7745.js,0.44697232,0.898203593,0.44697232,0.412425258,0.898203593
7775.js,0.444958044,0.551434081,-1,0.675087879,-1
78018.js,0.372838143,0.857177025,0.354461661,0.30352415,0.857177025
78361.js,0.377966831,0.857177025,0.360804906,0.30352415,0.857177025
78393.js,0.374864452,0.857177025,0.356377684,0.30352415,0.857177025
78604.js,0.376147798,0.857177025,0.358325118,0.30352415,0.857177025
78626.js,0.376924162,0.857177025,0.359063679,0.30352415,0.857177025
78937.js,0.375890075,0.857177025,0.357347421,0.30352415,0.857177025
79119.js,0.373847179,0.857177025,0.355415799,0.30352415,0.857177025
79406.js,0.374386635,0.858440695,0.355858558,0.305763309,0.858440695
79496.js,0.373847179,0.857177025,0.355415799,0.30352415,0.857177025
79573.js,-1,-1,-1,-1,-1
79644.js,0.317280537,0.688098182,0.317280537,0.311861003,0.823619983
79783.js,0.451039493,0.656234687,0.451599791,0.557868311,0.722450941
79806.js,0.448346568,0.751119818,0.449906815,0.382478743,0.850987026
79827.js,0.287499588,0.662241362,0.287903097,0.233965474,0.844678502
80041.js,0.142436355,0.857142857,0.142436355,0.081395693,0.857142857
80045.js,0.486899068,-1,-1,0.193124256,-1
80055.js,0.489335694,0.594672592,-1,0.565053509,-1
80121.js,0.31764836,0.774791979,0.31764836,0.281996325,0.824295696
80142.js,-1,-1,-1,-1,-1
80144.js,-1,-1,-1,-1,-1
80212.js,-1,-1,-1,-1,-1
80227.js,-1,-1,-1,-1,-1
80246.js,-1,-1,-1,-1,-1
80280.js,-1,-1,-1,-1,-1
80349.js,-1,-1,-1,-1,-1
80408.js,-1,-1,-1,-1,-1
80522.js,-1,-1,-1,-1,-1
80657.js,-1,-1,-1,-1,-1
80761.js,0.284747399,0.698908807,0.284555197,0.285054449,0.85811633
80781.js,0.388144128,0.495103338,0.388900172,0.450373154,-1
80976.js,-1,-1,-1,-1,-1
81381.js,0.431942768,0.744258343,-1,0.398162174,0.846086566
81439.js,0.351995659,0.791107035,0.351995659,0.330720311,0.899035765
81583.js,0.442914248,0.6445243,0.438502625,0.527073502,-1
81680.js,0.335111124,0.735820848,0.335560034,0.286605752,0.826625089
81791.js,0.356720179,0.714694335,0.356720179,0.309717108,0.846153846
8184.js,0.187019124,0.674965564,0.187019124,0.137979014,0.913907694
81895.js,0.33062368,0.845238095,0.33062368,0.290759459,0.845238095
81923.js,0.441792624,0.663150277,0.442887527,0.484921945,0.712787073
81975.js,0.394346988,0.621783397,-1,0.391608399,0.695181697
82065.js,0.391345889,0.674349079,-1,0.317488792,0.758188499
82079.js,0.397080328,0.652137647,0.398424089,0.411479456,-1
82121.js,0.364216507,0.69084928,0.364216507,0.326761916,0.814958052
82246.js,0.344333073,0.575151837,0.344333073,0.350187082,0.692113415
82363.js,0.487484857,0.592310997,0.493140476,0.401296148,-1
82510.js,0.52106048,0.659133451,0.52106048,0.311659637,-1
82835.js,0.38854665,0.460843254,0.389224151,0.383945844,-1
82848.js,0.393678443,0.523095966,0.389639413,0.365758478,-1
82951.js,0.252563014,0.220849141,0.252563014,0.238646636,0.372412288
83022.js,0.402436294,0.585494193,0.404329016,0.485927183,-1
83042.js,0.200791658,0.769800359,0.200791658,0.183161243,0.804030252
83083.js,1,-1,1,0.026919095,-1
83096.js,0.464412607,0.567706308,0.448958284,0.552096374,-1
83154.js,0.457274965,0.743299216,0.457274965,0.089989976,0.793828656
83287.js,0.416345348,0.585657187,0.416345348,0.089989976,0.657345008
83488.js,0.405883381,0.502002017,0.405981409,0.263944516,-1
83510.js,0.420050618,0.59780843,0.420050618,0.12652235,0.690336948
83582.js,0.422272732,0.589240917,0.422272732,0.12652235,0.674804398
83628.js,0.459848764,0.615876557,0.459848764,0.263944516,0.755966
83803.js,0.409493672,0.483670004,0.409594919,0.263944516,-1
83881.js,0.454541756,0.654469103,-1,0.503550848,0.769505462
83941.js,0.522361764,-1,-1,0.404151422,-1
83992.js,0.328903598,0.729203155,0.328903598,0.258978905,0.798142684
84008.js,0.381075344,0.488202399,0.384033871,0.400490156,-1
84075.js,0.23588434,0.656532164,0.23588434,0.215726313,0.838144009
8420.js,-1,-1,-1,-1,-1
84203.js,0.101101261,0.833333333,0.101101261,0.093250481,0.833333333
8424.js,0.1014475,0.833333333,0.1014475,0.093250481,0.833333333
84248.js,0.553584934,0.638529847,-1,0.441969868,-1
84337.js,0.150234926,0.519875245,0.150234926,0.138443731,0.519875245
84365.js,0.23116299,0.787947763,-1,0.163154354,0.787947763
84574.js,-1,-1,-1,-1,-1
84607.js,-1,-1,-1,-1,-1
84732.js,-1,-1,-1,-1,-1
84770.js,-1,-1,-1,-1,-1
84901.js,0.31776238,0.724224349,0.319070947,0.240176962,0.836046077
84950.js,1,-1,1,0.109896746,-1
84966.js,0.455770138,0.656376633,0.452935778,0.57144336,-1
85252.js,-1,-1,-1,-1,-1
85373.js,0.195335104,0.916666667,0.195335104,0.116563101,0.916666667
85388.js,0.789473684,-1,0.789473684,0.139739324,-1
85464.js,-1,-1,-1,-1,-1
85769.js,0.359210604,0.713267488,0.359210604,0.388232711,0.910446301
85776.js,0.31225466,0.588178066,0.31225466,0.340528564,0.819836049
86047.js,0.252462937,0.931818182,0.252462937,0.218088474,0.931818182
86050.js,0.343309601,0.677484016,0.343518364,0.309228543,0.738695353
86060.js,0.439289685,0.650225186,-1,0.502884655,0.726297843
86065.js,0.423165914,0.584684582,0.423371884,0.46431375,0.675135602
86229.js,-1,-1,-1,-1,-1
86235.js,0.219870263,0.911764706,0.219870263,0.195865187,0.911764706
86436.js,0.215130174,0.892857143,0.215130174,0.201444062,0.892857143
86504.js,0.892857143,-1,0.892857143,0.201444062,-1
86507.js,0.237491977,0.522197856,0.237491977,0.231566812,0.810810811
86715.js,0.352406108,0.557007623,0.352406108,0.40114832,0.847791248
86735.js,0.483841978,0.617506588,-1,0.535887462,0.655050066
86811.js,0.240141066,0.888956637,0.240333102,0.210675243,0.888956637
86832.js,0.57155065,0.774109808,0.571787562,0.474091868,0.776640964
86969.js,0.504234024,0.661184331,0.503675935,0.613986271,0.78959393
87032.js,0.101101261,0.833333333,0.101101261,0.093250481,0.833333333
87083.js,0.1014475,0.833333333,0.1014475,0.093250481,0.833333333
87103.js,0.187541185,0.806451613,0.187541185,0.150424054,0.806451613
87319.js,0.233370379,0.705958693,0.233725856,0.083716403,0.705958693
87347.js,0.269578965,0.750048429,0.269959458,0.073466328,0.750048429
87349.js,0.254570275,0.67745852,0.25494164,0.055566057,0.67745852
87389.js,0.314861086,0.632565248,0.315682108,0.136371514,0.729405783
87599.js,0.277896525,0.691310307,0.278494796,0.051524241,0.691310307
87656.js,-1,-1,-1,-1,-1
87741.js,0.342223782,0.713452467,0.342223782,0.319260174,0.800710086
87771.js,-1,-1,-1,-1,-1
878.js,-1,-1,-1,-1,-1
87836.js,-1,-1,-1,-1,-1
87868.js,0.130078721,0.8,0.130078721,0.120385853,0.8
87950.js,0.209959692,0.773020683,0.209959692,0.148055023,0.802955069
88026.js,0.545239096,0.646945445,-1,0.448947998,-1
88048.js,-1,-1,-1,-1,-1
88097.js,-1,-1,-1,-1,-1
88158.js,-1,-1,-1,-1,-1
88228.js,-1,-1,-1,-1,-1
88245.js,0.11854467,0.75,0.11854467,0.098907071,0.75
88281.js,0.254937145,0.603022689,0.254937145,0.215352761,0.676123404
88292.js,-1,-1,-1,-1,-1
88338.js,0.277015291,0.694537352,0.277015291,0.226652239,0.744208408
8835.js,-1,-1,-1,-1,-1
88368.js,0.531046237,0.70839293,-1,0.692169989,0.848631626
88502.js,0.116543309,0.875,0.116543309,0.10767638,0.875
88562.js,0.58942948,0.799252758,0.58942948,0.387254964,-1
88584.js,0.253687883,0.668268119,0.253687883,0.215352761,0.74246212
88669.js,0.384731117,0.657468598,0.384940608,0.357136646,0.704154339
88692.js,0.247241838,0.800250117,0.247630278,0.219455087,0.800250117
88800.js,0.539138785,0.679021564,-1,0.559405259,-1
88889.js,0.506811323,0.730379836,0.507184665,0.586693237,-1
88940.js,-1,-1,-1,-1,-1
88949.js,-1,-1,-1,-1,-1
89049.js,-1,-1,-1,-1,-1
89104.js,-1,-1,-1,-1,-1
89136.js,-1,-1,-1,-1,-1
89236.js,-1,-1,-1,-1,-1
89372.js,0.172448975,0.595071599,0.172448975,0.10107237,0.693219824
89411.js,-1,-1,-1,-1,-1
89423.js,-1,-1,-1,-1,-1
89559.js,0.123928858,0.888888889,0.123928858,0.063448916,0.888888889
89608.js,0.399149542,0.790645992,0.399149542,0.340614601,0.790645992
89708.js,0.281645213,0.407312286,0.281645213,0.327479816,-1
89812.js,-1,-1,-1,-1,-1
89933.js,0.273647797,0.5282938,0.273647797,0.22813675,0.5995889
90007.js,-1,-1,-1,-1,-1
9008.js,-1,-1,-1,-1,-1
90247.js,-1,-1,-1,-1,-1
90873.js,0.409605779,0.625666713,0.40886831,0.42895854,-1
90997.js,0.439972033,0.624229147,0.49015823,0.288562827,0.624229147
9117.js,1,-1,0.833333333,0.139875721,-1
91212.js,-1,-1,-1,-1,-1
91304.js,-1,-1,-1,-1,-1
91307.js,-1,-1,-1,-1,-1
91308.js,-1,-1,-1,-1,-1
91312.js,0.41284234,0.706518319,0.41284234,0.289287668,0.768917217
91329.js,-1,-1,-1,-1,-1
91373.js,-1,-1,-1,-1,-1
91394.js,0.200223919,0.818557734,0.200223919,0.14363447,0.818557734
91446.js,0.321851138,0.660672111,0.321851138,0.301383075,0.716743049
91599.js,-1,-1,-1,-1,-1
91612.js,-1,-1,-1,-1,-1
91677.js,0.375053019,0.643333157,0.375231234,0.374110401,0.724035001
91734.js,0.459328236,0.681116484,0.454682618,0.359249464,0.739863793
91748.js,0.439195464,0.636047215,0.439828311,0.324893927,0.696470635
91874.js,-1,-1,-1,-1,-1
91909.js,-1,-1,-1,-1,-1
92077.js,0.530243244,0.651429256,0.44394389,0.358062331,-1
9218.js,-1,-1,-1,-1,-1
92546.js,0.385467014,0.547231412,0.385986441,0.40992259,-1
92794.js,0.278807491,0.724311483,0.278807491,0.232070986,0.861817101
93065.js,-1,-1,-1,-1,-1
93155.js,-1,-1,-1,-1,-1
93183.js,-1,-1,-1,-1,-1
93312.js,-1,-1,-1,-1,-1
93316.js,-1,-1,-1,-1,-1
93366.js,-1,-1,-1,-1,-1
93449.js,0.270131116,1,0.270131116,0.069763669,1
9348.js,-1,-1,-1,-1,-1
9375.js,-1,-1,-1,-1,-1
93824.js,0.494568344,0.6092126,0.504620737,0.42921825,-1
93844.js,0.475228858,0.646949143,0.474463438,0.544354486,-1
93979.js,0.439317787,0.52620109,0.440298622,0.211554261,-1
94051.js,0.427898286,-1,-1,0.170796817,-1
94210.js,0.168606327,0.941176471,0.168606327,0.120031255,0.941176471
94270.js,0.24555564,0.352124323,0.246522779,0.22559706,-1
94309.js,0.282842712,0.774596669,0.282842712,0.150236886,0.981481481
94320.js,0.443914232,0.610353653,0.415113059,0.444879431,0.876665624
94449.js,0.376437338,0.714430233,-1,0.321360479,0.794408067
94637.js,0.093521953,0.857142857,0.093521953,0.071944308,0.857142857
94660.js,-1,-1,-1,-1,-1
94680.js,-1,-1,-1,-1,-1
94705.js,0.131923902,0.785714286,0.131923902,0.122093539,0.785714286
94749.js,0.226376981,0.535383282,0.226376981,0.156464062,0.740356046
94934.js,0.278780469,0.776659752,0.279197493,0.208576463,0.877328008
94937.js,0.374827784,0.780735023,0.374827784,0.280328845,0.950851615
95059.js,0.141776241,1,0.141776241,0.109896746,1
95121.js,0.405624233,0.635681129,0.407028997,0.458002059,-1
95177.js,0.411056046,0.488441359,0.403296775,0.475565457,-1
95188.js,0.202444083,0.88,0.202444083,0.167505137,0.88
95239.js,0.449621639,0.522638608,0.467151062,0.215761754,-1
95304.js,0.370711344,0.555069564,0.370711344,0.430356363,0.724890346
95349.js,0.501226739,1,0.501226739,0.00669212,1
95354.js,0.514094709,1,0.514094709,0.005236093,1
95511.js,0.48229766,0.795674957,0.483554628,0.471014394,0.845698995
95745.js,0.295382315,0.479257238,0.295663231,0.132059129,0.574749579
95768.js,0.390295266,0.388118298,0.320820177,0.291516975,-1
96010.js,0.547534284,0.70878329,0.569123814,0.325334182,0.666626448
96163.js,-1,-1,-1,-1,-1
96286.js,0.41788032,0.7623625,0.41788032,0.338326592,0.84816922
96412.js,0.345634326,0.809120267,0.345634326,0.298615379,0.890398219
96460.js,0.197867918,0.958333333,0.197867918,0.155417468,0.958333333
96609.js,0.469476478,0.75,0.469476478,0.378998694,0.75
9680.js,-1,-1,-1,-1,-1
96866.js,0.186073573,0.707317073,0.186073573,0.071345202,0.707317073
96992.js,0.349746628,0.436270769,-1,0.546181177,-1
97023.js,0.344194372,0.773497437,-1,0.291174533,0.876230215
971.js,0.181220094,0.75,0.181220094,0.161738741,0.75
97154.js,0.263613556,0.335653319,0.278147902,0.325903947,0.547115711
97160.js,0.255839899,0.826086957,-1,0.190842658,0.826086957
97327.js,-1,-1,-1,-1,-1
97352.js,-1,-1,-1,-1,-1
97548.js,-1,-1,-1,-1,-1
97966.js,0.525017107,0.784329242,-1,0.514843166,0.849234902
97999.js,0.24931195,0.760126526,0.24931195,0.185776683,0.953488372
9814.js,0.231569919,0.733535213,0.231569919,0.222323902,0.758129781
98605.js,0.346448638,0.817662173,0.346448638,0.223482122,0.830210151
98613.js,0.302694146,0.752688172,0.302694146,0.173694736,0.752688172
98791.js,0.357537339,0.528657747,0.358037391,0.31896572,-1
98837.js,-1,-1,-1,-1,-1
98858.js,-1,-1,-1,-1,-1
98893.js,0.415520164,0.723047457,0.415520164,0.267635185,0.797280085
98898.js,0.497550425,0.654749338,0.497550425,0.403621582,0.735706394
98983.js,0.435274401,0.705886825,-1,0.3985874,0.817102982
99018.js,0.405519831,0.534913708,0.405519831,0.448153913,-1
99031.js,0.392872668,0.706319386,0.393273354,0.314329083,-1
99032.js,0.467062299,0.597307103,-1,0.464455328,-1
99044.js,0.465796704,0.624144751,0.465796704,0.406781209,-1
99156.js,0.317355389,0.720858621,0.317355389,0.197731805,0.777825793
99219.js,-1,-1,-1,-1,-1
99227.js,-1,-1,-1,-1,-1
99288.js,0.51920659,-1,0.523605628,0.031522858,0.68665803
99502.js,0.198467266,0.698379902,0.198467266,0.165675578,0.724743075
9958.js,0.146344812,0.658280589,0.146344812,0.137260991,0.923076923
99582.js,0.324984574,0.742583799,0.324984574,0.282687005,0.852111642
99601.js,0.311865795,0.468840698,0.311865795,0.348223263,-1
99611.js,0.564892915,0.667726633,-1,0.543313211,-1
99912.js,-1,-1,-1,-1,-1
99925.js,-1,-1,-1,-1,-1
99957.js,-1,-1,-1,-1,-1
99986.js,0.142253603,0.916666667,0.142253603,0.12088642,0.916666667
99988.js,0.261368041,0.722891566,0.261368041,0.100287695,0.722891566