FileName,ugly,recover,jsdec,illu,sd,safe
10007.js,1.0,1.0,-1.0,1.0,0.2816117901313898,-1.0
100111.js,-1.0,1.0,-1.0,-1.0,-1.0,-1.0
100217.js,-1.0,1.0,-1.0,-1.0,-1.0,-1.0
100402.js,-1.0,1.0,-1.0,-1.0,-1.0,-1.0
100420.js,-1.0,1.0,-1.0,-1.0,-1.0,-1.0
100516.js,1.0,1.0,-1.0,0.954535094805252,0.3983611476019104,-1.0
100601.js,-1.0,1.0,-1.0,-1.0,-1.0,-1.0
100610.js,-1.0,1.0,-1.0,-1.0,-1.0,-1.0
100691.js,1.0,1.0,-1.0,1.0,0.21656642762976494,1.0
10085.js,-1.0,1.0,-1.0,-1.0,-1.0,-1.0
100896.js,1.0,1.0,-1.0,-1.0,0.27966182685271207,-1.0
101009.js,1.0,1.0,-1.0,0.8944271909999159,0.12038585308576921,1.0
101261.js,1.0,1.0,-1.0,-1.0,0.26030430005647975,1.0
101576.js,1.0,1.0,-1.0,-1.0,0.10072203103706698,-1.0
101611.js,-1.0,1.0,-1.0,-1.0,-1.0,-1.0
102055.js,1.0,1.0,-1.0,1.0,0.09421683286017897,1.0
102202.js,1.0,1.0,-1.0,1.0,0.07770873402002615,1.0
104155.js,1.0,1.0,-1.0,1.0,0.1749741181689038,0.926302172234155
104250.js,1.0,1.0,-1.0,-1.0,0.3872583738787929,-1.0
104310.js,-1.0,1.0,-1.0,-1.0,-1.0,-1.0
104333.js,1.0,1.0,-1.0,1.0,0.4455702945691652,0.9342735856627505
104359.js,1.0,1.0,-1.0,0.9779929962439815,0.45638179436421805,0.9694236130800982
104431.js,1.0,1.0,-1.0,0.9817550484752353,0.49604114903467594,0.9137407984034874
104510.js,0.9990907994394665,1.0,-1.0,-1.0,0.377329018271007,-1.0
10485.js,-1.0,1.0,-1.0,-1.0,-1.0,-1.0
10805.js,-1.0,1.0,-1.0,-1.0,-1.0,-1.0
10884.js,-1.0,1.0,-1.0,-1.0,-1.0,-1.0
11062.js,1.0,1.0,-1.0,1.0,0.26030430005647975,-1.0
1111.js,1.0,1.0,-1.0,-1.0,0.2771289337670838,-1.0
1115.js,1.0,1.0,-1.0,1.0,0.29025620603376195,-1.0
11216.js,-1.0,1.0,-1.0,-1.0,-1.0,-1.0
11245.js,-1.0,1.0,-1.0,-1.0,-1.0,-1.0
1130.js,-1.0,1.0,-1.0,-1.0,-1.0,-1.0
11429.js,1.0,1.0,-1.0,1.0,0.2516087893381316,-1.0
1225.js,1.0,1.0,-1.0,-1.0,0.4575931037005801,-1.0
12339.js,-1.0,1.0,-1.0,-1.0,-1.0,-1.0
12476.js,-1.0,1.0,-1.0,-1.0,-1.0,-1.0
1255.js,1.0,1.0,-1.0,1.0,0.2938390064189132,-1.0
12627.js,1.0,1.0,-1.0,1.0,0.296806212400759,-1.0
1263.js,-1.0,1.0,-1.0,-1.0,-1.0,-1.0
1281.js,1.0,1.0,-1.0,0.9438359551220481,0.2984391372685165,-1.0
13025.js,1.0,1.0,-1.0,1.0,0.2284160962880643,-1.0
13048.js,1.0,1.0,-1.0,1.0,0.21614823853578016,0.701293708439678
13070.js,1.0,1.0,-1.0,-1.0,0.1446635276491074,-1.0
13131.js,1.0,1.0,-1.0,1.0,0.12986260094871308,-1.0
13134.js,1.0,1.0,-1.0,0.8167395497118357,0.2114722130550724,-1.0
13201.js,1.0,1.0,-1.0,1.0,0.18682446746213965,-1.0
13312.js,1.0,1.0,-1.0,1.0,0.15904855449750882,-1.0
13476.js,1.0,1.0,-1.0,1.0,0.17918432802946588,-1.0
13501.js,1.0,1.0,-1.0,1.0,0.17918432802946588,-1.0
13522.js,1.0,1.0,-1.0,1.0,0.17918432802946588,-1.0
13554.js,1.0,1.0,-1.0,1.0,0.08633316946034313,-1.0
13560.js,1.0,1.0,-1.0,1.0,0.17946978994062196,0.8206518066482898
1363.js,-1.0,1.0,-1.0,-1.0,-1.0,-1.0
13693.js,1.0,1.0,-1.0,1.0,0.20204270845206798,-1.0
138.js,1.0,1.0,-1.0,-1.0,0.43901965769808343,-1.0
1407.js,1.0,1.0,-1.0,0.9907840941940346,0.47370706844223887,-1.0
14959.js,1.0,1.0,-1.0,1.0,0.04316658473017156,0.4364357804719848
14977.js,1.0,1.0,-1.0,1.0,0.1076763804116331,-1.0
15193.js,1.0,1.0,-1.0,1.0,0.05710402407201607,1.0
15741.js,1.0,1.0,-1.0,1.0,0.07122123116119197,-1.0
15783.js,1.0,1.0,-1.0,-1.0,0.07194430788361927,1.0
1590.js,1.0,1.0,-1.0,-1.0,0.2893888265349628,-1.0
1616.js,1.0,1.0,-1.0,-1.0,0.5901446160858489,-1.0
1689.js,-1.0,1.0,-1.0,-1.0,-1.0,-1.0
17034.js,1.0,1.0,-1.0,1.0,0.05710402407201607,-1.0
17041.js,1.0,1.0,-1.0,1.0,0.05710402407201607,-1.0
17294.js,0.9780192938436515,1.0,-1.0,0.9780192938436515,0.08731808887763519,-1.0
17302.js,1.0,1.0,-1.0,1.0,0.04662524041201569,-1.0
17395.js,-1.0,1.0,-1.0,-1.0,-1.0,-1.0
17569.js,1.0,1.0,-1.0,1.0,0.017025130615174973,-1.0
1798.js,-1.0,1.0,-1.0,-1.0,-1.0,-1.0
1804.js,-1.0,1.0,-1.0,-1.0,-1.0,-1.0
1836.js,-1.0,1.0,-1.0,-1.0,-1.0,-1.0
18831.js,1.0,1.0,-1.0,1.0,0.35543078792335064,0.9494245535078306
18884.js,1.0,1.0,-1.0,1.0,0.35404494924649965,0.9518601451101188
18887.js,1.0,1.0,-1.0,1.0,0.35200244872120406,0.9752330089100024
1891.js,-1.0,1.0,-1.0,-1.0,-1.0,-1.0
19194.js,1.0,1.0,-1.0,1.0,0.19048769231433846,-1.0
19199.js,1.0,1.0,-1.0,1.0,0.3117191964440901,-1.0
19250.js,-1.0,1.0,-1.0,-1.0,-1.0,-1.0
19689.js,-1.0,1.0,-1.0,-1.0,-1.0,-1.0
19742.js,1.0,1.0,-1.0,1.0,0.12670245343199008,0.5547001962252291
19764.js,1.0,1.0,-1.0,1.0,0.26776202996099363,0.9304083928170915
1988.js,1.0,1.0,-1.0,1.0,0.40585712616692476,-1.0
19942.js,1.0,1.0,-1.0,0.9650608087224452,0.2599350243648482,0.8558195228568449
19970.js,1.0,1.0,-1.0,1.0,0.21210066083891685,0.9053541010220679
19974.js,1.0,1.0,-1.0,1.0,0.33305747210199377,0.9782498867943312
20055.js,1.0,1.0,-1.0,1.0,0.26648544566940835,0.926302172234155
20087.js,1.0,1.0,-1.0,1.0,0.25772277116069553,-1.0
20200.js,-1.0,1.0,-1.0,-1.0,-1.0,-1.0
2023.js,-1.0,1.0,-1.0,-1.0,-1.0,-1.0
20278.js,1.0,1.0,-1.0,1.0,0.03806934938134405,-1.0
20351.js,1.0,1.0,-1.0,-1.0,0.126922232354205,-1.0
20358.js,1.0,1.0,-1.0,1.0,0.14388861576723855,-1.0
2039.js,-1.0,1.0,-1.0,-1.0,-1.0,-1.0
20447.js,1.0,1.0,-1.0,1.0,0.16750513727791383,1.0
20458.js,1.0,1.0,-1.0,1.0,0.2054377162259489,0.9051114573693303
20473.js,1.0,1.0,-1.0,1.0,0.2054377162259489,0.9051114573693303
20481.js,1.0,1.0,-1.0,1.0,0.2054377162259489,1.0
20524.js,1.0,1.0,-1.0,1.0,0.15322617553657475,1.0
20688.js,1.0,1.0,-1.0,1.0,0.26390913801210825,-1.0
2096.js,-1.0,1.0,-1.0,-1.0,-1.0,-1.0
21.js,1.0,1.0,-1.0,-1.0,0.33746388082265427,-1.0
2101.js,-1.0,1.0,-1.0,-1.0,-1.0,-1.0
21166.js,1.0,1.0,-1.0,-1.0,0.23008600120796813,0.24282146558931603
2122.js,-1.0,1.0,-1.0,-1.0,-1.0,-1.0
2125.js,-1.0,1.0,-1.0,-1.0,-1.0,-1.0
21279.js,-1.0,1.0,-1.0,-1.0,-1.0,-1.0
21552.js,1.0,1.0,-1.0,1.0,0.23574681237784278,0.9478411467100529
21674.js,1.0,1.0,-1.0,1.0,0.10151826501691746,1.0
21744.js,1.0,1.0,-1.0,1.0,0.1318760946791574,1.0
21789.js,1.0,1.0,-1.0,1.0,0.10151826501691746,1.0
218.js,1.0,1.0,-1.0,-1.0,0.6254017005375149,-1.0
21808.js,1.0,1.0,-1.0,1.0,0.10151826501691746,1.0
22074.js,1.0,1.0,-1.0,1.0,0.3290546651011025,0.9467292624062575
22080.js,1.0,1.0,-1.0,0.9942362632324556,0.2832535227310243,0.9661586475831707
22366.js,1.0,1.0,-1.0,0.9895285072531598,0.18324851568672418,-1.0
22499.js,1.0,1.0,-1.0,1.0,0.24174061031226587,-1.0
22516.js,1.0,1.0,-1.0,1.0,0.26592327067279803,0.2829125760578692
22586.js,1.0,1.0,-1.0,1.0,0.22322066933590978,-1.0
22601.js,1.0,1.0,-1.0,1.0,0.18855767604356738,-1.0
23434.js,1.0,1.0,-1.0,0.9863939238321437,0.1395876143982615,-1.0
23633.js,-1.0,1.0,-1.0,-1.0,-1.0,-1.0
23660.js,1.0,1.0,-1.0,1.0,0.06216698721602092,-1.0
23866.js,1.0,1.0,-1.0,1.0,0.06216698721602092,-1.0
23895.js,1.0,1.0,-1.0,1.0,0.06216698721602092,-1.0
23938.js,1.0,1.0,-1.0,-1.0,0.12943578789656976,-1.0
24171.js,1.0,1.0,-1.0,-1.0,0.12670245343199008,-1.0
24176.js,1.0,1.0,-1.0,-1.0,0.16669816967548534,-1.0
24270.js,1.0,1.0,-1.0,1.0,0.34466967988529423,-1.0
24292.js,1.0,1.0,-1.0,1.0,0.1278657017388143,0.926302172234155
24340.js,1.0,1.0,-1.0,1.0,0.10330506647252728,0.8058229640253802
24347.js,1.0,1.0,-1.0,1.0,0.18526991874495444,0.937384995085559
24371.js,1.0,1.0,-1.0,0.9863939238321437,0.19034674690672027,0.9863939238321437
24432.js,1.0,1.0,-1.0,1.0,0.3159755998651556,0.9307386903980739
24438.js,0.9838709677419355,1.0,-1.0,0.967741935483871,0.24174061031226587,0.9105992006824121
24506.js,1.0,1.0,-1.0,0.9797958971132713,0.1476465946380497,-1.0
24615.js,1.0,1.0,-1.0,-1.0,0.2549362738962934,-1.0
24860.js,1.0,1.0,-1.0,0.9630192533328724,0.4946673838998322,-1.0
24862.js,1.0,1.0,-1.0,0.9955957870501441,0.5566241299408297,0.9713267711625653
24907.js,1.0,1.0,-1.0,0.9986352216323696,0.2508719583497341,-1.0
24913.js,1.0,1.0,-1.0,1.0,0.4101497967635997,-1.0
2496.js,1.0,1.0,-1.0,1.0,0.09421683286017897,1.0
24988.js,-1.0,1.0,-1.0,-1.0,-1.0,-1.0
25001.js,-1.0,1.0,-1.0,-1.0,-1.0,-1.0
26383.js,-1.0,1.0,-1.0,-1.0,-1.0,-1.0
26398.js,-1.0,1.0,-1.0,-1.0,-1.0,-1.0
26541.js,-1.0,1.0,-1.0,-1.0,-1.0,-1.0
2656.js,1.0,1.0,-1.0,1.0,0.20239402624208683,0.9304083928170915
27178.js,-1.0,1.0,-1.0,-1.0,-1.0,-1.0
27182.js,-1.0,1.0,-1.0,-1.0,-1.0,-1.0
27247.js,-1.0,1.0,-1.0,-1.0,-1.0,-1.0
27258.js,-1.0,1.0,-1.0,-1.0,-1.0,-1.0
27353.js,-1.0,1.0,-1.0,-1.0,-1.0,-1.0
27441.js,-1.0,1.0,-1.0,-1.0,-1.0,-1.0
27443.js,-1.0,1.0,-1.0,-1.0,-1.0,-1.0
28688.js,1.0,1.0,-1.0,1.0,0.21859282926346815,0.865943591361245
28808.js,1.0,1.0,-1.0,1.0,0.21859282926346815,0.865943591361245
29258.js,1.0,1.0,-1.0,1.0,0.21859282926346815,0.865943591361245
29491.js,1.0,1.0,-1.0,-1.0,0.48230045392710663,0.8851409923120647
29533.js,1.0,1.0,-1.0,1.0,0.22841609628806428,0.8871697832693638
29651.js,1.0,1.0,-1.0,1.0,0.21859282926346815,0.865943591361245
29913.js,-1.0,1.0,-1.0,-1.0,-1.0,-1.0
300.js,-1.0,1.0,-1.0,-1.0,-1.0,-1.0
30403.js,-1.0,1.0,-1.0,-1.0,-1.0,-1.0
3062.js,1.0,1.0,-1.0,1.0,0.11191907753901595,1.0
30876.js,-1.0,1.0,-1.0,-1.0,-1.0,-1.0
30894.js,-1.0,1.0,-1.0,-1.0,-1.0,-1.0
320.js,-1.0,1.0,-1.0,-1.0,-1.0,-1.0
32279.js,-1.0,1.0,-1.0,-1.0,-1.0,-1.0
32369.js,-1.0,1.0,-1.0,-1.0,-1.0,-1.0
32556.js,-1.0,1.0,-1.0,-1.0,-1.0,-1.0
32745.js,-1.0,1.0,-1.0,-1.0,-1.0,-1.0
32843.js,-1.0,1.0,-1.0,-1.0,-1.0,-1.0
32846.js,-1.0,1.0,-1.0,-1.0,-1.0,-1.0
33031.js,-1.0,1.0,-1.0,-1.0,-1.0,-1.0
3354.js,1.0,1.0,-1.0,1.0,0.10151826501691746,1.0
337.js,-1.0,1.0,-1.0,-1.0,-1.0,-1.0
34209.js,-1.0,1.0,-1.0,-1.0,-1.0,-1.0
34522.js,-1.0,1.0,-1.0,-1.0,-1.0,-1.0
34526.js,-1.0,1.0,-1.0,-1.0,-1.0,-1.0
34553.js,-1.0,1.0,-1.0,-1.0,-1.0,-1.0
34631.js,-1.0,1.0,-1.0,-1.0,-1.0,-1.0
34651.js,-1.0,1.0,-1.0,-1.0,-1.0,-1.0
34903.js,-1.0,1.0,-1.0,-1.0,-1.0,-1.0
34947.js,-1.0,1.0,-1.0,-1.0,-1.0,-1.0
35829.js,-1.0,1.0,-1.0,-1.0,-1.0,-1.0
36516.js,-1.0,1.0,-1.0,-1.0,-1.0,-1.0
3659.js,1.0,1.0,-1.0,1.0,0.08633316946034313,1.0
3718.js,1.0,1.0,-1.0,1.0,0.07645528515426074,1.0
37277.js,-1.0,1.0,-1.0,-1.0,-1.0,-1.0
37699.js,-1.0,1.0,-1.0,-1.0,-1.0,-1.0
38411.js,-1.0,1.0,-1.0,-1.0,-1.0,-1.0
38607.js,-1.0,1.0,-1.0,-1.0,-1.0,-1.0
38617.js,-1.0,1.0,-1.0,-1.0,-1.0,-1.0
38815.js,1.0,1.0,-1.0,1.0,0.21859282926346815,0.865943591361245
38970.js,1.0,1.0,-1.0,1.0,0.21859282926346815,0.865943591361245
39287.js,1.0,1.0,-1.0,-1.0,0.48230045392710663,0.8851409923120647
4041.js,1.0,1.0,-1.0,-1.0,0.6215023592129114,0.922303718633441
40486.js,1.0,1.0,-1.0,1.0,0.21859282926346815,0.865943591361245
4075.js,1.0,1.0,-1.0,-1.0,0.40882538697218745,0.9635793938330057
4089.js,1.0,1.0,-1.0,0.7559289460184544,0.10151826501691746,0.769800358919501
41351.js,1.0,1.0,-1.0,1.0,0.21859282926346815,0.865943591361245
4139.js,0.9998198522788687,1.0,-1.0,-1.0,0.3300823928579685,-1.0
4165.js,1.0,1.0,-1.0,-1.0,0.5109983698115349,0.9739421345343697
41759.js,1.0,1.0,-1.0,1.0,0.21859282926346815,0.865943591361245
42622.js,1.0,1.0,-1.0,1.0,0.22841609628806428,0.8871697832693638
42722.js,1.0,1.0,-1.0,1.0,0.21859282926346815,0.865943591361245
42892.js,1.0,1.0,-1.0,1.0,0.21859282926346815,0.865943591361245
4307.js,1.0,1.0,-1.0,1.0,0.30219606841935576,0.8357448101873575
43149.js,1.0,1.0,-1.0,-1.0,0.48230045392710663,0.8851409923120647
43898.js,1.0,1.0,-1.0,1.0,0.21859282926346815,0.865943591361245
44169.js,1.0,1.0,-1.0,1.0,0.2054377162259489,0.9284141650970551
44354.js,1.0,1.0,-1.0,-1.0,0.48230045392710663,0.8851409923120647
44431.js,1.0,1.0,-1.0,1.0,0.21859282926346815,0.865943591361245
44471.js,1.0,1.0,-1.0,1.0,0.21859282926346815,0.865943591361245
44575.js,1.0,1.0,-1.0,1.0,0.21859282926346815,0.865943591361245
44685.js,1.0,1.0,-1.0,1.0,0.21859282926346815,0.865943591361245
448.js,-1.0,1.0,-1.0,-1.0,-1.0,-1.0
45063.js,1.0,1.0,-1.0,1.0,0.21859282926346815,0.865943591361245
45107.js,1.0,1.0,-1.0,1.0,0.21859282926346815,0.865943591361245
45220.js,1.0,1.0,-1.0,1.0,0.21859282926346815,0.865943591361245
45324.js,1.0,1.0,-1.0,1.0,0.22430015382565205,0.8908708063747479
45485.js,1.0,1.0,-1.0,-1.0,0.3832230465168327,-1.0
45491.js,1.0,1.0,-1.0,1.0,0.3855274491170744,-1.0
45493.js,1.0,1.0,-1.0,0.9957180783005255,0.3897634619399083,-1.0
45502.js,1.0,1.0,-1.0,-1.0,0.30811176111332045,-1.0
45505.js,0.9985482700217759,1.0,-1.0,-1.0,0.25344663004831786,-1.0
45510.js,1.0,1.0,-1.0,1.0,0.382000008032337,-1.0
45545.js,1.0,1.0,-1.0,1.0,0.3695676765607734,0.9316772318036984
45639.js,-1.0,1.0,-1.0,-1.0,-1.0,-1.0
45681.js,-1.0,1.0,-1.0,-1.0,-1.0,-1.0
45730.js,-1.0,1.0,-1.0,-1.0,-1.0,-1.0
45919.js,-1.0,1.0,-1.0,-1.0,-1.0,-1.0
46104.js,-1.0,1.0,-1.0,-1.0,-1.0,-1.0
46413.js,-1.0,1.0,-1.0,-1.0,-1.0,-1.0
46432.js,1.0,1.0,-1.0,1.0,0.18257418583505539,-1.0
4676.js,1.0,1.0,-1.0,1.0,0.32136047869915835,0.899966953306706
4677.js,1.0,1.0,-1.0,1.0,0.3414406378060867,0.8986463755309779
46860.js,-1.0,1.0,-1.0,-1.0,-1.0,-1.0
4698.js,1.0,1.0,-1.0,0.9974059619080592,0.4121127958723669,0.9845884054930225
471.js,-1.0,1.0,-1.0,-1.0,-1.0,-1.0
47113.js,-1.0,1.0,-1.0,-1.0,-1.0,-1.0
47250.js,-1.0,1.0,-1.0,-1.0,-1.0,-1.0
473.js,-1.0,1.0,-1.0,-1.0,-1.0,-1.0
47409.js,-1.0,1.0,-1.0,-1.0,-1.0,-1.0
4764.js,1.0,1.0,-1.0,-1.0,0.529195097879183,0.9073968194863581
4861.js,1.0,1.0,-1.0,-1.0,0.5162511499626589,0.8343755442212392
48748.js,1.0,1.0,-1.0,1.0,0.22578179348125124,-1.0
48769.js,1.0,1.0,-1.0,-1.0,0.34051463548855654,-1.0
48940.js,-1.0,1.0,-1.0,-1.0,-1.0,-1.0
490.js,-1.0,1.0,-1.0,-1.0,-1.0,-1.0
49416.js,-1.0,1.0,-1.0,-1.0,-1.0,-1.0
4945.js,1.0,1.0,-1.0,0.9976824997815539,0.39287554835440686,0.9573664702424208
49662.js,1.0,1.0,-1.0,1.0,0.3128624638470646,0.8426648406178138
49663.js,1.0,1.0,-1.0,1.0,0.31579098712603326,0.8305395344999219
49711.js,1.0,1.0,-1.0,-1.0,0.2716587052140849,-1.0
49847.js,1.0,1.0,-1.0,1.0,0.3370975861804644,-1.0
4998.js,1.0,1.0,-1.0,0.9742446008949094,0.3525271086297344,0.8557296309298302
50055.js,0.998581760738608,1.0,-1.0,-1.0,0.515749042809161,0.9309620535303039
50084.js,1.0,1.0,-1.0,0.9967999917948296,0.559107121729101,0.9238840148157678
50130.js,1.0,1.0,-1.0,-1.0,0.5282698596041504,0.8943602178410536
50145.js,1.0,1.0,-1.0,-1.0,0.6183734552936576,0.7957371596602721
50198.js,1.0,1.0,-1.0,0.9981818166778189,0.5850458771288126,0.9032641836015699
50341.js,0.9981998185222445,1.0,-1.0,0.8697104159070889,0.32650444202503437,0.9804310981221915
50345.js,0.9979818344716921,1.0,-1.0,0.8531901059937433,0.2634972652403698,0.9551249270390708
50370.js,0.9986440671729487,1.0,-1.0,-1.0,0.3507805768266345,0.8631360114365845
50382.js,0.9974715509474418,1.0,-1.0,0.8203881234127376,0.20832125568856052,0.9849370589540278
50402.js,0.9985119047619048,1.0,-1.0,-1.0,0.3591220035190662,0.937896819444353
50435.js,0.9685230024213075,1.0,-1.0,-1.0,0.4318202763842924,0.9503189212679418
50441.js,1.0,1.0,-1.0,-1.0,0.4040538774423946,0.9720113412058948
50453.js,1.0,1.0,-1.0,-1.0,0.40554945520487645,0.9718054766616782
50524.js,1.0,1.0,-1.0,1.0,0.1511014926879634,0.962650940153899
50529.js,1.0,1.0,-1.0,1.0,0.13459547551454137,0.9661876207644757
50552.js,1.0,1.0,-1.0,1.0,0.10777829844714387,0.9632008196945053
50562.js,1.0,1.0,-1.0,1.0,0.10777829844714387,0.9632008196945053
50570.js,1.0,1.0,-1.0,1.0,0.13459547551454137,0.9661876207644757
50600.js,1.0,1.0,-1.0,-1.0,0.2510293817611582,-1.0
50605.js,1.0,1.0,-1.0,1.0,0.4089412425049349,0.9221686165299134
50635.js,1.0,1.0,-1.0,0.9912948134812225,0.22082032247106306,-1.0
50646.js,1.0,1.0,-1.0,1.0,0.34226817119891123,1.0
50674.js,1.0,1.0,-1.0,1.0,0.37880118553701914,1.0
50693.js,1.0,1.0,-1.0,1.0,0.34226817119891123,1.0
50721.js,1.0,1.0,-1.0,-1.0,0.4414612220118371,0.8911789943664515
50732.js,1.0,1.0,-1.0,-1.0,0.35483676715344564,0.9082209356422333
50735.js,1.0,1.0,-1.0,-1.0,0.36730690301343033,0.8866206949335731
50818.js,1.0,1.0,-1.0,1.0,0.2867084012816774,1.0
50889.js,1.0,1.0,-1.0,1.0,0.30150988799770145,1.0
51012.js,1.0,1.0,-1.0,-1.0,0.29585726465030426,0.902577719576067
51042.js,1.0,1.0,-1.0,0.9767585154948384,0.4836533259785721,-1.0
51051.js,1.0,1.0,-1.0,0.989749243780543,0.48623465001102073,-1.0
51070.js,1.0,1.0,-1.0,0.9704873213364341,0.3225932630964945,-1.0
51083.js,1.0,1.0,-1.0,0.8813107365105122,0.5278765875038175,-1.0
5111.js,1.0,1.0,-1.0,1.0,0.17765696377960558,0.9073928715621605
51151.js,1.0,1.0,-1.0,0.9177715539279706,0.30815657433892335,-1.0
51153.js,0.9746835443037974,1.0,-1.0,0.9357434781465523,0.3361784650661658,-1.0
51188.js,1.0,1.0,-1.0,1.0,0.2849148479602902,-1.0
5133.js,0.9837837837837838,1.0,-1.0,0.9837837837837838,0.34706536475264876,0.9067472700065304
5134.js,1.0,1.0,-1.0,0.9943843128697714,0.2801904114466922,0.9724866552788687
51378.js,1.0,1.0,-1.0,0.9034920419292405,0.408518738783796,0.9094409699154584
51515.js,1.0,1.0,-1.0,1.0,0.2985305817483883,-1.0
51603.js,1.0,1.0,-1.0,-1.0,0.20156267822582072,-1.0
51738.js,1.0,1.0,-1.0,1.0,0.330651739461376,-1.0
51803.js,1.0,1.0,-1.0,1.0,0.02098299754613038,1.0
51903.js,1.0,1.0,-1.0,1.0,0.02111707557199835,1.0
5200.js,1.0,1.0,-1.0,0.9854277116745102,0.3402712139673593,0.9331476933964711
52115.js,1.0,1.0,-1.0,1.0,0.039762138624377205,1.0
5213.js,1.0,1.0,-1.0,0.9888264649460884,0.2951022639963662,0.8506963092234008
5214.js,1.0,1.0,-1.0,-1.0,0.6320742985320913,0.9096346439902434
5217.js,1.0,1.0,-1.0,0.9960238411119947,0.3813629257799193,0.8727901877681753
524.js,-1.0,1.0,-1.0,-1.0,-1.0,-1.0
5246.js,1.0,1.0,-1.0,1.0,0.3619236835686263,0.9271086256205445
5259.js,1.0,1.0,-1.0,1.0,0.4126262209992919,0.9234800577397756
5262.js,1.0,1.0,-1.0,1.0,0.3499303850236766,0.847482507775365
52707.js,1.0,1.0,-1.0,-1.0,0.3268825078113594,0.8820097371744761
52733.js,1.0,1.0,-1.0,0.9672131147540983,0.4386852644276354,0.9522837997265794
52883.js,1.0,1.0,-1.0,1.0,0.41123775091936055,-1.0
53082.js,-1.0,1.0,-1.0,-1.0,-1.0,-1.0
53089.js,-1.0,1.0,-1.0,-1.0,-1.0,-1.0
53097.js,0.994583615436696,1.0,-1.0,-1.0,0.5141058726108092,-1.0
53217.js,1.0,1.0,-1.0,-1.0,0.4607833514555722,-1.0
5323.js,1.0,1.0,-1.0,-1.0,0.22849956645211048,0.8804087784801333
53346.js,1.0,1.0,-1.0,1.0,0.4745569672185472,-1.0
53380.js,1.0,1.0,-1.0,1.0,0.3007379386739987,-1.0
53384.js,1.0,1.0,-1.0,1.0,0.3232878750699198,-1.0
53399.js,1.0,1.0,-1.0,1.0,0.410380111297797,-1.0
53473.js,1.0,1.0,-1.0,-1.0,0.3040403473442359,-1.0
53509.js,1.0,1.0,-1.0,0.9939939396675457,0.251914060535486,-1.0
53531.js,1.0,1.0,-1.0,0.9983909884991945,0.28108518754186684,-1.0
53620.js,1.0,1.0,-1.0,1.0,0.32249124618310854,-1.0
53628.js,1.0,1.0,-1.0,-1.0,0.32081507030863543,-1.0
53651.js,1.0,1.0,-1.0,1.0,0.3892023826027481,-1.0
53701.js,1.0,1.0,-1.0,1.0,0.3071375325463843,-1.0
53741.js,1.0,1.0,-1.0,1.0,0.2849696992113355,-1.0
53868.js,1.0,1.0,-1.0,-1.0,0.47918302170094157,-1.0
5394.js,1.0,1.0,-1.0,0.8658295150549296,0.5275801641316772,0.8804814164719635
5396.js,0.9994819696591516,1.0,-1.0,-1.0,0.44362775707104235,0.9349057933422064
53980.js,1.0,1.0,-1.0,0.9129614872757105,0.22430015382565205,-1.0
5403.js,0.9999552086158668,1.0,-1.0,-1.0,0.1406298602144685,-1.0
54129.js,1.0,1.0,-1.0,0.9322488068310079,0.3612650306357487,-1.0
54238.js,-1.0,1.0,-1.0,-1.0,-1.0,-1.0
5431.js,0.9996450124245652,1.0,-1.0,-1.0,0.4604866660669025,0.9245029332223452
54354.js,1.0,1.0,-1.0,-1.0,0.31835408798589554,-1.0
54409.js,1.0,1.0,-1.0,1.0,0.27440332153463365,-1.0
5449.js,1.0,1.0,-1.0,1.0,0.23168268228563862,0.9536323502349631
54815.js,1.0,1.0,-1.0,1.0,0.39248837702130174,-1.0
54874.js,1.0,1.0,-1.0,-1.0,0.4983624340655806,-1.0
55065.js,1.0,1.0,-1.0,0.9680252829993968,0.3956282840374722,-1.0
55073.js,1.0,1.0,-1.0,-1.0,0.3682368374842887,-1.0
5525.js,1.0,1.0,-1.0,-1.0,0.45061844408237917,0.9790597981036254
55287.js,1.0,1.0,-1.0,1.0,0.29887066014847385,-1.0
55289.js,1.0,1.0,-1.0,-1.0,0.41060512547021083,-1.0
55350.js,1.0,1.0,-1.0,-1.0,0.45406566064127984,-1.0
55447.js,1.0,1.0,-1.0,-1.0,0.5448567456273987,-1.0
55483.js,1.0,1.0,-1.0,-1.0,0.32358946974142444,-1.0
55560.js,1.0,1.0,-1.0,-1.0,0.4578507717505198,-1.0
55570.js,1.0,1.0,-1.0,1.0,0.3205372361261746,-1.0
5565.js,1.0,1.0,-1.0,1.0,0.16252090166578842,0.5715476066494082
55685.js,1.0,1.0,-1.0,-1.0,0.2868693679438198,-1.0
55725.js,1.0,1.0,-1.0,0.9890375303788121,0.5203233638961487,-1.0
55733.js,1.0,1.0,-1.0,-1.0,0.4028967298348142,-1.0
55856.js,1.0,1.0,-1.0,0.9881263587150185,0.48012536876985745,-1.0
55876.js,1.0,1.0,-1.0,0.9904419592915451,0.42032554999418703,-1.0
56047.js,1.0,1.0,-1.0,-1.0,0.48823385588864776,-1.0
56064.js,1.0,1.0,-1.0,-1.0,0.28982810315903484,-1.0
56167.js,1.0,1.0,-1.0,-1.0,0.410892245867122,-1.0
56216.js,1.0,1.0,-1.0,1.0,0.4466208206011237,-1.0
5623.js,1.0,1.0,-1.0,-1.0,0.48089618019991565,0.8843701537350864
56348.js,1.0,1.0,-1.0,-1.0,0.4093119004916153,-1.0
56372.js,0.9850746268656716,1.0,-1.0,-1.0,0.3288690891296841,-1.0
56410.js,1.0,1.0,-1.0,-1.0,0.32219128382443984,-1.0
56418.js,1.0,1.0,-1.0,0.7405579991608121,0.4632614025661192,-1.0
5646.js,1.0,1.0,-1.0,1.0,0.17511900715418263,0.9071147352221454
56467.js,1.0,1.0,-1.0,0.790178944402426,0.4419083828894,-1.0
56478.js,1.0,1.0,-1.0,0.6891858365643059,0.3702157460556039,-1.0
56487.js,1.0,1.0,-1.0,0.678115183320868,0.24896922265563626,-1.0
5649.js,1.0,1.0,-1.0,-1.0,0.46081236792754915,0.9500405018779643
56547.js,1.0,1.0,-1.0,-1.0,0.5754685745887881,-1.0
56601.js,1.0,1.0,-1.0,0.8684168428648436,0.3293165196071991,-1.0
56727.js,1.0,1.0,-1.0,0.9163658174683431,0.4119956365339483,-1.0
56892.js,1.0,1.0,-1.0,1.0,0.2173464411954911,1.0
56923.js,1.0,1.0,-1.0,-1.0,0.3811340418996142,-1.0
57025.js,1.0,1.0,-1.0,0.6691802431349851,0.2087381591813683,-1.0
5711.js,1.0,1.0,-1.0,1.0,0.32850460138735416,0.9764020132327685
57194.js,1.0,1.0,-1.0,0.969302020771099,0.38824402270763136,-1.0
57223.js,1.0,1.0,-1.0,0.9967308330398386,0.5071891492681453,-1.0
57339.js,1.0,1.0,-1.0,1.0,0.0659380473395787,1.0
57426.js,1.0,1.0,-1.0,1.0,0.20653256202700415,1.0
57449.js,1.0,1.0,-1.0,1.0,0.3279024492370687,0.9659573685063044
57455.js,0.948220064724919,1.0,-1.0,-1.0,0.23822585815845693,-1.0
57481.js,1.0,1.0,-1.0,0.9911601453226248,0.24509489202586757,-1.0
57567.js,1.0,1.0,-1.0,1.0,0.13761249241123732,-1.0
5758.js,1.0,1.0,-1.0,0.8791263000676229,0.4781996949394318,0.8784664459746295
57583.js,1.0,1.0,-1.0,-1.0,0.32921770745077455,-1.0
57591.js,1.0,1.0,-1.0,-1.0,0.23455410770264046,-1.0
57617.js,1.0,1.0,-1.0,-1.0,0.2390998474697159,-1.0
57674.js,1.0,1.0,-1.0,1.0,0.026919095102908276,1.0
57698.js,1.0,1.0,-1.0,1.0,0.2543615398613999,-1.0
5784.js,1.0,1.0,-1.0,-1.0,0.4467335726678566,0.8593077487050632
57951.js,1.0,1.0,-1.0,1.0,0.33239424408950935,-1.0
57964.js,1.0,1.0,-1.0,1.0,0.3753110935548981,-1.0
57973.js,-1.0,1.0,-1.0,-1.0,-1.0,-1.0
58032.js,-1.0,1.0,-1.0,-1.0,-1.0,-1.0
58229.js,1.0,1.0,-1.0,1.0,0.35208769419070446,0.8854995124495614
58294.js,1.0,1.0,-1.0,0.8299250027587323,0.27031025295064476,0.699205898780101
58412.js,1.0,1.0,-1.0,1.0,0.2782983390059016,0.9066867635238646
58487.js,1.0,1.0,-1.0,-1.0,0.4047174655071816,0.9253867350392041
58550.js,1.0,1.0,-1.0,0.7352146220938077,0.2113334704886859,1.0
58570.js,1.0,1.0,-1.0,1.0,0.20997257457761503,0.7980238751210128
58616.js,1.0,1.0,-1.0,1.0,0.26734081947616867,0.8735915739022831
58645.js,1.0,1.0,-1.0,-1.0,0.17777388183357698,0.8798826901281198
58685.js,1.0,1.0,-1.0,-1.0,0.35382101189719767,0.8501877196379642
5888.js,1.0,1.0,-1.0,0.9888575909503124,0.5369501596899379,0.9710839636921041
59012.js,1.0,1.0,-1.0,1.0,0.3474067666269133,-1.0
5905.js,1.0,1.0,-1.0,-1.0,0.5740273940089152,0.9137570147330337
59075.js,1.0,1.0,-1.0,0.9708358225777324,0.35809818788048914,-1.0
59093.js,1.0,1.0,-1.0,1.0,0.32406782282605645,-1.0
59099.js,1.0,1.0,-1.0,0.9867766060134577,0.30260753395009227,-1.0
59106.js,0.9976303317535545,1.0,-1.0,0.9604384242480629,0.5503965189247735,-1.0
59117.js,0.9980119284294234,1.0,-1.0,0.9980119284294234,0.48716194848670286,-1.0
59156.js,1.0,1.0,-1.0,1.0,0.23747391834174783,-1.0
59164.js,1.0,1.0,-1.0,1.0,0.37734323657704205,-1.0
59167.js,0.9977011494252873,1.0,-1.0,-1.0,0.5548868205693055,-1.0
59261.js,0.9870466321243523,1.0,-1.0,-1.0,0.43597774464694716,-1.0
59294.js,1.0,1.0,-1.0,1.0,0.40625254225002255,-1.0
59296.js,1.0,1.0,-1.0,0.9821428571428571,0.43241461776437984,-1.0
59309.js,1.0,1.0,-1.0,1.0,0.27331951505930374,-1.0
59534.js,1.0,1.0,-1.0,1.0,0.0761386987626881,1.0
59540.js,1.0,1.0,-1.0,1.0,0.16409896784637873,-1.0
59730.js,1.0,1.0,-1.0,-1.0,0.35554776366715396,0.8038140859842917
59875.js,1.0,1.0,-1.0,1.0,0.14953343588376805,-1.0
6010.js,1.0,1.0,-1.0,1.0,0.26591467134349245,0.9672041516493516
60128.js,0.9780192938436515,1.0,-1.0,-1.0,0.11907012119677525,-1.0
6014.js,1.0,1.0,-1.0,-1.0,0.6387811990396465,0.9576216409161473
60275.js,1.0,1.0,-1.0,0.5106429211881652,0.14185425968999382,1.0
60326.js,1.0,1.0,-1.0,1.0,0.07122123116119197,1.0
60393.js,1.0,1.0,-1.0,1.0,0.18324851568672418,0.8576492931439955
60544.js,1.0,1.0,-1.0,1.0,0.41745502018052427,-1.0
60633.js,1.0,1.0,-1.0,0.8423603487200175,0.4128129844878666,0.9747770385280101
60774.js,1.0,1.0,-1.0,1.0,0.3091087469685308,0.9115042764737418
60820.js,1.0,1.0,-1.0,1.0,0.2238276440238091,0.8954430086935637
60881.js,0.9917239956341096,1.0,-1.0,-1.0,0.3753110935548981,0.8302455208493732
60966.js,1.0,1.0,-1.0,1.0,0.20446097831279028,-1.0
61006.js,1.0,1.0,-1.0,1.0,0.29461074512535557,-1.0
61022.js,1.0,1.0,-1.0,1.0,0.27131897585215986,-1.0
61136.js,1.0,1.0,-1.0,0.769800358919501,0.17583479290554319,0.8641264122753544
61201.js,0.9896373056994818,1.0,-1.0,0.9896373056994818,0.3836408422762512,0.8652772175507889
61254.js,1.0,1.0,-1.0,1.0,0.08928053815224023,-1.0
61344.js,1.0,1.0,-1.0,-1.0,0.07178425360775541,1.0
61443.js,1.0,1.0,-1.0,1.0,0.2738612787525831,0.892524716760131
61603.js,0.9929327736346234,1.0,-1.0,0.9115842887484171,0.2620440323938853,0.8440399593478499
61618.js,1.0,1.0,-1.0,1.0,0.08512565307587486,1.0
6162.js,1.0,1.0,-1.0,0.965537799558154,0.5482939850079146,0.8837931602175385
61642.js,1.0,1.0,-1.0,1.0,0.20330897929703434,1.0
61708.js,1.0,1.0,-1.0,0.8217780411620708,0.21100175148665185,0.8567194721542484
61733.js,1.0,1.0,-1.0,1.0,0.1098967455659645,0.8198915917499229
61748.js,1.0,1.0,-1.0,-1.0,0.12454964497475976,1.0
6175.js,0.9982547993019197,1.0,-1.0,-1.0,0.5152798430368777,0.964305463652671
61757.js,1.0,1.0,-1.0,1.0,0.21480429010345364,0.9443568758679045
61844.js,1.0,1.0,-1.0,-1.0,0.19645567698153565,0.9478411467100529
61902.js,1.0,1.0,-1.0,0.9462916232627814,0.31733139113174724,0.875738141931184
61980.js,1.0,1.0,-1.0,-1.0,0.3359506755546491,0.9267822373704325
61999.js,1.0,1.0,-1.0,1.0,0.3030433475322798,-1.0
62048.js,1.0,1.0,-1.0,1.0,0.23078316568852547,0.816496580927726
62225.js,1.0,1.0,-1.0,0.8795200711499174,0.34404878319417337,0.8990044244740293
62277.js,1.0,1.0,-1.0,1.0,0.33288610108579697,0.9565975815582041
6233.js,1.0,1.0,-1.0,0.993310961716756,0.3053575662125359,0.867442794919067
62368.js,1.0,1.0,-1.0,0.2176428750330035,0.12038585308576921,1.0
62461.js,0.9789450103725609,1.0,-1.0,0.9789450103725609,0.13210484783404447,-1.0
62479.js,1.0,1.0,-1.0,0.9975216814438146,0.29805774040039495,0.9115712524661547
62696.js,1.0,1.0,-1.0,1.0,0.30929638085132755,-1.0
62703.js,0.9905660377358491,1.0,-1.0,0.9905660377358491,0.3106002550832054,-1.0
62758.js,1.0,1.0,-1.0,0.765963337348806,0.16484511834894675,0.7434307035293071
6279.js,0.8089887640449438,1.0,-1.0,0.8089887640449438,0.14837775545201629,0.8089887640449438
62860.js,1.0,1.0,-1.0,1.0,0.39834404487092395,-1.0
62914.js,1.0,1.0,-1.0,1.0,0.4838315810463509,-1.0
62961.js,1.0,1.0,-1.0,0.8407487181552202,0.5336082079913664,-1.0
62996.js,1.0,1.0,-1.0,0.9929873772791024,0.38006426891648576,-1.0
63048.js,1.0,1.0,-1.0,0.4374380751068217,0.33778371097651455,0.8409283024697728
63067.js,1.0,1.0,-1.0,0.4431401708542783,0.28212954629421216,0.8991721961325719
63121.js,1.0,1.0,-1.0,0.47805809821017836,0.255800119350867,0.9031351721986947
63155.js,1.0,1.0,-1.0,0.9726940082233639,0.2920811502902517,-1.0
63163.js,1.0,1.0,-1.0,1.0,0.14471361022898727,1.0
63189.js,1.0,1.0,-1.0,0.712597601578126,0.05786195314091659,-1.0
63225.js,1.0,1.0,-1.0,1.0,0.15552461556607852,0.7647748927656912
63230.js,1.0,1.0,-1.0,1.0,0.2467843254621485,0.9455689188371162
6329.js,1.0,1.0,-1.0,0.9885710532241611,0.33251500494511543,0.9156196345117885
63301.js,1.0,1.0,-1.0,1.0,0.31701607979252555,0.921680502937406
63316.js,0.9701425001453319,1.0,-1.0,-1.0,0.12404795156773063,-1.0
634.js,1.0,1.0,-1.0,1.0,0.25560848870331004,1.0
63436.js,1.0,1.0,-1.0,-1.0,0.20789692486854866,-1.0
63481.js,0.9746794344808964,1.0,-1.0,0.9219544457292888,0.13620104492139978,-1.0
63520.js,0.9969278033794163,1.0,-1.0,-1.0,0.4272922203303012,-1.0
63540.js,0.9997951449328091,1.0,-1.0,-1.0,0.35444544257220684,-1.0
63628.js,1.0,1.0,-1.0,0.7137464271463296,0.36191227860576686,-1.0
63663.js,0.9985152181862603,1.0,-1.0,0.9985152181862603,0.2716638178867841,-1.0
63674.js,1.0,1.0,-1.0,-1.0,0.29004514492165084,0.92490473517171
63698.js,1.0,1.0,-1.0,0.9768077831415741,0.4945241572895123,0.9511540818159314
6370.js,1.0,1.0,-1.0,1.0,0.20892286579828317,0.9304083928170915
63735.js,1.0,1.0,-1.0,1.0,0.19495126827363615,-1.0
63757.js,1.0,1.0,-1.0,1.0,0.335467176188214,0.9346556005222578
63832.js,-1.0,1.0,-1.0,-1.0,-1.0,-1.0
63886.js,1.0,1.0,-1.0,0.901127113779166,0.15784084898842182,1.0
63991.js,1.0,1.0,-1.0,-1.0,0.28841887610258865,0.9749851691262617
64206.js,1.0,1.0,-1.0,0.4950737714883372,0.2718695339280605,0.7838940385932954
6422.js,1.0,1.0,-1.0,1.0,0.21614823853578016,1.0
64381.js,1.0,1.0,-1.0,0.7554678731204082,0.2199810397048386,0.8329267300725657
64405.js,1.0,1.0,-1.0,0.8839599998785473,0.14953343588376805,0.8997354108424374
64486.js,1.0,1.0,-1.0,0.824529769545218,0.32993436130498177,0.7412605989088269
64731.js,1.0,1.0,-1.0,0.8027729719194864,0.19862652384370802,-1.0
6476.js,1.0,1.0,-1.0,-1.0,0.5147287170674597,0.8290144978189373
64890.js,1.0,1.0,-1.0,-1.0,0.314937344882028,-1.0
64988.js,1.0,1.0,-1.0,0.8765314158255663,0.29730245004552025,0.8826178722562064
6500.js,0.9994896223205172,1.0,-1.0,-1.0,0.318783395246986,-1.0
65036.js,0.995133791073302,1.0,-1.0,0.8526449763251174,0.35011907761491634,-1.0
65052.js,1.0,1.0,-1.0,1.0,0.4258111407187309,-1.0
65083.js,1.0,1.0,-1.0,1.0,0.28338332454103404,-1.0
65192.js,1.0,1.0,-1.0,1.0,0.2511492080899421,1.0
65219.js,1.0,1.0,-1.0,1.0,0.3035910393631302,-1.0
65234.js,1.0,1.0,-1.0,1.0,0.22750787759664504,-1.0
65267.js,1.0,1.0,-1.0,1.0,0.2593563195356762,0.9451631252505216
65290.js,1.0,1.0,-1.0,1.0,0.14622842147587847,1.0
65321.js,1.0,1.0,-1.0,1.0,0.2612136106550938,1.0
65545.js,1.0,1.0,-1.0,1.0,0.5053960124037565,-1.0
6566.js,1.0,1.0,-1.0,-1.0,0.647510655737087,0.9197543118283498
65663.js,1.0,1.0,-1.0,-1.0,0.473536918169944,-1.0
65828.js,0.9996759559300065,1.0,-1.0,-1.0,0.4440710890448142,0.9086333201497482
6586.js,0.9990534782545368,1.0,-1.0,-1.0,0.6100644022202697,0.960347924834022
65949.js,1.0,1.0,-1.0,-1.0,0.2673803953922238,-1.0
66144.js,1.0,1.0,-1.0,0.8229511997978235,0.5474856051831686,0.9294336192733421
66199.js,1.0,1.0,-1.0,0.9393035662098698,0.6027856402783394,-1.0
66225.js,1.0,1.0,-1.0,-1.0,0.6741455943028257,-1.0
66260.js,1.0,1.0,-1.0,0.9803281326697156,0.540570375491444,0.8621311381499106
66323.js,1.0,1.0,-1.0,1.0,0.5279189205320536,-1.0
66363.js,0.9963636363636363,1.0,-1.0,0.9040885779487285,0.4453596199037843,-1.0
66365.js,1.0,1.0,-1.0,1.0,0.43463151519321636,0.9308169323372546
66377.js,0.9871794871794872,1.0,-1.0,0.9871794871794872,0.27156181505873267,-1.0
66394.js,1.0,1.0,-1.0,1.0,0.3263766828841098,0.9744743035863841
66399.js,1.0,1.0,-1.0,1.0,0.5277790490704241,0.90479770784871
66479.js,1.0,1.0,-1.0,-1.0,0.45099959405238543,-1.0
66502.js,1.0,1.0,-1.0,-1.0,0.38590927618769233,-1.0
66680.js,1.0,1.0,-1.0,-1.0,0.5484365645249877,-1.0
66716.js,-1.0,1.0,-1.0,-1.0,-1.0,-1.0
6682.js,-1.0,1.0,-1.0,-1.0,-1.0,-1.0
66894.js,1.0,1.0,-1.0,-1.0,0.18526991874495444,-1.0
66945.js,1.0,1.0,-1.0,1.0,0.10151826501691746,1.0
6704.js,-1.0,1.0,-1.0,-1.0,-1.0,-1.0
67717.js,1.0,1.0,-1.0,-1.0,0.1608723630219467,-1.0
67724.js,1.0,1.0,-1.0,1.0,0.23675884440201275,0.8975881505553809
67737.js,1.0,1.0,-1.0,1.0,0.3794788631447508,0.9464574146347641
67871.js,-1.0,1.0,-1.0,-1.0,-1.0,-1.0
67894.js,1.0,1.0,-1.0,1.0,0.15696394859782384,0.8677218312746247
67918.js,1.0,1.0,-1.0,1.0,0.15696394859782384,0.8677218312746247
68040.js,1.0,1.0,-1.0,1.0,0.2937062989520456,0.8336539078146404
6806.js,1.0,1.0,-1.0,1.0,0.26648544566940835,-1.0
68139.js,1.0,1.0,-1.0,1.0,0.2054377162259489,0.9045340337332908
68198.js,-1.0,1.0,-1.0,-1.0,-1.0,-1.0
68297.js,1.0,1.0,-1.0,1.0,0.17463617775527038,1.0
68505.js,-1.0,1.0,-1.0,-1.0,-1.0,-1.0
68564.js,-1.0,1.0,-1.0,-1.0,-1.0,-1.0
68624.js,-1.0,1.0,-1.0,-1.0,-1.0,-1.0
68647.js,1.0,1.0,-1.0,0.9775047751875224,0.38042955534198614,-1.0
68706.js,1.0,1.0,-1.0,-1.0,0.2824520455582285,0.8010018789148142
68856.js,1.0,1.0,-1.0,1.0,0.17856107630448045,0.8954430086935637
69216.js,1.0,1.0,-1.0,1.0,0.0,1.0
69246.js,1.0,1.0,-1.0,1.0,0.09325048082403138,1.0
69433.js,1.0,1.0,-1.0,1.0,0.14773077515089303,1.0
6944.js,-1.0,1.0,-1.0,-1.0,-1.0,-1.0
69469.js,-1.0,1.0,-1.0,-1.0,-1.0,-1.0
69578.js,1.0,1.0,-1.0,1.0,0.2888038350624617,0.9104463009115371
69705.js,1.0,1.0,-1.0,1.0,0.14276006018004017,1.0
6973.js,-1.0,1.0,-1.0,-1.0,-1.0,-1.0
69826.js,1.0,1.0,-1.0,-1.0,0.314613398134819,-1.0
70040.js,-1.0,1.0,-1.0,-1.0,-1.0,-1.0
70143.js,-1.0,1.0,-1.0,-1.0,-1.0,-1.0
70158.js,1.0,1.0,-1.0,1.0,0.1879753004933977,1.0
70346.js,1.0,1.0,-1.0,1.0,0.3232213632937046,0.9766226943529525
70353.js,1.0,1.0,-1.0,1.0,0.08427009716003844,1.0
70745.js,1.0,1.0,-1.0,1.0,0.09325048082403138,1.0
70748.js,1.0,1.0,-1.0,1.0,0.2194550867878365,0.7847849263290312
70840.js,-1.0,1.0,-1.0,-1.0,-1.0,-1.0
70848.js,1.0,1.0,-1.0,1.0,0.09986187838711753,-1.0
7091.js,0.9996400935640133,1.0,-1.0,-1.0,0.4267943506111548,0.9449346077980807
71056.js,1.0,1.0,-1.0,1.0,0.09325048082403138,1.0
7124.js,1.0,1.0,-1.0,1.0,0.3422740074769758,-1.0
71310.js,1.0,1.0,-1.0,-1.0,0.22994252155351957,1.0
71371.js,1.0,1.0,-1.0,1.0,0.1246111965698067,1.0
7156.js,1.0,1.0,-1.0,-1.0,0.20997257457761503,-1.0
71664.js,-1.0,1.0,-1.0,-1.0,-1.0,-1.0
7167.js,1.0,1.0,-1.0,0.8724090559912876,0.25125770591687074,-1.0
71716.js,1.0,1.0,-1.0,-1.0,0.24041376264867503,-1.0
71739.js,1.0,1.0,-1.0,1.0,0.18766297265136728,-1.0
71750.js,1.0,1.0,-1.0,1.0,0.0761386987626881,1.0
71855.js,1.0,1.0,-1.0,1.0,0.17918432802946588,1.0
71963.js,-1.0,1.0,-1.0,-1.0,-1.0,-1.0
72068.js,1.0,1.0,-1.0,1.0,0.16750513727791383,1.0
72075.js,-1.0,1.0,-1.0,-1.0,-1.0,-1.0
72137.js,1.0,1.0,-1.0,-1.0,0.5854387768462367,-1.0
72227.js,1.0,1.0,-1.0,-1.0,0.46802305830866603,-1.0
72273.js,1.0,1.0,-1.0,-1.0,0.5230346235110104,-1.0
72470.js,1.0,1.0,-1.0,-1.0,0.4321955400400864,-1.0
72620.js,1.0,1.0,-1.0,-1.0,0.45097536959438334,0.9434118010060188
72663.js,-1.0,1.0,-1.0,-1.0,-1.0,-1.0
7270.js,-1.0,1.0,-1.0,-1.0,-1.0,-1.0
72841.js,1.0,1.0,-1.0,0.9773358320884243,0.27843866449837823,0.8842305014058204
72930.js,1.0,1.0,-1.0,-1.0,0.4567458593631161,-1.0
72949.js,1.0,1.0,-1.0,1.0,0.20880381657533253,0.9772606467596239
72951.js,1.0,1.0,-1.0,1.0,0.3877441458009868,0.9756353380953998
72989.js,1.0,1.0,-1.0,1.0,0.23781734022144713,0.9417632186960222
72997.js,-1.0,1.0,-1.0,-1.0,-1.0,-1.0
73020.js,-1.0,1.0,-1.0,-1.0,-1.0,-1.0
73026.js,-1.0,1.0,-1.0,-1.0,-1.0,-1.0
73243.js,1.0,1.0,-1.0,0.9932941832405047,0.42050699807169634,-1.0
73244.js,1.0,1.0,-1.0,1.0,0.389746915698534,-1.0
7325.js,1.0,1.0,-1.0,1.0,0.25449482547176483,-1.0
73351.js,-1.0,1.0,-1.0,-1.0,-1.0,-1.0
73385.js,-1.0,1.0,-1.0,-1.0,-1.0,-1.0
73402.js,-1.0,1.0,-1.0,-1.0,-1.0,-1.0
73432.js,1.0,1.0,-1.0,-1.0,0.2441041781441177,-1.0
73442.js,1.0,1.0,-1.0,1.0,0.3760601346479513,0.8780778006580402
73458.js,-1.0,1.0,-1.0,-1.0,-1.0,-1.0
73506.js,1.0,1.0,-1.0,-1.0,0.3556128247120123,-1.0
73540.js,-1.0,1.0,-1.0,-1.0,-1.0,-1.0
73570.js,-1.0,1.0,-1.0,-1.0,-1.0,-1.0
73592.js,-1.0,1.0,-1.0,-1.0,-1.0,-1.0
73627.js,-1.0,1.0,-1.0,-1.0,-1.0,-1.0
73772.js,-1.0,1.0,-1.0,-1.0,-1.0,-1.0
73790.js,-1.0,1.0,-1.0,-1.0,-1.0,-1.0
73795.js,-1.0,1.0,-1.0,-1.0,-1.0,-1.0
738.js,1.0,1.0,-1.0,1.0,0.3121602237154699,-1.0
73803.js,-1.0,1.0,-1.0,-1.0,-1.0,-1.0
73809.js,-1.0,1.0,-1.0,-1.0,-1.0,-1.0
73836.js,-1.0,1.0,-1.0,-1.0,-1.0,-1.0
73839.js,-1.0,1.0,-1.0,-1.0,-1.0,-1.0
73943.js,-1.0,1.0,-1.0,-1.0,-1.0,-1.0
73946.js,-1.0,1.0,-1.0,-1.0,-1.0,-1.0
73964.js,-1.0,1.0,-1.0,-1.0,-1.0,-1.0
74047.js,-1.0,1.0,-1.0,-1.0,-1.0,-1.0
74079.js,0.9979317454590977,1.0,-1.0,0.849748560364634,0.266743760565182,0.9540487630591026
74119.js,0.9974326016688019,1.0,-1.0,0.8178004430715208,0.20991761049477956,0.9847066939960207
74220.js,-1.0,1.0,-1.0,-1.0,-1.0,-1.0
74229.js,-1.0,1.0,-1.0,-1.0,-1.0,-1.0
74239.js,-1.0,1.0,-1.0,-1.0,-1.0,-1.0
74275.js,-1.0,1.0,-1.0,-1.0,-1.0,-1.0
74281.js,-1.0,1.0,-1.0,-1.0,-1.0,-1.0
74289.js,-1.0,1.0,-1.0,-1.0,-1.0,-1.0
74293.js,-1.0,1.0,-1.0,-1.0,-1.0,-1.0
74294.js,-1.0,1.0,-1.0,-1.0,-1.0,-1.0
74363.js,1.0,1.0,-1.0,1.0,0.2873586462488652,0.8868495012574592
74386.js,-1.0,1.0,-1.0,-1.0,-1.0,-1.0
74448.js,-1.0,1.0,-1.0,-1.0,-1.0,-1.0
74507.js,-1.0,1.0,-1.0,-1.0,-1.0,-1.0
74521.js,-1.0,1.0,-1.0,-1.0,-1.0,-1.0
74578.js,-1.0,1.0,-1.0,-1.0,-1.0,-1.0
74588.js,-1.0,1.0,-1.0,-1.0,-1.0,-1.0
74617.js,-1.0,1.0,-1.0,-1.0,-1.0,-1.0
74638.js,-1.0,1.0,-1.0,-1.0,-1.0,-1.0
74685.js,-1.0,1.0,-1.0,-1.0,-1.0,-1.0
74690.js,-1.0,1.0,-1.0,-1.0,-1.0,-1.0
74771.js,-1.0,1.0,-1.0,-1.0,-1.0,-1.0
7487.js,-1.0,1.0,-1.0,-1.0,-1.0,-1.0
7496.js,-1.0,1.0,-1.0,-1.0,-1.0,-1.0
75102.js,-1.0,1.0,-1.0,-1.0,-1.0,-1.0
75107.js,-1.0,1.0,-1.0,-1.0,-1.0,-1.0
75184.js,-1.0,1.0,-1.0,-1.0,-1.0,-1.0
75237.js,-1.0,1.0,-1.0,-1.0,-1.0,-1.0
75273.js,-1.0,1.0,-1.0,-1.0,-1.0,-1.0
75299.js,-1.0,1.0,-1.0,-1.0,-1.0,-1.0
75611.js,-1.0,1.0,-1.0,-1.0,-1.0,-1.0
75651.js,-1.0,1.0,-1.0,-1.0,-1.0,-1.0
75809.js,-1.0,1.0,-1.0,-1.0,-1.0,-1.0
75829.js,-1.0,1.0,-1.0,-1.0,-1.0,-1.0
75852.js,-1.0,1.0,-1.0,-1.0,-1.0,-1.0
75988.js,-1.0,1.0,-1.0,-1.0,-1.0,-1.0
7612.js,-1.0,1.0,-1.0,-1.0,-1.0,-1.0
76140.js,-1.0,1.0,-1.0,-1.0,-1.0,-1.0
76186.js,-1.0,1.0,-1.0,-1.0,-1.0,-1.0
76195.js,-1.0,1.0,-1.0,-1.0,-1.0,-1.0
76321.js,-1.0,1.0,-1.0,-1.0,-1.0,-1.0
7634.js,-1.0,1.0,-1.0,-1.0,-1.0,-1.0
76359.js,-1.0,1.0,-1.0,-1.0,-1.0,-1.0
7636.js,-1.0,1.0,-1.0,-1.0,-1.0,-1.0
76391.js,-1.0,1.0,-1.0,-1.0,-1.0,-1.0
76400.js,-1.0,1.0,-1.0,-1.0,-1.0,-1.0
76669.js,-1.0,1.0,-1.0,-1.0,-1.0,-1.0
76686.js,-1.0,1.0,-1.0,-1.0,-1.0,-1.0
7670.js,-1.0,1.0,-1.0,-1.0,-1.0,-1.0
76895.js,-1.0,1.0,-1.0,-1.0,-1.0,-1.0
7691.js,-1.0,1.0,-1.0,-1.0,-1.0,-1.0
77100.js,0.998570406702931,1.0,-1.0,0.8931349112003535,0.31337341710924466,0.9399969281460511
7745.js,1.0,1.0,-1.0,1.0,0.41242525798240337,-1.0
7775.js,1.0,1.0,-1.0,-1.0,0.6750878791469723,0.9330053857769982
78361.js,1.0,1.0,-1.0,0.954954954954955,0.30352414981054454,0.7503752814845802
78393.js,1.0,1.0,-1.0,0.954954954954955,0.30352414981054454,0.7503752814845802
79119.js,1.0,1.0,-1.0,0.954954954954955,0.30352414981054454,0.7503752814845802
79496.js,1.0,1.0,-1.0,0.954954954954955,0.30352414981054454,0.7503752814845802
79573.js,-1.0,1.0,-1.0,-1.0,-1.0,-1.0
79736.js,1.0,1.0,-1.0,-1.0,0.2245207736931836,-1.0
79754.js,1.0,1.0,-1.0,-1.0,0.1661140519784187,-1.0
79783.js,1.0,1.0,-1.0,1.0,0.5578683108875849,-1.0
79806.js,1.0,1.0,-1.0,0.8728588545576562,0.38247874273772375,0.9448481162683382
79827.js,1.0,1.0,-1.0,1.0,0.23396547436140555,1.0
79838.js,-1.0,1.0,-1.0,-1.0,-1.0,-1.0
79855.js,1.0,1.0,-1.0,-1.0,0.49273647992714714,-1.0
79897.js,1.0,1.0,-1.0,-1.0,0.5260744036998166,-1.0
79935.js,1.0,1.0,-1.0,1.0,0.4409032683732632,-1.0
79940.js,1.0,1.0,-1.0,-1.0,0.33094381626464864,-1.0
80024.js,1.0,1.0,-1.0,1.0,0.16151457061744964,1.0
80045.js,1.0,1.0,-1.0,-1.0,0.19312425554775103,-1.0
80055.js,1.0,1.0,-1.0,-1.0,0.5650535088027615,-1.0
80121.js,1.0,1.0,-1.0,1.0,0.28199632506118644,-1.0
80142.js,-1.0,1.0,-1.0,-1.0,-1.0,-1.0
80144.js,-1.0,1.0,-1.0,-1.0,-1.0,-1.0
80212.js,-1.0,1.0,-1.0,-1.0,-1.0,-1.0
80227.js,-1.0,1.0,-1.0,-1.0,-1.0,-1.0
80280.js,-1.0,1.0,-1.0,-1.0,-1.0,-1.0
80314.js,-1.0,1.0,-1.0,-1.0,-1.0,-1.0
80348.js,-1.0,1.0,-1.0,-1.0,-1.0,-1.0
80349.js,-1.0,1.0,-1.0,-1.0,-1.0,-1.0
80373.js,-1.0,1.0,-1.0,-1.0,-1.0,-1.0
80408.js,-1.0,1.0,-1.0,-1.0,-1.0,-1.0
80509.js,-1.0,1.0,-1.0,-1.0,-1.0,-1.0
80522.js,-1.0,1.0,-1.0,-1.0,-1.0,-1.0
80559.js,-1.0,1.0,-1.0,-1.0,-1.0,-1.0
80657.js,-1.0,1.0,-1.0,-1.0,-1.0,-1.0
80694.js,-1.0,1.0,-1.0,-1.0,-1.0,-1.0
80761.js,1.0,1.0,-1.0,0.9917694073609294,0.28505444856613443,0.809173593712687
80781.js,1.0,1.0,-1.0,0.9813339133434427,0.4503731536785894,0.9284012736979588
80919.js,-1.0,1.0,-1.0,-1.0,-1.0,-1.0
81210.js,1.0,1.0,-1.0,1.0,0.159891267401645,-1.0
81329.js,1.0,1.0,-1.0,-1.0,0.42584988906811244,-1.0
81381.js,1.0,1.0,-1.0,-1.0,0.3981621737674995,-1.0
81439.js,1.0,1.0,-1.0,1.0,0.3307203112643017,-1.0
81520.js,1.0,1.0,-1.0,1.0,0.4859997748075633,-1.0
81524.js,1.0,1.0,-1.0,1.0,0.252386235034659,-1.0
81531.js,1.0,1.0,-1.0,0.6146472548527403,0.35428020967280316,-1.0
81543.js,1.0,1.0,-1.0,1.0,0.484469150133685,-1.0
81582.js,1.0,1.0,-1.0,-1.0,0.42472597855881744,-1.0
81583.js,1.0,1.0,-1.0,-1.0,0.5270735018000847,-1.0
82079.js,1.0,1.0,-1.0,1.0,0.4114794555367686,-1.0
82121.js,1.0,1.0,-1.0,1.0,0.3267619155232031,-1.0
82363.js,1.0,1.0,-1.0,1.0,0.40129614793551766,-1.0
82367.js,1.0,1.0,-1.0,1.0,0.32455247285469563,-1.0
82430.js,1.0,1.0,-1.0,0.9989247311827957,0.41444992373780315,-1.0
82492.js,1.0,1.0,-1.0,1.0,0.30548576170880765,-1.0
82510.js,1.0,1.0,-1.0,1.0,0.31165963730372087,-1.0
82540.js,1.0,1.0,-1.0,1.0,0.521562935633393,-1.0
82642.js,1.0,1.0,-1.0,0.9472039803628676,0.3760356303086344,-1.0
82701.js,1.0,1.0,-1.0,1.0,0.43406399089783626,-1.0
82739.js,1.0,1.0,-1.0,0.985177512477503,0.2633788072884539,-1.0
82803.js,1.0,1.0,-1.0,0.9963101408014151,0.372573539863451,0.9932252042109275
82835.js,0.9994954591321897,1.0,-1.0,-1.0,0.38394584365133383,0.9290683940170443
82848.js,1.0,1.0,-1.0,0.9886039886039886,0.36575847797972755,0.9526961025396542
82877.js,1.0,1.0,-1.0,1.0,0.25303949396733777,1.0
82921.js,0.9983471074380166,1.0,-1.0,-1.0,0.6051660064121285,0.9182457395466121
82945.js,1.0,1.0,-1.0,1.0,0.13100561589443793,0.8804087784801333
82951.js,1.0,1.0,-1.0,1.0,0.2386466361816703,1.0
82964.js,1.0,1.0,-1.0,1.0,0.10904423683211213,1.0
83022.js,1.0,1.0,-1.0,0.9914528346846638,0.4859271832585364,0.9099388320039309
83042.js,1.0,1.0,-1.0,1.0,0.18316124260994082,0.9135468796041984
83089.js,1.0,1.0,-1.0,0.9889841599418994,0.48155001239944106,0.9154609644990293
83096.js,1.0,1.0,-1.0,-1.0,0.5520963737649588,0.9424783042493216
83152.js,0.8295454545454546,1.0,-1.0,0.8295454545454546,0.126522350350995,0.812785389747353
83154.js,0.8163265306122449,1.0,-1.0,0.8163265306122449,0.08998997610878198,0.8073171786797564
83197.js,0.8739495798319328,1.0,-1.0,0.8739495798319328,0.26394451550016185,0.8302709280708761
83217.js,0.8739495798319328,1.0,-1.0,0.8739495798319328,0.26394451550016185,0.8302709280708761
83287.js,0.8163265306122449,1.0,-1.0,0.8163265306122449,0.08998997610878198,0.8073171786797564
83302.js,0.8739495798319328,1.0,-1.0,0.8739495798319328,0.26394451550016185,0.8302709280708761
83401.js,0.8739495798319328,1.0,-1.0,0.8739495798319328,0.26394451550016185,0.8302709280708761
83433.js,0.8739495798319328,1.0,-1.0,0.8739495798319328,0.26394451550016185,0.8302709280708761
83466.js,0.8228346456692913,1.0,-1.0,0.8228346456692913,0.1074907542022069,0.8141040494628549
83488.js,0.8739495798319328,1.0,-1.0,0.8739495798319328,0.26394451550016185,0.8302709280708761
83510.js,0.8295454545454546,1.0,-1.0,0.8295454545454546,0.126522350350995,0.812785389747353
83524.js,0.8739495798319328,1.0,-1.0,0.8739495798319328,0.26394451550016185,0.8302709280708761
83553.js,0.8442906574394463,1.0,-1.0,0.8442906574394463,0.17243175896255836,0.8364999637841095
83582.js,0.8295454545454546,1.0,-1.0,0.8295454545454546,0.126522350350995,0.812785389747353
83602.js,0.8739495798319328,1.0,-1.0,0.8739495798319328,0.26394451550016185,0.8302709280708761
83628.js,0.8739495798319328,1.0,-1.0,0.8739495798319328,0.26394451550016185,0.8302709280708761
83697.js,0.8228346456692913,1.0,-1.0,0.8228346456692913,0.1074907542022069,0.8141040494628549
83708.js,0.8995535714285714,1.0,-1.0,0.8995535714285714,0.33813824705301054,0.8639124993767298
83724.js,0.8163265306122449,1.0,-1.0,0.8163265306122449,0.08998997610878198,0.8073171786797564
83803.js,0.8739495798319328,1.0,-1.0,0.8739495798319328,0.26394451550016185,0.8302709280708761
83869.js,1.0,1.0,-1.0,-1.0,0.3991667224864821,-1.0
83881.js,1.0,1.0,-1.0,-1.0,0.503550848359202,-1.0
83941.js,1.0,1.0,-1.0,-1.0,0.4041514217640939,-1.0
84008.js,1.0,1.0,-1.0,1.0,0.40049015567578333,0.9799908085141558
84067.js,0.9952380952380953,1.0,-1.0,-1.0,0.412444445931796,0.9072221051385091
84075.js,1.0,1.0,-1.0,1.0,0.21572631316094962,0.8743856497851875
8420.js,-1.0,1.0,-1.0,-1.0,-1.0,-1.0
84248.js,1.0,1.0,-1.0,-1.0,0.4419698682380594,0.9366397901915813
84253.js,1.0,1.0,-1.0,-1.0,0.4419698682380594,0.9366397901915813
84574.js,-1.0,1.0,-1.0,-1.0,-1.0,-1.0
84607.js,-1.0,1.0,-1.0,-1.0,-1.0,-1.0
84651.js,1.0,1.0,-1.0,1.0,0.1893363471296941,0.9304083928170915
84696.js,-1.0,1.0,-1.0,-1.0,-1.0,-1.0
84720.js,-1.0,1.0,-1.0,-1.0,-1.0,-1.0
84732.js,-1.0,1.0,-1.0,-1.0,-1.0,-1.0
84770.js,-1.0,1.0,-1.0,-1.0,-1.0,-1.0
84824.js,-1.0,1.0,-1.0,-1.0,-1.0,-1.0
84841.js,-1.0,1.0,-1.0,-1.0,-1.0,-1.0
84901.js,1.0,1.0,-1.0,1.0,0.2401769624731362,-1.0
84950.js,1.0,1.0,-1.0,1.0,0.1098967455659645,1.0
84966.js,1.0,1.0,-1.0,0.9827742316193411,0.5714433597613188,-1.0
84993.js,-1.0,1.0,-1.0,-1.0,-1.0,-1.0
84997.js,1.0,1.0,-1.0,1.0,0.248039324582642,-1.0
85263.js,1.0,1.0,-1.0,1.0,0.23898666177410163,0.9632008196945053
85375.js,1.0,1.0,-1.0,-1.0,0.29372259666632805,0.9402997291932519
85565.js,1.0,1.0,-1.0,1.0,0.5960887530098676,0.9058734040069282
85601.js,1.0,1.0,-1.0,-1.0,0.4852135409473652,0.9713025667667677
85630.js,1.0,1.0,-1.0,0.9878969312397246,0.4668512194629262,0.9634862821317264
85675.js,1.0,1.0,-1.0,1.0,0.293114340063394,0.8881563292721386
85769.js,1.0,1.0,-1.0,1.0,0.3882327107305094,0.9316772318036984
85776.js,1.0,1.0,-1.0,1.0,0.3405285642575254,0.8521593214756101
85945.js,1.0,1.0,-1.0,1.0,0.27714904690959796,0.8793609016906587
86050.js,1.0,1.0,-1.0,1.0,0.30922854322783677,0.8616018147240717
86052.js,1.0,1.0,-1.0,1.0,0.47972094664911785,0.8438692935611443
86060.js,1.0,1.0,-1.0,-1.0,0.5028846553521282,0.8757822978764204
86065.js,1.0,1.0,-1.0,-1.0,0.46431375001620007,0.8499559660947997
86142.js,1.0,1.0,-1.0,-1.0,0.6162350611252337,0.9154186118943151
86222.js,1.0,1.0,-1.0,-1.0,0.5373848985358356,0.94288458415192
86243.js,1.0,1.0,-1.0,-1.0,0.48479484844106385,0.9542562451574318
86282.js,1.0,1.0,-1.0,-1.0,0.44640269076120115,0.9587467505526847
86298.js,1.0,1.0,-1.0,1.0,0.6728427686349522,0.9125491776482278
86313.js,1.0,1.0,-1.0,-1.0,0.4495737206226103,0.9308188866696688
86374.js,1.0,1.0,-1.0,1.0,0.18650096164806276,0.9035253315161441
86416.js,1.0,1.0,-1.0,1.0,0.1889752136228592,0.8832083446486338
86436.js,1.0,1.0,-1.0,1.0,0.20144406207413396,0.9164397149578765
86441.js,1.0,1.0,-1.0,1.0,0.3449475337700191,0.871802567995753
86484.js,1.0,1.0,-1.0,1.0,0.39216286004256495,0.8612808672139471
86504.js,1.0,1.0,-1.0,1.0,0.20144406207413396,0.9164397149578765
86507.js,1.0,1.0,-1.0,1.0,0.2315668119696713,0.9357754408380655
86511.js,1.0,1.0,-1.0,1.0,0.17376201171422898,0.8520128672302585
86550.js,1.0,1.0,-1.0,0.9637013220366765,0.4963879190548203,0.8617814479543128
86633.js,1.0,1.0,-1.0,-1.0,0.6386365988965022,0.8717551733577507
86715.js,1.0,1.0,-1.0,0.9467682734133428,0.40114832019492624,0.9379037232623596
86735.js,1.0,1.0,-1.0,-1.0,0.5358874621089029,0.9018769029250051
86737.js,1.0,1.0,-1.0,1.0,0.2874600139869296,0.9589724772577053
86811.js,1.0,1.0,-1.0,1.0,0.21067524290009612,0.8357448101873575
86832.js,1.0,1.0,-1.0,1.0,0.47409186791129515,0.9316772318036984
86834.js,1.0,1.0,-1.0,-1.0,0.3179051863555882,0.9382862326929412
8684.js,1.0,1.0,-1.0,1.0,0.11420804814403215,1.0
86904.js,1.0,1.0,-1.0,-1.0,0.43023757196676315,0.9208047048349035
86969.js,1.0,1.0,-1.0,0.9942692937888751,0.6139862706018431,0.8697942531247672
87103.js,1.0,1.0,-1.0,1.0,0.1504240538591805,1.0
87389.js,1.0,1.0,-1.0,1.0,0.13637151445459936,-1.0
87524.js,1.0,1.0,-1.0,1.0,0.46172456569642784,-1.0
87656.js,-1.0,1.0,-1.0,-1.0,-1.0,-1.0
87741.js,1.0,1.0,-1.0,1.0,0.31926017360265524,0.9472910701506564
87771.js,-1.0,1.0,-1.0,-1.0,-1.0,-1.0
87950.js,1.0,1.0,-1.0,1.0,0.14805502306599552,1.0
87981.js,-1.0,1.0,-1.0,-1.0,-1.0,-1.0
88026.js,0.9993369432357515,1.0,-1.0,-1.0,0.44894799765406096,0.9533413750707639
88048.js,-1.0,1.0,-1.0,-1.0,-1.0,-1.0
88228.js,-1.0,1.0,-1.0,-1.0,-1.0,-1.0
88276.js,1.0,1.0,-1.0,1.0,0.21480429010345364,1.0
88338.js,1.0,1.0,-1.0,1.0,0.22665223903194512,1.0
8835.js,-1.0,1.0,-1.0,-1.0,-1.0,-1.0
88368.js,1.0,1.0,-1.0,-1.0,0.69216998875171,0.8898739611933709
88465.js,0.8957169459962756,1.0,-1.0,-1.0,0.3519783430085562,-1.0
88546.js,1.0,1.0,-1.0,-1.0,0.4037864265436241,-1.0
88562.js,0.9668874172185431,1.0,-1.0,0.9668874172185431,0.3872549644933096,0.810946388767806
88584.js,1.0,1.0,-1.0,1.0,0.21535276082326618,-1.0
88593.js,1.0,1.0,-1.0,0.9787774258450345,0.539650766856447,-1.0
88669.js,1.0,1.0,-1.0,1.0,0.35713664590872174,0.8968028318136245
88692.js,1.0,1.0,-1.0,1.0,0.2194550867878365,-1.0
88800.js,1.0,1.0,-1.0,-1.0,0.5594052592982914,-1.0
88889.js,1.0,1.0,-1.0,1.0,0.586693236724962,0.9149214848605721
89104.js,-1.0,1.0,-1.0,-1.0,-1.0,-1.0
8919.js,1.0,1.0,-1.0,1.0,0.17445567519772937,-1.0
89236.js,-1.0,1.0,-1.0,-1.0,-1.0,-1.0
89372.js,1.0,1.0,-1.0,1.0,0.10107236959411503,-1.0
89498.js,-1.0,1.0,-1.0,-1.0,-1.0,-1.0
89559.js,1.0,1.0,-1.0,1.0,0.06344891563557342,-1.0
898.js,-1.0,1.0,-1.0,-1.0,-1.0,-1.0
89812.js,-1.0,1.0,-1.0,-1.0,-1.0,-1.0
90125.js,1.0,1.0,-1.0,1.0,0.056266266819156016,-1.0
90247.js,-1.0,1.0,-1.0,-1.0,-1.0,-1.0
90423.js,1.0,1.0,-1.0,-1.0,0.1661482620930756,-1.0
90882.js,1.0,1.0,-1.0,-1.0,0.40245073633644585,-1.0
90957.js,1.0,1.0,-1.0,1.0,0.27399071076483916,-1.0
90997.js,1.0,1.0,-1.0,1.0,0.2885628266297543,-1.0
91037.js,1.0,1.0,-1.0,-1.0,0.458555010227177,-1.0
91212.js,-1.0,1.0,-1.0,-1.0,-1.0,-1.0
91294.js,-1.0,1.0,-1.0,-1.0,-1.0,-1.0
91308.js,-1.0,1.0,-1.0,-1.0,-1.0,-1.0
91329.js,-1.0,1.0,-1.0,-1.0,-1.0,-1.0
91361.js,-1.0,1.0,-1.0,-1.0,-1.0,-1.0
91446.js,1.0,1.0,-1.0,1.0,0.30138307522823254,-1.0
91641.js,1.0,1.0,-1.0,0.9965062038012114,0.4137763766603426,-1.0
91654.js,1.0,1.0,-1.0,1.0,0.36976220843238733,-1.0
91677.js,1.0,1.0,-1.0,1.0,0.37411040099482024,-1.0
91734.js,1.0,1.0,-1.0,0.9838621971952126,0.35924946370366023,-1.0
92077.js,1.0,1.0,-1.0,0.8638028087174674,0.35806233090198947,-1.0
92320.js,1.0,1.0,-1.0,1.0,0.22555106142083198,-1.0
92366.js,1.0,1.0,-1.0,-1.0,0.576425935201863,-1.0
92546.js,1.0,1.0,-1.0,1.0,0.40992258986345864,-1.0
9261.js,-1.0,1.0,-1.0,-1.0,-1.0,-1.0
93086.js,-1.0,1.0,-1.0,-1.0,-1.0,-1.0
93155.js,-1.0,1.0,-1.0,-1.0,-1.0,-1.0
93297.js,-1.0,1.0,-1.0,-1.0,-1.0,-1.0
933.js,-1.0,1.0,-1.0,-1.0,-1.0,-1.0
93316.js,-1.0,1.0,-1.0,-1.0,-1.0,-1.0
93418.js,1.0,1.0,-1.0,0.9911624383983888,0.2637692204621558,-1.0
93590.js,-1.0,1.0,-1.0,-1.0,-1.0,-1.0
93597.js,1.0,1.0,-1.0,-1.0,0.1699863122663897,-1.0
9375.js,-1.0,1.0,-1.0,-1.0,-1.0,-1.0
93824.js,1.0,1.0,-1.0,1.0,0.4292182499267808,-1.0
93974.js,0.9994848016486347,1.0,-1.0,-1.0,0.2609574079243712,-1.0
93975.js,1.0,1.0,-1.0,1.0,0.2510250586536539,-1.0
93979.js,0.9936647173489279,1.0,-1.0,0.9929354740419497,0.21155426075449818,-1.0
94051.js,1.0,1.0,-1.0,-1.0,0.17079681690715579,-1.0
94154.js,1.0,1.0,-1.0,0.9251749738494832,0.30149782964714084,-1.0
94197.js,1.0,1.0,-1.0,0.8570013472618294,0.3248255502886646,-1.0
94320.js,1.0,1.0,-1.0,0.3913203671895929,0.4448794306469566,-1.0
94449.js,1.0,1.0,-1.0,-1.0,0.32136047869915835,-1.0
94743.js,-1.0,1.0,-1.0,-1.0,-1.0,-1.0
94926.js,1.0,1.0,-1.0,1.0,0.3474705540807411,-1.0
94937.js,1.0,1.0,-1.0,1.0,0.28032884544444253,-1.0
95121.js,1.0,1.0,-1.0,0.9974457174120672,0.4580020592613372,0.9724433675396453
95176.js,1.0,1.0,-1.0,1.0,0.08512565307587486,0.6324555320336759
95177.js,1.0,1.0,-1.0,0.9808426852246778,0.47556545696092745,0.9253588308642685
95188.js,1.0,1.0,-1.0,1.0,0.16750513727791383,1.0
95192.js,1.0,1.0,-1.0,1.0,0.16750513727791383,1.0
95219.js,1.0,1.0,-1.0,1.0,0.08846517369293828,-1.0
95239.js,1.0,1.0,-1.0,0.9954560591574133,0.21576175375273055,0.8112992751774849
95281.js,1.0,1.0,-1.0,-1.0,0.195163439496085,0.926302172234155
95304.js,1.0,1.0,-1.0,0.9893189585923464,0.43035636259760984,0.9395584757365169
95349.js,0.6678111587982832,1.0,-1.0,0.6678111587982832,0.00669212034525919,0.6678111587982832
95405.js,1.0,1.0,-1.0,0.9824438718555573,0.557830848984473,0.8921288681496126
95435.js,0.9956458635703919,1.0,-1.0,-1.0,0.5989849290652146,0.9513587358249609
95511.js,1.0,1.0,-1.0,-1.0,0.4710143940963384,0.8777624484931813
95523.js,1.0,1.0,-1.0,-1.0,0.6092180401317601,0.9492248339758013
95572.js,1.0,1.0,-1.0,1.0,0.2527665640229898,0.9204329801379807
95679.js,1.0,1.0,-1.0,-1.0,0.4918066023853097,0.968326427914056
95694.js,1.0,1.0,-1.0,0.9916666666666667,0.13205912890281402,1.0
95721.js,1.0,1.0,-1.0,0.9916666666666667,0.13205912890281402,1.0
95745.js,1.0,1.0,-1.0,0.9916666666666667,0.13205912890281402,1.0
95768.js,1.0,1.0,-1.0,1.0,0.29151697481940136,0.9974172194192882
9587.js,1.0,1.0,-1.0,1.0,0.14356850721551082,1.0
95904.js,1.0,1.0,-1.0,-1.0,0.5603421206697712,-1.0
95931.js,1.0,1.0,-1.0,1.0,0.13459547551454137,0.8743856497851875
95998.js,1.0,1.0,-1.0,0.9955653883486891,0.3057633085053819,0.9441565403200105
96010.js,0.9484396200814111,1.0,-1.0,0.9433335823378267,0.32533418180804907,0.524191514520776
96081.js,0.9998778998778999,1.0,-1.0,-1.0,0.2031798495964875,0.9749541256132149
96123.js,1.0,1.0,-1.0,-1.0,0.41366563749879537,-1.0
96227.js,-1.0,1.0,-1.0,-1.0,-1.0,-1.0
96231.js,-1.0,1.0,-1.0,-1.0,-1.0,-1.0
9627.js,1.0,1.0,-1.0,1.0,0.14244246232238394,0.7071067811865476
96273.js,1.0,1.0,-1.0,1.0,0.6735053218562014,0.8960276142922337
96286.js,1.0,1.0,-1.0,1.0,0.33832659213124794,0.9245206009497283
9633.js,1.0,1.0,-1.0,1.0,0.14244246232238394,1.0
96349.js,1.0,1.0,-1.0,1.0,0.3517138962233849,0.9483798558790957
96402.js,1.0,1.0,-1.0,0.9701940582194067,0.4611120526426909,0.8740200053736314
96412.js,1.0,1.0,-1.0,0.9715713434222364,0.2986153793171013,0.8505330619979519
96460.js,1.0,1.0,-1.0,1.0,0.1554174680400523,0.6805446536716203
96628.js,0.9966442953020134,1.0,-1.0,-1.0,0.5208333576500335,-1.0
96629.js,0.9863149543831813,1.0,-1.0,-1.0,0.31900023257447935,-1.0
96632.js,1.0,1.0,-1.0,1.0,0.3634077838892617,0.9807607753541545
96733.js,1.0,1.0,-1.0,1.0,0.09325048082403138,1.0
96992.js,1.0,1.0,-1.0,0.9961089494163424,0.5461811769737356,-1.0
97008.js,1.0,1.0,-1.0,0.9967699210898696,0.41925761549680146,-1.0
97015.js,1.0,1.0,-1.0,1.0,0.08309856102237734,1.0
97018.js,1.0,1.0,-1.0,-1.0,0.44875169402285314,-1.0
97023.js,1.0,1.0,-1.0,-1.0,0.29117453304788204,-1.0
97154.js,1.0,1.0,-1.0,1.0,0.32590394700028863,1.0
97238.js,1.0,1.0,-1.0,0.9938733434328212,0.44645435282092866,-1.0
97548.js,-1.0,1.0,-1.0,-1.0,-1.0,-1.0
97844.js,1.0,1.0,-1.0,1.0,0.29351278062927477,-1.0
97865.js,1.0,1.0,-1.0,1.0,0.23945402960130896,-1.0
97887.js,1.0,1.0,-1.0,-1.0,0.4854426129403434,-1.0
97965.js,1.0,1.0,-1.0,1.0,0.19533294904098472,-1.0
97966.js,1.0,1.0,-1.0,-1.0,0.5148431663683,-1.0
97999.js,1.0,1.0,-1.0,1.0,0.18577668333271666,-1.0
9814.js,1.0,1.0,-1.0,1.0,0.22232390249394532,-1.0
98376.js,-1.0,1.0,-1.0,-1.0,-1.0,-1.0
98573.js,1.0,1.0,-1.0,0.9601863907812928,0.4238387564456304,0.8560257952517467
98605.js,1.0,1.0,-1.0,1.0,0.22348212152185867,-1.0
98660.js,1.0,1.0,-1.0,1.0,0.2108662449727815,-1.0
98837.js,-1.0,1.0,-1.0,-1.0,-1.0,-1.0
98850.js,1.0,1.0,-1.0,0.994455975799865,0.41058615788197256,-1.0
98858.js,-1.0,1.0,-1.0,-1.0,-1.0,-1.0
98878.js,1.0,1.0,-1.0,1.0,0.27576226432200124,-1.0
98893.js,1.0,1.0,-1.0,1.0,0.26763518543610687,-1.0
98898.js,1.0,1.0,-1.0,1.0,0.4036215821086899,-1.0
98963.js,0.9992565055762082,1.0,-1.0,0.9992565055762082,0.23928579326231142,-1.0
99018.js,1.0,1.0,-1.0,-1.0,0.44815391258797493,-1.0
99031.js,1.0,1.0,-1.0,-1.0,0.31432908317045705,-1.0
99032.js,1.0,1.0,-1.0,-1.0,0.464455327527442,-1.0
99044.js,1.0,1.0,-1.0,1.0,0.40678120943013046,-1.0
99092.js,1.0,1.0,-1.0,1.0,0.24091498003495962,-1.0
99152.js,1.0,1.0,-1.0,1.0,0.22915055508466517,-1.0
99288.js,1.0,1.0,-1.0,1.0,0.03152285806473993,-1.0
99502.js,1.0,1.0,-1.0,1.0,0.16567557760157167,1.0
9958.js,1.0,1.0,-1.0,1.0,0.13726099121798926,1.0
99611.js,1.0,1.0,-1.0,-1.0,0.5433132109944441,-1.0
99759.js,-1.0,1.0,-1.0,-1.0,-1.0,-1.0
99805.js,-1.0,1.0,-1.0,-1.0,-1.0,-1.0
99912.js,-1.0,1.0,-1.0,-1.0,-1.0,-1.0
99925.js,-1.0,1.0,-1.0,-1.0,-1.0,-1.0
