name,t1,t2,t3,t4,t5,t6
79119.js-ob.js,0.09594178199768066,0.0829782485961914,0.16607999801635742,0.07808089256286621,0.07904696464538574,0.16180205345153809
5565.js-ob.js,0.08487439155578613,0.08233499526977539,0.16007781028747559,0.07983708381652832,0.07975983619689941,0.14722108840942383
39575.js-ob.js,0.09681010246276855,0.08408999443054199,0.1658797264099121,0.08039021492004395,0.08237195014953613,0.1406230926513672
15292.js-ob.js,0.08691716194152832,0.07715797424316406,0.14134979248046875,0.07651495933532715,0.069244384765625,0.1327497959136963
56064.js-ob.js,0.09328103065490723,0.08597087860107422,0.16778182983398438,0.08237314224243164,0.08548402786254883,0.14479589462280273
39689.js-ob.js,0.08415389060974121,0.08335018157958984,0.16789889335632324,0.07735300064086914,0.08938097953796387,0.1567370891571045
81583.js-ob.js,0.08814501762390137,0.09543180465698242,0.1740260124206543,0.08164119720458984,0.0886678695678711,0.15034818649291992
29148.js-ob.js,0.09211921691894531,0.08440399169921875,0.1601879596710205,0.0777430534362793,0.0811610221862793,0.17069602012634277
62461.js-ob.js,0.09875988960266113,0.09046816825866699,0.17198991775512695,0.079071044921875,0.08049201965332031,0.14278411865234375
89708.js-ob.js,0.10801100730895996,0.10845732688903809,0.18630576133728027,0.0927882194519043,0.09262275695800781,0.17182612419128418
88368.js-ob.js,0.09821391105651855,0.10767006874084473,0.18280792236328125,0.08958005905151367,0.09124302864074707,0.16414403915405273
69216.js-ob.js,0.08818697929382324,0.0859229564666748,0.1669631004333496,0.08330702781677246,0.08231592178344727,0.14264702796936035
84337.js-ob.js,0.0846400260925293,0.08740806579589844,0.16884899139404297,0.07936525344848633,0.07908177375793457,0.14672017097473145
72273.js-ob.js,0.10745787620544434,0.13112306594848633,0.21428489685058594,0.10341691970825195,0.10640120506286621,0.19890785217285156
3949.js-ob.js,0.0932612419128418,0.08092188835144043,0.16340398788452148,0.07545208930969238,0.07872271537780762,0.14447832107543945
63048.js-ob.js,0.11206197738647461,0.1053318977355957,0.20959901809692383,0.11221694946289062,0.1234891414642334,0.17502593994140625
79496.js-ob.js,0.08824896812438965,0.08669209480285645,0.16750502586364746,0.07929182052612305,0.08041119575500488,0.1451859474182129
79806.js-ob.js,0.08893728256225586,0.09024691581726074,0.16980791091918945,0.0809791088104248,0.08206796646118164,0.16252493858337402
7745.js-ob.js,0.08421993255615234,0.08611822128295898,0.163801908493042,0.07915806770324707,0.08337807655334473,0.14820098876953125
39278.js-ob.js,0.09196805953979492,0.08617711067199707,0.16888666152954102,0.07744407653808594,0.08040499687194824,0.13957619667053223
103438.js-ob.js,0.08035016059875488,0.0772860050201416,0.15226387977600098,0.07705402374267578,0.07486295700073242,0.14263916015625
54409.js-ob.js,0.08502769470214844,0.08133411407470703,0.1595592498779297,0.07538771629333496,0.07740020751953125,0.16341304779052734
27838.js-ob.js,0.08249282836914062,0.08283591270446777,0.15831613540649414,0.07886791229248047,0.0841059684753418,0.14305901527404785
93449.js-ob.js,0.09592580795288086,0.08312702178955078,0.16237306594848633,0.07965493202209473,0.07963013648986816,0.1444408893585205
3653.js-ob.js,0.08076190948486328,0.08111715316772461,0.16102886199951172,0.08043408393859863,0.07615089416503906,0.14066410064697266
94320.js-ob.js,0.09617304801940918,0.1055600643157959,0.2058570384979248,0.08919501304626465,0.09852099418640137,0.15614104270935059
44963.js-ob.js,0.0838468074798584,0.08033609390258789,0.16019201278686523,0.09597015380859375,0.08704471588134766,0.14001727104187012
84248.js-ob.js,0.1439509391784668,0.2268691062927246,0.29576802253723145,0.15105104446411133,0.15216469764709473,0.23521113395690918
45101.js-ob.js,0.08731389045715332,0.08568501472473145,0.16459321975708008,0.07830405235290527,0.07798504829406738,0.15673184394836426
59383.js-ob.js,0.09561538696289062,0.08235883712768555,0.15975499153137207,0.08165192604064941,0.07913994789123535,0.14647507667541504
91446.js-ob.js,0.08818221092224121,0.08305191993713379,0.15982413291931152,0.0791618824005127,0.07792305946350098,0.15331292152404785
56547.js-ob.js,0.10989022254943848,0.10613703727722168,0.18513178825378418,0.09477400779724121,0.09277510643005371,0.16031599044799805
101576.js-ob.js,0.08375906944274902,0.07657694816589355,0.1536116600036621,0.07890725135803223,0.07203412055969238,0.13234305381774902
85769.js-ob.js,0.0842897891998291,0.08479499816894531,0.16263985633850098,0.07990813255310059,0.08556914329528809,0.15524888038635254
29704.js-ob.js,0.09369421005249023,0.08165097236633301,0.16608381271362305,0.09678530693054199,0.08371305465698242,0.14019989967346191
61642.js-ob.js,0.07893705368041992,0.0791940689086914,0.15943598747253418,0.07597684860229492,0.07972002029418945,0.14826607704162598
95354.js-ob.js,0.1214296817779541,0.1725142002105713,0.24489116668701172,0.11812496185302734,0.12556076049804688,0.1935710906982422
52883.js-ob.js,0.09140300750732422,0.09171605110168457,0.1781771183013916,0.08411502838134766,0.08471179008483887,0.16657304763793945
88889.js-ob.js,0.09491515159606934,0.1067352294921875,0.18807172775268555,0.08743715286254883,0.08985590934753418,0.1571338176727295
6586.js-ob.js,0.10722494125366211,0.13515114784240723,0.21093201637268066,0.10222578048706055,0.11084604263305664,0.18090105056762695
73244.js-ob.js,0.09086227416992188,0.09243583679199219,0.169327974319458,0.08135604858398438,0.0811161994934082,0.15317296981811523
101085.js-ob.js,0.08434081077575684,0.07880306243896484,0.15814614295959473,0.07686185836791992,0.07501101493835449,0.14230084419250488
53741.js-ob.js,0.08549928665161133,0.08394074440002441,0.1752781867980957,0.07805490493774414,0.07793593406677246,0.14831018447875977
41114.js-ob.js,0.08442521095275879,0.08261370658874512,0.1593179702758789,0.07903909683227539,0.07859492301940918,0.1441800594329834
63225.js-ob.js,0.08767890930175781,0.08112120628356934,0.15909385681152344,0.08055710792541504,0.07645201683044434,0.14709782600402832
96460.js-ob.js,0.09504890441894531,0.07946491241455078,0.15764403343200684,0.08485198020935059,0.07577395439147949,0.1408538818359375
99018.js-ob.js,0.09784388542175293,0.10779690742492676,0.19781827926635742,0.09748291969299316,0.09250783920288086,0.16239213943481445
67476.js-ob.js,0.07900094985961914,0.0810861587524414,0.171400785446167,0.07785606384277344,0.08092427253723145,0.1376478672027588
78393.js-ob.js,0.09000492095947266,0.08215093612670898,0.1634809970855713,0.07696795463562012,0.07896924018859863,0.1458568572998047
20226.js-ob.js,0.09634113311767578,0.07802796363830566,0.16148710250854492,0.08297085762023926,0.08167004585266113,0.1398179531097412
94749.js-ob.js,0.08574509620666504,0.08550906181335449,0.16466283798217773,0.07837796211242676,0.0831451416015625,0.14461398124694824
58829.js-ob.js,0.08273673057556152,0.08501887321472168,0.16060638427734375,0.08086562156677246,0.07866907119750977,0.14383721351623535
101800.js-ob.js,0.10205292701721191,0.079010009765625,0.15591931343078613,0.07764601707458496,0.08249187469482422,0.14059805870056152
63457.js-ob.js,0.0837559700012207,0.08011007308959961,0.15711402893066406,0.07924199104309082,0.07697916030883789,0.14354777336120605
87347.js-ob.js,0.08728599548339844,0.082672119140625,0.1637709140777588,0.07980704307556152,0.08194613456726074,0.15390992164611816
73187.js-ob.js,0.09049487113952637,0.09244322776794434,0.191544771194458,0.08348321914672852,0.08520698547363281,0.15193486213684082
6422.js-ob.js,0.08741927146911621,0.08360767364501953,0.1639113426208496,0.0793609619140625,0.08008885383605957,0.1475849151611328
13312.js-ob.js,0.0823981761932373,0.08100295066833496,0.17371702194213867,0.07679605484008789,0.07957887649536133,0.13886404037475586
45324.js-ob.js,0.09142708778381348,0.084075927734375,0.1623671054840088,0.09056591987609863,0.07961487770080566,0.14739203453063965
50382.js-ob.js,0.08977270126342773,0.0871422290802002,0.17006683349609375,0.08183598518371582,0.08821797370910645,0.14819025993347168
57025.js-ob.js,0.10624909400939941,0.13154101371765137,0.1963188648223877,0.11165118217468262,0.09912896156311035,0.16771197319030762
3718.js-ob.js,0.08350110054016113,0.08196496963500977,0.19503021240234375,0.10708880424499512,0.07752084732055664,0.14664602279663086
51915.js-ob.js,0.08829689025878906,0.09362196922302246,0.17111921310424805,0.08819985389709473,0.09065699577331543,0.14895415306091309
42722.js-ob.js,0.08241796493530273,0.08655095100402832,0.16303801536560059,0.08111691474914551,0.08004498481750488,0.1620180606842041
24270.js-ob.js,0.08925318717956543,0.08896112442016602,0.16840481758117676,0.08561015129089355,0.08673286437988281,0.15305304527282715
94637.js-ob.js,0.08410811424255371,0.0873098373413086,0.16877508163452148,0.08035898208618164,0.0850059986114502,0.14866209030151367
51042.js-ob.js,0.09702610969543457,0.1043095588684082,0.18703937530517578,0.09288382530212402,0.09440398216247559,0.1598660945892334
66680.js-ob.js,0.11270284652709961,0.14271116256713867,0.2230527400970459,0.10805511474609375,0.1096811294555664,0.18543100357055664
87599.js-ob.js,0.08439517021179199,0.08515191078186035,0.16093707084655762,0.08085799217224121,0.08032011985778809,0.14545679092407227
66877.js-ob.js,0.07957816123962402,0.08149576187133789,0.16993212699890137,0.07809090614318848,0.07811093330383301,0.14091801643371582
90873.js-ob.js,0.08949804306030273,0.0971519947052002,0.17122697830200195,0.08556509017944336,0.08349418640136719,0.1520838737487793
50562.js-ob.js,0.0854189395904541,0.08690309524536133,0.2074129581451416,0.08582520484924316,0.0849618911743164,0.19857096672058105
3062.js-ob.js,0.09202790260314941,0.0822441577911377,0.1571638584136963,0.07848882675170898,0.07584309577941895,0.14024710655212402
19912.js-ob.js,0.08629393577575684,0.08356618881225586,0.15911602973937988,0.08028697967529297,0.08170008659362793,0.14889192581176758
21.js-ob.js,0.1099238395690918,0.18374300003051758,0.4141061305999756,0.12341094017028809,0.12563109397888184,0.20718693733215332
29213.js-ob.js,0.10227203369140625,0.09061908721923828,0.17232680320739746,0.08407711982727051,0.09713006019592285,0.16627192497253418
3659.js-ob.js,0.08757925033569336,0.08836579322814941,0.1654040813446045,0.08247089385986328,0.09298419952392578,0.16920709609985352
41759.js-ob.js,0.08709287643432617,0.09264302253723145,0.1991879940032959,0.08126401901245117,0.0812520980834961,0.14264178276062012
65052.js-ob.js,0.08876800537109375,0.09289813041687012,0.17621302604675293,0.08926677703857422,0.08800005912780762,0.15551304817199707
72068.js-ob.js,0.08099007606506348,0.0812690258026123,0.15405488014221191,0.07828116416931152,0.07724189758300781,0.14069080352783203
78018.js-ob.js,0.0865168571472168,0.08415102958679199,0.16240787506103516,0.08002591133117676,0.08102011680603027,0.1498241424560547
43851.js-ob.js,0.08539438247680664,0.0881509780883789,0.1683950424194336,0.08387875556945801,0.08362197875976562,0.15124821662902832
61596.js-ob.js,0.08678507804870605,0.08438491821289062,0.16428613662719727,0.08177471160888672,0.08226990699768066,0.1595761775970459
82121.js-ob.js,0.1038200855255127,0.106597900390625,0.17113614082336426,0.0846397876739502,0.08550024032592773,0.15301299095153809
66365.js-ob.js,0.12510418891906738,0.20525574684143066,0.26557016372680664,0.12710094451904297,0.13048505783081055,0.2090296745300293
56601.js-ob.js,0.08917713165283203,0.09308791160583496,0.19895601272583008,0.08985400199890137,0.09915494918823242,0.14863896369934082
67961.js-ob.js,0.08309197425842285,0.0823519229888916,0.16398310661315918,0.08125782012939453,0.08167815208435059,0.14810585975646973
69472.js-ob.js,0.0834050178527832,0.08468317985534668,0.165449857711792,0.08898305892944336,0.07954788208007812,0.1430349349975586
95188.js-ob.js,0.0835728645324707,0.08540701866149902,0.16507482528686523,0.08153510093688965,0.08208513259887695,0.14599180221557617
89933.js-ob.js,0.0899498462677002,0.08933711051940918,0.16620302200317383,0.08262491226196289,0.08314800262451172,0.14962410926818848
91748.js-ob.js,0.09766387939453125,0.11789417266845703,0.19833993911743164,0.09579801559448242,0.0932168960571289,0.1650700569152832
55856.js-ob.js,0.08976411819458008,0.09529399871826172,0.17444801330566406,0.0857999324798584,0.08624005317687988,0.1579909324645996
57481.js-ob.js,0.09737277030944824,0.09872221946716309,0.17788195610046387,0.08953499794006348,0.08902311325073242,0.16346478462219238
99988.js-ob.js,0.08904409408569336,0.0882570743560791,0.16797685623168945,0.08989787101745605,0.08750295639038086,0.15368914604187012
83803.js-ob.js,0.10207796096801758,0.11689329147338867,0.198103666305542,0.09507513046264648,0.09528183937072754,0.16458916664123535
20087.js-ob.js,0.08213615417480469,0.08334898948669434,0.15769171714782715,0.07756710052490234,0.08138394355773926,0.14312100410461426
42641.js-ob.js,0.09088516235351562,0.08333015441894531,0.16728973388671875,0.07846403121948242,0.0807349681854248,0.14267206192016602
83154.js-ob.js,0.09270095825195312,0.09978008270263672,0.18192291259765625,0.0874631404876709,0.08800172805786133,0.15668916702270508
95768.js-ob.js,0.13303494453430176,0.1937868595123291,0.2611839771270752,0.1255948543548584,0.13283920288085938,0.20630884170532227
66225.js-ob.js,0.1086740493774414,0.10910987854003906,0.19496607780456543,0.09292912483215332,0.09399867057800293,0.15950417518615723
44114.js-ob.js,0.09238767623901367,0.0865793228149414,0.18570780754089355,0.08432817459106445,0.09506893157958984,0.15770292282104492
39563.js-ob.js,0.09543085098266602,0.09025835990905762,0.1596379280090332,0.08545088768005371,0.08441400527954102,0.13979601860046387
57320.js-ob.js,0.07964801788330078,0.08201789855957031,0.1619570255279541,0.07934904098510742,0.08199715614318848,0.14695096015930176
94309.js-ob.js,0.08189082145690918,0.0879371166229248,0.1690502166748047,0.08563566207885742,0.08312511444091797,0.15494227409362793
57674.js-ob.js,0.09371685981750488,0.08714985847473145,0.17122602462768555,0.08254599571228027,0.08044219017028809,0.13910388946533203
84950.js-ob.js,0.08758187294006348,0.08567214012145996,0.1597919464111328,0.08245301246643066,0.0770118236541748,0.1464860439300537
14132.js-ob.js,0.07736968994140625,0.07630801200866699,0.15014219284057617,0.07344794273376465,0.07917404174804688,0.13124299049377441
38823.js-ob.js,0.09502983093261719,0.09547805786132812,0.19314813613891602,0.09548187255859375,0.09537911415100098,0.17216205596923828
41351.js-ob.js,0.08583903312683105,0.08474898338317871,0.16476702690124512,0.08057975769042969,0.08030319213867188,0.14695501327514648
19946.js-ob.js,0.08219695091247559,0.0830690860748291,0.16579318046569824,0.08062958717346191,0.08080935478210449,0.14676690101623535
97023.js-ob.js,0.08496403694152832,0.09004020690917969,0.1715860366821289,0.08655571937561035,0.08405518531799316,0.1529829502105713
99601.js-ob.js,0.08775520324707031,0.09506487846374512,0.17296600341796875,0.08774900436401367,0.09117007255554199,0.1585988998413086
4165.js-ob.js,0.09698677062988281,0.11110305786132812,0.191925048828125,0.09271001815795898,0.09383702278137207,0.16654706001281738
20750.js-ob.js,0.0848989486694336,0.08575606346130371,0.15976285934448242,0.0806281566619873,0.07616400718688965,0.14058971405029297
45502.js-ob.js,0.1662290096282959,0.28003573417663574,0.3244621753692627,0.15703177452087402,0.16418838500976562,0.25289082527160645
62802.js-ob.js,0.08033108711242676,0.08322477340698242,0.1612851619720459,0.07768774032592773,0.07964515686035156,0.14768481254577637
92077.js-ob.js,0.12217473983764648,0.17369604110717773,0.24362611770629883,0.1356189250946045,0.12624216079711914,0.19890880584716797
73109.js-ob.js,0.08674097061157227,0.08291411399841309,0.1584618091583252,0.07662415504455566,0.07734084129333496,0.14349007606506348
82848.js-ob.js,0.09966421127319336,0.11720991134643555,0.20198798179626465,0.09915900230407715,0.09869098663330078,0.1709301471710205
6476.js-ob.js,0.08993196487426758,0.09799003601074219,0.17424798011779785,0.08648395538330078,0.08710408210754395,0.15146493911743164
44576.js-ob.js,0.08204388618469238,0.08474206924438477,0.1602928638458252,0.07632994651794434,0.08142423629760742,0.14206194877624512
65321.js-ob.js,0.0919499397277832,0.09243988990783691,0.16188716888427734,0.08692193031311035,0.07752084732055664,0.14530420303344727
70748.js-ob.js,0.08834290504455566,0.08469414710998535,0.1656627655029297,0.08190298080444336,0.08229613304138184,0.1449127197265625
56410.js-ob.js,0.087432861328125,0.08748388290405273,0.16908812522888184,0.08104896545410156,0.08246612548828125,0.15181994438171387
9958.js-ob.js,0.08128213882446289,0.0809018611907959,0.16066193580627441,0.07660126686096191,0.0788118839263916,0.1447768211364746
96992.js-ob.js,0.09242701530456543,0.09193921089172363,0.17237091064453125,0.08480095863342285,0.09018492698669434,0.15271806716918945
17041.js-ob.js,0.07538008689880371,0.07533001899719238,0.1398169994354248,0.0731348991394043,0.07022285461425781,0.13484525680541992
100586.js-ob.js,0.10028696060180664,0.09671807289123535,0.17155194282531738,0.07641983032226562,0.08148813247680664,0.14301705360412598
101529.js-ob.js,0.08437800407409668,0.08301806449890137,0.16130685806274414,0.08196616172790527,0.08676695823669434,0.1589038372039795
87103.js-ob.js,0.08065295219421387,0.08225488662719727,0.1638011932373047,0.08222103118896484,0.0916597843170166,0.1503908634185791
82835.js-ob.js,0.16920113563537598,0.279127836227417,0.3027989864349365,0.14744305610656738,0.15730714797973633,0.2518489360809326
6279.js-ob.js,0.09442305564880371,0.09671902656555176,0.18523073196411133,0.0881202220916748,0.08783674240112305,0.1520671844482422
57583.js-ob.js,0.09364199638366699,0.1001272201538086,0.18071770668029785,0.08873915672302246,0.08879303932189941,0.15702104568481445
62021.js-ob.js,0.07798099517822266,0.07699012756347656,0.14925885200500488,0.08077001571655273,0.07903909683227539,0.13990402221679688
1776.js-ob.js,0.084686279296875,0.08870673179626465,0.1694488525390625,0.08413839340209961,0.08254790306091309,0.16206908226013184
81895.js-ob.js,0.0837860107421875,0.08634400367736816,0.16839385032653809,0.08148622512817383,0.08150291442871094,0.1460738182067871
83992.js-ob.js,0.08674407005310059,0.08773088455200195,0.17238712310791016,0.08130979537963867,0.08277297019958496,0.15526819229125977
6370.js-ob.js,0.08280110359191895,0.08197593688964844,0.16531991958618164,0.08270406723022461,0.08004498481750488,0.15068507194519043
57223.js-ob.js,0.10808420181274414,0.13829779624938965,0.21262311935424805,0.11052584648132324,0.10878586769104004,0.19477605819702148
17569.js-ob.js,0.09167098999023438,0.08193612098693848,0.15856480598449707,0.07845306396484375,0.08603906631469727,0.15564203262329102
47656.js-ob.js,0.08686113357543945,0.08527469635009766,0.3891010284423828,0.23485493659973145,0.2970743179321289,0.5198748111724854
87319.js-ob.js,0.09531092643737793,0.10439395904541016,0.19525599479675293,0.0857551097869873,0.08542680740356445,0.1541740894317627
67353.js-ob.js,0.08474588394165039,0.08589482307434082,0.16268706321716309,0.11160707473754883,0.08495306968688965,0.15481972694396973
29540.js-ob.js,0.09310603141784668,0.09533095359802246,0.1841568946838379,0.08765220642089844,0.08310294151306152,0.20319795608520508
45063.js-ob.js,0.09082794189453125,0.09212493896484375,0.1647491455078125,0.08291292190551758,0.08117508888244629,0.14714503288269043
24860.js-ob.js,0.09636402130126953,0.11486291885375977,0.2140519618988037,0.09367990493774414,0.09133100509643555,0.16228723526000977
21436.js-ob.js,0.0814201831817627,0.08017683029174805,0.16002297401428223,0.08331489562988281,0.08101892471313477,0.15273427963256836
53065.js-ob.js,0.0811309814453125,0.08287930488586426,0.16134881973266602,0.08084392547607422,0.08772516250610352,0.1520378589630127
88669.js-ob.js,0.0913991928100586,0.09182071685791016,0.17711925506591797,0.08855199813842773,0.08861780166625977,0.15669608116149902
53399.js-ob.js,0.08927106857299805,0.09809207916259766,0.1759040355682373,0.08832311630249023,0.08834481239318848,0.1580970287322998
28877.js-ob.js,0.08565592765808105,0.08503508567810059,0.16075897216796875,0.08403587341308594,0.08424210548400879,0.15486693382263184
91734.js-ob.js,0.09194302558898926,0.09840202331542969,0.17884492874145508,0.0892331600189209,0.09171581268310547,0.31015920639038086
59296.js-ob.js,0.09008383750915527,0.09337329864501953,0.17387986183166504,0.08907699584960938,0.0918879508972168,0.15837812423706055
58800.js-ob.js,0.08204388618469238,0.08294796943664551,0.1788618564605713,0.09627223014831543,0.08605003356933594,0.17124199867248535
53628.js-ob.js,0.09260416030883789,0.09478497505187988,0.17966699600219727,0.08481693267822266,0.0850820541381836,0.15959382057189941
18831.js-ob.js,0.08630895614624023,0.0885319709777832,0.1659839153289795,0.08153915405273438,0.08298611640930176,0.15401172637939453
92794.js-ob.js,0.08210897445678711,0.08489108085632324,0.16831398010253906,0.0818789005279541,0.08481907844543457,0.1511240005493164
100815.js-ob.js,0.08508014678955078,0.0823359489440918,0.16451787948608398,0.08111190795898438,0.07906818389892578,0.14568209648132324
78361.js-ob.js,0.08849215507507324,0.08920884132385254,0.16770100593566895,0.08436799049377441,0.08306097984313965,0.15384411811828613
40984.js-ob.js,0.08553791046142578,0.08420515060424805,0.16585493087768555,0.08769798278808594,0.08115196228027344,0.14292097091674805
52340.js-ob.js,0.08974695205688477,0.08599710464477539,0.16605281829833984,0.08237004280090332,0.08579182624816895,0.15477991104125977
20837.js-ob.js,0.08157086372375488,0.08144497871398926,0.17017292976379395,0.08168816566467285,0.07992386817932129,0.13674306869506836
1255.js-ob.js,0.08761906623840332,0.10213661193847656,0.1717240810394287,0.08171415328979492,0.08017802238464355,0.1516270637512207
50435.js-ob.js,0.12041115760803223,0.16240286827087402,0.23636126518249512,0.1206049919128418,0.11576485633850098,0.19385409355163574
44169.js-ob.js,0.08428001403808594,0.08633589744567871,0.17363405227661133,0.08229398727416992,0.09045100212097168,0.1579151153564453
73103.js-ob.js,0.08811187744140625,0.08921003341674805,0.16624999046325684,0.08208298683166504,0.08557486534118652,0.14866209030151367
61757.js-ob.js,0.08585190773010254,0.08522510528564453,0.16626286506652832,0.0860910415649414,0.07751703262329102,0.14032697677612305
45154.js-ob.js,0.08427691459655762,0.08639001846313477,0.1674492359161377,0.0809469223022461,0.08268284797668457,0.14978718757629395
55460.js-ob.js,0.08660674095153809,0.08346319198608398,0.16033005714416504,0.07942891120910645,0.0798180103302002,0.1486051082611084
45333.js-ob.js,0.09175992012023926,0.09733796119689941,0.17465806007385254,0.08429813385009766,0.08256387710571289,0.15142202377319336
57567.js-ob.js,0.07814574241638184,0.07713627815246582,0.1512138843536377,0.07604479789733887,0.07483530044555664,0.13752388954162598
99031.js-ob.js,0.09047794342041016,0.0953211784362793,0.17491579055786133,0.08550596237182617,0.08629822731018066,0.1582798957824707
95349.js-ob.js,0.10789299011230469,0.13065218925476074,0.22684288024902344,0.10961079597473145,0.1117851734161377,0.18789911270141602
46432.js-ob.js,0.08504295349121094,0.08485198020935059,0.1610569953918457,0.07856297492980957,0.08017802238464355,0.1420910358428955
51903.js-ob.js,0.08718419075012207,0.09856057167053223,0.18039822578430176,0.0889730453491211,0.08899188041687012,0.1610250473022461
59875.js-ob.js,0.08335208892822266,0.08258676528930664,0.1622169017791748,0.0815889835357666,0.0799722671508789,0.14626097679138184
70364.js-ob.js,0.08539414405822754,0.0830838680267334,0.16105318069458008,0.07973575592041016,0.08081316947937012,0.14412784576416016
80781.js-ob.js,0.11379694938659668,0.167816162109375,0.24051570892333984,0.11475610733032227,0.12175607681274414,0.21673989295959473
83628.js-ob.js,0.10915279388427734,0.1253352165222168,0.21338701248168945,0.09888672828674316,0.09766125679016113,0.17720985412597656
88800.js-ob.js,0.11173820495605469,0.1365509033203125,0.21205878257751465,0.10963821411132812,0.11248993873596191,0.2034299373626709
85388.js-ob.js,0.08528518676757812,0.08495068550109863,0.17023611068725586,0.08226490020751953,0.07925701141357422,0.13979220390319824
86047.js-ob.js,0.08140921592712402,0.08098387718200684,0.16161704063415527,0.07910394668579102,0.07907915115356445,0.14280295372009277
1732.js-ob.js,0.08255600929260254,0.08159184455871582,0.1596240997314453,0.07802605628967285,0.07792377471923828,0.14083099365234375
101196.js-ob.js,0.07906103134155273,0.08149886131286621,0.1537489891052246,0.0773770809173584,0.07757902145385742,0.14578700065612793
58570.js-ob.js,0.08501291275024414,0.08258295059204102,0.15657782554626465,0.08379912376403809,0.07624697685241699,0.14048004150390625
40133.js-ob.js,0.0952761173248291,0.0858159065246582,0.15915989875793457,0.07825803756713867,0.07956910133361816,0.1442270278930664
64731.js-ob.js,0.08474993705749512,0.08390688896179199,0.15675806999206543,0.07975411415100098,0.09527802467346191,0.18520092964172363
91312.js-ob.js,0.09182500839233398,0.09386420249938965,0.18494391441345215,0.08515095710754395,0.08605790138244629,0.22653627395629883
98605.js-ob.js,0.08468270301818848,0.08660507202148438,0.17430615425109863,0.0856618881225586,0.08447003364562988,0.15035700798034668
51930.js-ob.js,0.08925414085388184,0.09836387634277344,0.17660808563232422,0.08695387840270996,0.08794116973876953,0.15658998489379883
66363.js-ob.js,0.09398698806762695,0.0994110107421875,0.17676377296447754,0.08862519264221191,0.09071993827819824,0.159027099609375
94937.js-ob.js,0.09288501739501953,0.09053277969360352,0.17287397384643555,0.0825033187866211,0.09584689140319824,0.19483113288879395
28298.js-ob.js,0.0910799503326416,0.09166097640991211,0.17897891998291016,0.0830221176147461,0.08504486083984375,0.14650797843933105
5246.js-ob.js,0.0899667739868164,0.09891819953918457,0.17052078247070312,0.0854802131652832,0.0892019271850586,0.1560649871826172
101223.js-ob.js,0.08786582946777344,0.08208513259887695,0.16266918182373047,0.08152389526367188,0.08279609680175781,0.14528465270996094
50721.js-ob.js,0.0973351001739502,0.11611270904541016,0.20785117149353027,0.1047220230102539,0.09904193878173828,0.17851996421813965
16222.js-ob.js,0.08732414245605469,0.08410072326660156,0.17636990547180176,0.08112430572509766,0.0836338996887207,0.16026902198791504
87032.js-ob.js,0.09370684623718262,0.08261799812316895,0.16228985786437988,0.07973122596740723,0.07816195487976074,0.15617799758911133
61443.js-ob.js,0.08476424217224121,0.0849919319152832,0.1655738353729248,0.08442401885986328,0.08216595649719238,0.14573407173156738
56923.js-ob.js,0.08861899375915527,0.09010672569274902,0.1704120635986328,0.08616209030151367,0.09911799430847168,0.15627288818359375
52115.js-ob.js,0.08440089225769043,0.09036111831665039,0.18050289154052734,0.08542394638061523,0.11044120788574219,0.1665339469909668
971.js-ob.js,0.09489226341247559,0.09064078330993652,0.17071008682250977,0.07862591743469238,0.07834696769714355,0.14073610305786133
65267.js-ob.js,0.08454012870788574,0.08610796928405762,0.161484956741333,0.08594417572021484,0.11069893836975098,0.16130375862121582
44431.js-ob.js,0.10512089729309082,0.08868932723999023,0.1714308261871338,0.0785989761352539,0.07990121841430664,0.15050077438354492
94270.js-ob.js,0.09311914443969727,0.1013648509979248,0.1820230484008789,0.0883638858795166,0.09619903564453125,0.16297483444213867
81975.js-ob.js,0.09250807762145996,0.10177373886108398,0.19102215766906738,0.08607101440429688,0.09226393699645996,0.16261816024780273
103695.js-ob.js,0.08262920379638672,0.08658790588378906,0.17595314979553223,0.0829918384552002,0.08511495590209961,0.14476704597473145
41525.js-ob.js,0.0852510929107666,0.09198403358459473,0.1712658405303955,0.08069396018981934,0.08212804794311523,0.15035200119018555
21946.js-ob.js,0.08347892761230469,0.08771586418151855,0.16055011749267578,0.0809638500213623,0.08640408515930176,0.14786911010742188
24913.js-ob.js,0.08703207969665527,0.08909392356872559,0.16995620727539062,0.08174395561218262,0.0817570686340332,0.15097498893737793
18204.js-ob.js,0.06988000869750977,0.0694577693939209,0.1396951675415039,0.07201218605041504,0.07495594024658203,0.13659071922302246
72581.js-ob.js,0.10053300857543945,0.09896612167358398,0.22066783905029297,0.10045003890991211,0.10720109939575195,0.17991280555725098
13620.js-ob.js,0.08450102806091309,0.08143997192382812,0.1929330825805664,0.07931995391845703,0.07769393920898438,0.14205503463745117
84365.js-ob.js,0.08145999908447266,0.08130407333374023,0.15745186805725098,0.0785830020904541,0.08111405372619629,0.1461338996887207
39287.js-ob.js,0.08608627319335938,0.09534883499145508,0.16978216171264648,0.0884847640991211,0.08333802223205566,0.1570911407470703
42462.js-ob.js,0.08490490913391113,0.09012603759765625,0.16879916191101074,0.09359097480773926,0.09354662895202637,0.18593621253967285
29012.js-ob.js,0.08349609375,0.08693790435791016,0.1633591651916504,0.08344078063964844,0.08456802368164062,0.1462862491607666
61999.js-ob.js,0.08611583709716797,0.0879831314086914,0.17096996307373047,0.07977581024169922,0.08005714416503906,0.16115903854370117
46.js-ob.js,0.09929013252258301,0.10515284538269043,0.20452308654785156,0.11744093894958496,0.09682583808898926,0.1614091396331787
28473.js-ob.js,0.08470678329467773,0.08791327476501465,0.1720719337463379,0.08422613143920898,0.08607697486877441,0.1442418098449707
20050.js-ob.js,0.08339595794677734,0.08204412460327148,0.16617774963378906,0.08974885940551758,0.09094119071960449,0.15448784828186035
53659.js-ob.js,0.08366274833679199,0.08324599266052246,0.1625521183013916,0.08195376396179199,0.08007025718688965,0.14481091499328613
41427.js-ob.js,0.08428597450256348,0.0816950798034668,0.15738487243652344,0.0825049877166748,0.0775458812713623,0.14235329627990723
40512.js-ob.js,0.07898187637329102,0.08643198013305664,0.1574389934539795,0.0802459716796875,0.07802700996398926,0.14528608322143555
55287.js-ob.js,0.08559370040893555,0.08680033683776855,0.1632537841796875,0.07896709442138672,0.08275103569030762,0.14603805541992188
39953.js-ob.js,0.09360885620117188,0.08236813545227051,0.16111087799072266,0.07727384567260742,0.08097100257873535,0.15518736839294434
87950.js-ob.js,0.10585403442382812,0.08096098899841309,0.15618109703063965,0.07725095748901367,0.07854104042053223,0.14997196197509766
3924.js-ob.js,0.07818031311035156,0.08851981163024902,0.1608738899230957,0.08107328414916992,0.0782630443572998,0.14058876037597656
44473.js-ob.js,0.08359980583190918,0.08237314224243164,0.16338515281677246,0.07853174209594727,0.07921600341796875,0.14334702491760254
88245.js-ob.js,0.08283185958862305,0.07969403266906738,0.15821504592895508,0.07660889625549316,0.07738018035888672,0.14494681358337402
11062.js-ob.js,0.09762310981750488,0.09101009368896484,0.17226195335388184,0.08536911010742188,0.0847318172454834,0.14856505393981934
9814.js-ob.js,0.08411502838134766,0.08374595642089844,0.1571049690246582,0.07907295227050781,0.07893204689025879,0.13971495628356934
15855.js-ob.js,0.09038591384887695,0.07451605796813965,0.1377260684967041,0.0742790699005127,0.06867289543151855,0.13338899612426758
67737.js-ob.js,0.08815217018127441,0.08947300910949707,0.1703479290008545,0.08344101905822754,0.08219790458679199,0.15002226829528809
53667.js-ob.js,0.09709906578063965,0.08315205574035645,0.1611621379852295,0.08118295669555664,0.08417510986328125,0.1567678451538086
44293.js-ob.js,0.08395981788635254,0.08316206932067871,0.16369104385375977,0.08510804176330566,0.0803370475769043,0.14279770851135254
3354.js-ob.js,0.08308291435241699,0.07806825637817383,0.15410876274108887,0.07612085342407227,0.0763692855834961,0.14794182777404785
81680.js-ob.js,0.08153128623962402,0.08280587196350098,0.15917181968688965,0.07960724830627441,0.0804300308227539,0.14385986328125
94210.js-ob.js,0.08429384231567383,0.07965207099914551,0.1577589511871338,0.07784700393676758,0.08085107803344727,0.14199280738830566
53868.js-ob.js,0.09048604965209961,0.09498000144958496,0.17462706565856934,0.08313393592834473,0.08403778076171875,0.15073513984680176
27598.js-ob.js,0.08606505393981934,0.08917999267578125,0.1676020622253418,0.08644604682922363,0.07921886444091797,0.15325117111206055
2656.js-ob.js,0.08882880210876465,0.0813302993774414,0.1560678482055664,0.07688593864440918,0.07962799072265625,0.141571044921875
52191.js-ob.js,0.08667182922363281,0.08699488639831543,0.1637592315673828,0.08069968223571777,0.08218812942504883,0.14619016647338867
18887.js-ob.js,0.09094405174255371,0.08622217178344727,0.1673729419708252,0.07956480979919434,0.08112812042236328,0.14574503898620605
83881.js-ob.js,0.09857296943664551,0.10468721389770508,0.1914689540863037,0.09047293663024902,0.09707283973693848,0.17386698722839355
98613.js-ob.js,0.0834200382232666,0.08410906791687012,0.16433405876159668,0.07603192329406738,0.0780339241027832,0.15167522430419922
38760.js-ob.js,0.07987689971923828,0.08166718482971191,0.15993595123291016,0.07770276069641113,0.07926106452941895,0.14128804206848145
22986.js-ob.js,0.08315181732177734,0.07639813423156738,0.14280986785888672,0.07658886909484863,0.07805919647216797,0.1291658878326416
22516.js-ob.js,0.09057998657226562,0.08390688896179199,0.16312313079833984,0.07889199256896973,0.0787508487701416,0.1451430320739746
21071.js-ob.js,0.07816076278686523,0.07294797897338867,0.14393401145935059,0.07033801078796387,0.08832812309265137,0.1478888988494873
27724.js-ob.js,0.0822148323059082,0.08408975601196289,0.1631312370300293,0.08062386512756348,0.0807039737701416,0.15181207656860352
86050.js-ob.js,0.0966639518737793,0.09513521194458008,0.17166686058044434,0.08306097984313965,0.07976603507995605,0.14975690841674805
50145.js-ob.js,0.1192009449005127,0.16049408912658691,0.22942900657653809,0.12935709953308105,0.11411786079406738,0.18710017204284668
634.js-ob.js,0.0940408706665039,0.08394789695739746,0.15978407859802246,0.0811469554901123,0.08361196517944336,0.14861106872558594
71688.js-ob.js,0.10560202598571777,0.12768292427062988,0.21676397323608398,0.10736322402954102,0.11855888366699219,0.19213390350341797
69604.js-ob.js,0.08216094970703125,0.08017301559448242,0.1590571403503418,0.08120489120483398,0.07746195793151855,0.15139102935791016
63674.js-ob.js,0.22275304794311523,0.4218001365661621,0.4377169609069824,0.2051527500152588,0.2235262393951416,0.5247769355773926
59106.js-ob.js,0.09455609321594238,0.10371899604797363,0.17924785614013672,0.08786201477050781,0.08893322944641113,0.157700777053833
86504.js-ob.js,0.07915496826171875,0.07784509658813477,0.15244793891906738,0.07803511619567871,0.07732295989990234,0.1429729461669922
21552.js-ob.js,0.08239006996154785,0.08340597152709961,0.1587200164794922,0.07796382904052734,0.07815814018249512,0.1422429084777832
45107.js-ob.js,0.08184599876403809,0.08089017868041992,0.1717231273651123,0.07928967475891113,0.07703828811645508,0.1430048942565918
80041.js-ob.js,0.08022093772888184,0.08031892776489258,0.15540099143981934,0.07810711860656738,0.07705807685852051,0.14229893684387207
98893.js-ob.js,0.08717489242553711,0.0957021713256836,0.17314505577087402,0.0839700698852539,0.08901667594909668,0.1482391357421875
41931.js-ob.js,0.0974268913269043,0.0889289379119873,0.16920995712280273,0.08002090454101562,0.08035421371459961,0.1558089256286621
81381.js-ob.js,0.08731508255004883,0.09916996955871582,0.17137908935546875,0.09196090698242188,0.09819197654724121,0.15299105644226074
83287.js-ob.js,0.09278297424316406,0.09802794456481934,0.1838231086730957,0.09310102462768555,0.0911109447479248,0.15433001518249512
9117.js-ob.js,0.0817868709564209,0.10342192649841309,0.18365716934204102,0.07497096061706543,0.07557892799377441,0.14104604721069336
52707.js-ob.js,0.08434104919433594,0.08866596221923828,0.16965627670288086,0.08165192604064941,0.08400583267211914,0.14737510681152344
24506.js-ob.js,0.0804588794708252,0.08217883110046387,0.15770816802978516,0.0779728889465332,0.07987093925476074,0.14030122756958008
86715.js-ob.js,0.08429789543151855,0.08707308769226074,0.1662158966064453,0.0874931812286377,0.08583188056945801,0.14594316482543945
72470.js-ob.js,0.08659195899963379,0.09191393852233887,0.1705322265625,0.0830068588256836,0.08744621276855469,0.14825963973999023
82951.js-ob.js,0.08700919151306152,0.09449481964111328,0.17415785789489746,0.08439016342163086,0.08855605125427246,0.14798903465270996
19732.js-ob.js,0.09156608581542969,0.08760499954223633,0.15379786491394043,0.07829928398132324,0.07871198654174805,0.1388258934020996
99611.js-ob.js,0.10713601112365723,0.15700578689575195,0.22296619415283203,0.10266375541687012,0.10625219345092773,0.18507003784179688
55879.js-ob.js,0.08739900588989258,0.08186888694763184,0.16910815238952637,0.08225297927856445,0.08154606819152832,0.14844584465026855
138.js-ob.js,0.09299206733703613,0.09359478950500488,0.18474817276000977,0.08791279792785645,0.0854179859161377,0.1542971134185791
62519.js-ob.js,0.08214974403381348,0.08028912544250488,0.1538069248199463,0.0845029354095459,0.07680988311767578,0.16498613357543945
45220.js-ob.js,0.08386898040771484,0.08489298820495605,0.15897917747497559,0.07991385459899902,0.0765378475189209,0.13984203338623047
13070.js-ob.js,0.08301401138305664,0.08236813545227051,0.16053390502929688,0.07607102394104004,0.08065986633300781,0.13743901252746582
47289.js-ob.js,0.0842440128326416,0.07855391502380371,0.15332627296447754,0.08302903175354004,0.07743978500366211,0.14572405815124512
68856.js-ob.js,0.09370899200439453,0.08407115936279297,0.15706872940063477,0.07681107521057129,0.07844901084899902,0.14658689498901367
58867.js-ob.js,0.09258913993835449,0.1087799072265625,0.19461894035339355,0.09099006652832031,0.09557104110717773,0.16037297248840332
15783.js-ob.js,0.0735158920288086,0.07625031471252441,0.1472020149230957,0.07167696952819824,0.07060384750366211,0.1319289207458496
53075.js-ob.js,0.10097718238830566,0.11211991310119629,0.2054901123046875,0.09865784645080566,0.1028130054473877,0.17110681533813477
38807.js-ob.js,0.0846259593963623,0.08301305770874023,0.16156911849975586,0.07664203643798828,0.07850384712219238,0.14564990997314453
73243.js-ob.js,0.1050868034362793,0.10228896141052246,0.17806005477905273,0.08606910705566406,0.08707499504089355,0.15310215950012207
70848.js-ob.js,0.09597277641296387,0.07916426658630371,0.1553668975830078,0.08411478996276855,0.07704424858093262,0.14513707160949707
2614.js-ob.js,0.07917118072509766,0.07845497131347656,0.15894508361816406,0.07689285278320312,0.07751011848449707,0.13729214668273926
88584.js-ob.js,0.08384203910827637,0.08305907249450684,0.16570305824279785,0.07708287239074707,0.07925105094909668,0.14000606536865234
24340.js-ob.js,0.08418703079223633,0.0806269645690918,0.15564703941345215,0.07825899124145508,0.07720804214477539,0.14220190048217773
20268.js-ob.js,0.0808861255645752,0.08228802680969238,0.15317893028259277,0.07763409614562988,0.07733297348022461,0.14375090599060059
39685.js-ob.js,0.13433504104614258,0.09483814239501953,0.1717209815979004,0.08229804039001465,0.08208680152893066,0.14920401573181152
71750.js-ob.js,0.08639311790466309,0.08724093437194824,0.1666712760925293,0.07605576515197754,0.07639813423156738,0.13721799850463867
40938.js-ob.js,0.08165335655212402,0.08458495140075684,0.16566991806030273,0.09227204322814941,0.08336186408996582,0.14670109748840332
43891.js-ob.js,0.08604168891906738,0.09206509590148926,0.17073607444763184,0.08688116073608398,0.08191680908203125,0.1479179859161377
52733.js-ob.js,0.0933680534362793,0.10195088386535645,0.17496991157531738,0.09067702293395996,0.09382200241088867,0.15740108489990234
68040.js-ob.js,0.08625531196594238,0.0894167423248291,0.16663193702697754,0.08225107192993164,0.08272624015808105,0.15045785903930664
50453.js-ob.js,0.11102604866027832,0.14541006088256836,0.2175438404083252,0.11108207702636719,0.11247611045837402,0.1829209327697754
43492.js-ob.js,0.09223604202270508,0.08397293090820312,0.1613161563873291,0.07946085929870605,0.08417201042175293,0.14073801040649414
44553.js-ob.js,0.0845639705657959,0.08269906044006348,0.16110515594482422,0.08096671104431152,0.07893991470336914,0.16031217575073242
96286.js-ob.js,0.09225273132324219,0.08784222602844238,0.1735401153564453,0.0860898494720459,0.08509588241577148,0.15009808540344238
83488.js-ob.js,0.10739803314208984,0.11073088645935059,0.18546414375305176,0.10187482833862305,0.09454488754272461,0.16878414154052734
24292.js-ob.js,0.08168601989746094,0.07682204246520996,0.151749849319458,0.0768430233001709,0.07493805885314941,0.13789081573486328
91612.js-ob.js,0.07766079902648926,0.07523131370544434,0.13727593421936035,0.06929588317871094,0.07257413864135742,0.13935375213623047
99502.js-ob.js,0.08686971664428711,0.08153414726257324,0.16621613502502441,0.0959317684173584,0.07967424392700195,0.14340877532958984
27902.js-ob.js,0.09047675132751465,0.0838320255279541,0.16468214988708496,0.07774209976196289,0.0789649486541748,0.14561891555786133
86065.js-ob.js,0.08666801452636719,0.09023213386535645,0.17559385299682617,0.08260512351989746,0.0837409496307373,0.15315508842468262
13749.js-ob.js,0.08237695693969727,0.08055400848388672,0.15889978408813477,0.08025121688842773,0.07811594009399414,0.14272189140319824
59355.js-ob.js,0.07330608367919922,0.07113289833068848,0.14116501808166504,0.07744479179382324,0.06788015365600586,0.12942099571228027
11429.js-ob.js,0.08224081993103027,0.08243012428283691,0.158494234085083,0.07914590835571289,0.0784158706665039,0.14182400703430176
60326.js-ob.js,0.0799260139465332,0.07799196243286133,0.15705490112304688,0.07596206665039062,0.08012700080871582,0.14141392707824707
55685.js-ob.js,0.1181330680847168,0.1627209186553955,0.23969173431396484,0.11661911010742188,0.1148221492767334,0.19841289520263672
41785.js-ob.js,0.08382296562194824,0.08795714378356934,0.15820598602294922,0.08286881446838379,0.07886815071105957,0.14356088638305664
3873.js-ob.js,0.08021998405456543,0.07899689674377441,0.15554213523864746,0.07626891136169434,0.08216714859008789,0.1396479606628418
82363.js-ob.js,0.10808706283569336,0.13343214988708496,0.20579004287719727,0.09987974166870117,0.10985231399536133,0.1743180751800537
91909.js-ob.js,0.07192802429199219,0.0699310302734375,0.13674592971801758,0.07466387748718262,0.06797599792480469,0.1385500431060791
22829.js-ob.js,0.07312488555908203,0.07611608505249023,0.1584458351135254,0.07395625114440918,0.08395886421203613,0.1357131004333496
29132.js-ob.js,0.09908676147460938,0.08978724479675293,0.17729997634887695,0.08641576766967773,0.0825033187866211,0.15831875801086426
14977.js-ob.js,0.0817108154296875,0.08165192604064941,0.14355802536010742,0.07368206977844238,0.07131385803222656,0.13161921501159668
20564.js-ob.js,0.08473777770996094,0.08006119728088379,0.15572476387023926,0.08142805099487305,0.07740616798400879,0.1405467987060547
79783.js-ob.js,0.08719086647033691,0.09228110313415527,0.1713559627532959,0.08513712882995605,0.08510279655456543,0.14874005317687988
82510.js-ob.js,0.10990214347839355,0.14024782180786133,0.21670913696289062,0.10503101348876953,0.11724996566772461,0.1805419921875
102055.js-ob.js,0.08260512351989746,0.07821178436279297,0.1555640697479248,0.07833123207092285,0.08001089096069336,0.14092397689819336
2496.js-ob.js,0.08268022537231445,0.07847380638122559,0.17467498779296875,0.07438802719116211,0.07570099830627441,0.14221787452697754
100896.js-ob.js,0.09295105934143066,0.1028130054473877,0.1896069049835205,0.09054398536682129,0.0945429801940918,0.16075491905212402
87083.js-ob.js,0.08897686004638672,0.08413314819335938,0.16433000564575195,0.07829093933105469,0.07897377014160156,0.1448521614074707
58229.js-ob.js,0.08315014839172363,0.09135198593139648,0.165024995803833,0.08425283432006836,0.07899618148803711,0.15280580520629883
98898.js-ob.js,0.14002394676208496,0.1459970474243164,0.2297050952911377,0.10996389389038086,0.1055607795715332,0.18606829643249512
42892.js-ob.js,0.08538198471069336,0.08172893524169922,0.16428279876708984,0.08017325401306152,0.0795450210571289,0.14752578735351562
95177.js-ob.js,0.1354351043701172,0.19619202613830566,0.2524096965789795,0.1191401481628418,0.13441801071166992,0.23694610595703125
3884.js-ob.js,0.08052587509155273,0.07988691329956055,0.15429401397705078,0.08011317253112793,0.07728695869445801,0.14090490341186523
104116.js-ob.js,0.08680605888366699,0.09515190124511719,0.174119234085083,0.0861818790435791,0.08567118644714355,0.1497359275817871
99582.js-ob.js,0.08487510681152344,0.08565402030944824,0.16251111030578613,0.08845996856689453,0.09921479225158691,0.14362692832946777
97154.js-ob.js,0.08750605583190918,0.08931803703308105,0.16449785232543945,0.08090019226074219,0.08598494529724121,0.1525728702545166
97999.js-ob.js,0.08719301223754883,0.07906293869018555,0.1541762351989746,0.07959985733032227,0.07548308372497559,0.13888788223266602
39463.js-ob.js,0.09128928184509277,0.08091092109680176,0.1590869426727295,0.07788705825805664,0.08144092559814453,0.14055109024047852
99044.js-ob.js,0.10611200332641602,0.11249303817749023,0.20221495628356934,0.09261107444763184,0.10155391693115234,0.16291499137878418
62758.js-ob.js,0.1029818058013916,0.09199738502502441,0.2112419605255127,0.09080290794372559,0.08514189720153809,0.15271806716918945
24862.js-ob.js,0.0935211181640625,0.10570192337036133,0.18269705772399902,0.09165191650390625,0.0908350944519043,0.16319990158081055
82246.js-ob.js,0.08441805839538574,0.08631491661071777,0.16251802444458008,0.07947707176208496,0.08138704299926758,0.14689087867736816
10398.js-ob.js,0.08206391334533691,0.08516597747802734,0.1608748435974121,0.08010339736938477,0.07728099822998047,0.14193081855773926
44333.js-ob.js,0.09063410758972168,0.08334779739379883,0.15964007377624512,0.0795431137084961,0.08207321166992188,0.13930177688598633
42466.js-ob.js,0.08144378662109375,0.08052420616149902,0.16209983825683594,0.07750916481018066,0.0866398811340332,0.14023399353027344
19970.js-ob.js,0.09263086318969727,0.08204221725463867,0.1624157428741455,0.07821106910705566,0.08234119415283203,0.13878488540649414
87389.js-ob.js,0.09923791885375977,0.08747100830078125,0.1692061424255371,0.07940793037414551,0.08002805709838867,0.1445777416229248
38815.js-ob.js,0.09113121032714844,0.0892338752746582,0.16208314895629883,0.08190584182739258,0.07997608184814453,0.18846607208251953
98791.js-ob.js,0.0922238826751709,0.10015010833740234,0.18691706657409668,0.09188199043273926,0.0909268856048584,0.16901922225952148
15580.js-ob.js,0.07675600051879883,0.07315993309020996,0.14917612075805664,0.07159185409545898,0.07437515258789062,0.1459650993347168
84966.js-ob.js,0.10308289527893066,0.10165023803710938,0.17788076400756836,0.08581709861755371,0.08641791343688965,0.20181608200073242
88026.js-ob.js,0.1305689811706543,0.18719100952148438,0.25826406478881836,0.12877202033996582,0.13170814514160156,0.20795965194702148
98983.js-ob.js,0.09370708465576172,0.09540510177612305,0.17495489120483398,0.0854940414428711,0.08659005165100098,0.1562809944152832
13575.js-ob.js,0.08421182632446289,0.08551812171936035,0.16294002532958984,0.08929705619812012,0.0870048999786377,0.14580726623535156
44122.js-ob.js,0.08333802223205566,0.0878441333770752,0.17942190170288086,0.11000704765319824,0.08355212211608887,0.14538192749023438
86969.js-ob.js,0.09585285186767578,0.10531115531921387,0.19763875007629395,0.09377002716064453,0.0948951244354248,0.1638479232788086
29294.js-ob.js,0.08559465408325195,0.0934150218963623,0.2008991241455078,0.0916438102722168,0.0842742919921875,0.20569276809692383
81439.js-ob.js,0.09875011444091797,0.09500789642333984,0.17384123802185059,0.08272075653076172,0.08151102066040039,0.15511107444763184
54815.js-ob.js,0.08599710464477539,0.08651494979858398,0.16379904747009277,0.08431410789489746,0.11104989051818848,0.14884591102600098
59534.js-ob.js,0.08260202407836914,0.08102893829345703,0.1612110137939453,0.07927894592285156,0.07836318016052246,0.13944792747497559
94051.js-ob.js,0.2917599678039551,0.9516568183898926,0.6647791862487793,0.27794599533081055,0.30087876319885254,0.42322826385498047
2324.js-ob.js,0.0825037956237793,0.08834314346313477,0.1658940315246582,0.08125090599060059,0.08058619499206543,0.16939282417297363
61201.js-ob.js,0.09316706657409668,0.09392309188842773,0.17633891105651855,0.08738589286804199,0.0877840518951416,0.17464208602905273
15361.js-ob.js,0.09265804290771484,0.08252525329589844,0.1638798713684082,0.08284378051757812,0.07937836647033691,0.14820480346679688
19847.js-ob.js,0.09404206275939941,0.0820770263671875,0.15766596794128418,0.08829402923583984,0.0768740177154541,0.14745402336120605
85776.js-ob.js,0.08658599853515625,0.08639001846313477,0.16821789741516113,0.08570003509521484,0.07977914810180664,0.15029096603393555
101606.js-ob.js,0.08627486228942871,0.0722501277923584,0.14460492134094238,0.07639193534851074,0.07100892066955566,0.13485217094421387
83022.js-ob.js,0.0892019271850586,0.0912160873413086,0.17451906204223633,0.08571767807006836,0.08455324172973633,0.1712789535522461
91677.js-ob.js,0.08408617973327637,0.08597874641418457,0.16359400749206543,0.07979917526245117,0.08379793167114258,0.14655303955078125
57698.js-ob.js,0.08422398567199707,0.08203601837158203,0.23607707023620605,0.08080792427062988,0.07826614379882812,0.1420450210571289
79827.js-ob.js,0.08270001411437988,0.08654522895812988,0.1589348316192627,0.0810689926147461,0.07919526100158691,0.15982985496520996
59029.js-ob.js,0.08038711547851562,0.08135819435119629,0.15856575965881348,0.07836508750915527,0.07844996452331543,0.1390540599822998
23895.js-ob.js,0.0737912654876709,0.07417774200439453,0.145064115524292,0.07370615005493164,0.07156181335449219,0.13375496864318848
29474.js-ob.js,0.0819101333618164,0.08097004890441895,0.15889382362365723,0.0781850814819336,0.07800102233886719,0.14320683479309082
99032.js-ob.js,0.10864019393920898,0.1442568302154541,0.21392512321472168,0.10605573654174805,0.10888218879699707,0.18233513832092285
69578.js-ob.js,0.08585810661315918,0.08489775657653809,0.1651020050048828,0.08619499206542969,0.0837550163269043,0.1483912467956543
51297.js-ob.js,0.08605384826660156,0.09259891510009766,0.1751420497894287,0.08380508422851562,0.08649802207946777,0.15047311782836914
28688.js-ob.js,0.08845090866088867,0.08328413963317871,0.15951800346374512,0.08094000816345215,0.08069992065429688,0.14402508735656738
60393.js-ob.js,0.08328890800476074,0.08041810989379883,0.1608271598815918,0.07785582542419434,0.07538890838623047,0.1421220302581787
71032.js-ob.js,0.08218598365783691,0.07990336418151855,0.16140079498291016,0.07653284072875977,0.07672309875488281,0.137253999710083
104155.js-ob.js,0.08606314659118652,0.08249998092651367,0.15932869911193848,0.0771331787109375,0.07703590393066406,0.14287590980529785
83941.js-ob.js,0.16289019584655762,0.29929089546203613,0.3394739627838135,0.1582472324371338,0.1664137840270996,0.453754186630249
101009.js-ob.js,0.08128094673156738,0.08203601837158203,0.16360902786254883,0.07629799842834473,0.07749199867248535,0.14077401161193848
17034.js-ob.js,0.08838415145874023,0.07368803024291992,0.1410820484161377,0.07260704040527344,0.0681159496307373,0.13033699989318848
28976.js-ob.js,0.0836029052734375,0.08403897285461426,0.16137099266052246,0.08718085289001465,0.0792691707611084,0.1470201015472412
63155.js-ob.js,0.08590221405029297,0.0828406810760498,0.16313719749450684,0.09001684188842773,0.07928299903869629,0.14478611946105957
27880.js-ob.js,0.08601498603820801,0.0803837776184082,0.16281414031982422,0.10598587989807129,0.07921910285949707,0.14066600799560547
29408.js-ob.js,0.08194398880004883,0.08156299591064453,0.15887999534606934,0.07730793952941895,0.07817387580871582,0.14065098762512207
85464.js-ob.js,0.07034182548522949,0.07058095932006836,0.1342940330505371,0.06859016418457031,0.06701493263244629,0.12880706787109375
39795.js-ob.js,0.08640527725219727,0.08446884155273438,0.1585550308227539,0.07921600341796875,0.07897615432739258,0.1480119228363037
70775.js-ob.js,0.08135318756103516,0.0815439224243164,0.15624189376831055,0.07714509963989258,0.07718086242675781,0.13855195045471191
43981.js-ob.js,0.08272290229797363,0.0823509693145752,0.15834617614746094,0.07743692398071289,0.07589197158813477,0.13928008079528809
87868.js-ob.js,0.07999205589294434,0.07989311218261719,0.15462589263916016,0.07664299011230469,0.0758659839630127,0.13937115669250488
40283.js-ob.js,0.0805361270904541,0.08069372177124023,0.15939712524414062,0.07750916481018066,0.07882094383239746,0.13828706741333008
44624.js-ob.js,0.08766794204711914,0.08182501792907715,0.1533069610595703,0.08455395698547363,0.07757687568664551,0.14203524589538574
95059.js-ob.js,0.08070826530456543,0.07733464241027832,0.16344499588012695,0.07616424560546875,0.07539081573486328,0.13788414001464844
50084.js-ob.js,0.08991312980651855,0.10244393348693848,0.19768095016479492,0.09080815315246582,0.08879590034484863,0.15920400619506836
8424.js-ob.js,0.0964958667755127,0.0819389820098877,0.15608716011047363,0.07937097549438477,0.07709789276123047,0.1389780044555664
5905.js-ob.js,0.10453081130981445,0.10526323318481445,0.18037986755371094,0.09276509284973145,0.09186697006225586,0.15233898162841797
102952.js-ob.js,0.0808708667755127,0.0792698860168457,0.15271711349487305,0.07709002494812012,0.07453203201293945,0.13665175437927246
43566.js-ob.js,0.08370518684387207,0.08015108108520508,0.1656198501586914,0.09298372268676758,0.08113932609558105,0.14461183547973633
56095.js-ob.js,0.10476183891296387,0.0883791446685791,0.16482901573181152,0.08147788047790527,0.0797119140625,0.14615511894226074
65459.js-ob.js,0.08673596382141113,0.0881049633026123,0.16428923606872559,0.08833575248718262,0.07991290092468262,0.15113019943237305
55560.js-ob.js,0.09214282035827637,0.09285712242126465,0.1748979091644287,0.08334517478942871,0.08515691757202148,0.15816688537597656
4654.js-ob.js,0.08770203590393066,0.07886385917663574,0.17203617095947266,0.0771799087524414,0.0778968334197998,0.13974404335021973
72259.js-ob.js,0.0911250114440918,0.09557604789733887,0.17457795143127441,0.08405113220214844,0.08719396591186523,0.1585381031036377
51803.js-ob.js,0.08550691604614258,0.09324002265930176,0.16743707656860352,0.08249187469482422,0.08976197242736816,0.14470720291137695
39987.js-ob.js,0.0849909782409668,0.0848839282989502,0.15861916542053223,0.07744693756103516,0.0793299674987793,0.14349699020385742
40486.js-ob.js,0.08363986015319824,0.08173918724060059,0.1598658561706543,0.07859301567077637,0.07692313194274902,0.1449747085571289
80761.js-ob.js,0.08237576484680176,0.08347797393798828,0.17419910430908203,0.07886791229248047,0.08138227462768555,0.14117789268493652
54985.js-ob.js,0.08802509307861328,0.09126901626586914,0.17267203330993652,0.07948803901672363,0.08106184005737305,0.14912700653076172
44575.js-ob.js,0.08806920051574707,0.08820390701293945,0.16472291946411133,0.08018898963928223,0.0789029598236084,0.14730405807495117
29651.js-ob.js,0.09445524215698242,0.08605313301086426,0.15558385848999023,0.08009696006774902,0.08077597618103027,0.14052104949951172
28808.js-ob.js,0.09403228759765625,0.08039188385009766,0.16451001167297363,0.08110690116882324,0.08214402198791504,0.14642024040222168
41746.js-ob.js,0.08349299430847168,0.08246493339538574,0.16347384452819824,0.09200310707092285,0.07797598838806152,0.14246892929077148
97160.js-ob.js,0.08142518997192383,0.0871429443359375,0.16239500045776367,0.07781100273132324,0.07767891883850098,0.1461620330810547
2985.js-ob.js,0.08881020545959473,0.08606576919555664,0.16038918495178223,0.08058595657348633,0.08038616180419922,0.14461588859558105
53620.js-ob.js,0.09079313278198242,0.08310794830322266,0.16178607940673828,0.08025693893432617,0.08070993423461914,0.14444208145141602
3174.js-ob.js,0.08546090126037598,0.07992672920227051,0.16812896728515625,0.08934831619262695,0.07912802696228027,0.14298176765441895
41949.js-ob.js,0.08839702606201172,0.08843803405761719,0.16117191314697266,0.08241891860961914,0.07525992393493652,0.13973402976989746
5217.js-ob.js,0.08789300918579102,0.08935308456420898,0.16540908813476562,0.0841820240020752,0.08017182350158691,0.14517998695373535
59093.js-ob.js,0.08923697471618652,0.08720517158508301,0.1668710708618164,0.08037781715393066,0.08541202545166016,0.14781808853149414
4676.js-ob.js,0.0877370834350586,0.0890650749206543,0.16861391067504883,0.08230805397033691,0.09012103080749512,0.14568185806274414
27846.js-ob.js,0.08667182922363281,0.0813601016998291,0.1583700180053711,0.07712078094482422,0.07691311836242676,0.14205598831176758
43082.js-ob.js,0.08846116065979004,0.08225893974304199,0.15896081924438477,0.07836222648620605,0.07697105407714844,0.14508581161499023
83042.js-ob.js,0.0801699161529541,0.0822761058807373,0.15662384033203125,0.08447003364562988,0.0776970386505127,0.14183306694030762
17294.js-ob.js,0.0822150707244873,0.07933306694030762,0.14643406867980957,0.0758209228515625,0.07355713844299316,0.13664889335632324
3801.js-ob.js,0.08517885208129883,0.08484888076782227,0.1652212142944336,0.08028483390808105,0.08718323707580566,0.1441657543182373
69826.js-ob.js,0.10226321220397949,0.09287500381469727,0.17252087593078613,0.08328604698181152,0.08364987373352051,0.1558370590209961
49680.js-ob.js,0.08451485633850098,0.07884526252746582,0.15228891372680664,0.07981491088867188,0.07531285285949707,0.13889217376708984
43405.js-ob.js,0.08551406860351562,0.08223104476928711,0.16076374053955078,0.08287906646728516,0.08002090454101562,0.14490127563476562
95511.js-ob.js,0.09513115882873535,0.08941793441772461,0.16822099685668945,0.08340096473693848,0.08593487739562988,0.14637231826782227
23866.js-ob.js,0.08677411079406738,0.0754091739654541,0.13992881774902344,0.07418394088745117,0.06872415542602539,0.13352179527282715
89608.js-ob.js,0.08549714088439941,0.0908961296081543,0.16602587699890137,0.09052085876464844,0.08203697204589844,0.14824604988098145
15300.js-ob.js,0.08133983612060547,0.07872414588928223,0.15651607513427734,0.07567191123962402,0.08476614952087402,0.1381058692932129
52286.js-ob.js,0.09933900833129883,0.0865318775177002,0.16244101524353027,0.07983207702636719,0.07933282852172852,0.1434040069580078
67724.js-ob.js,0.09063601493835449,0.08597803115844727,0.1728651523590088,0.08027791976928711,0.08083415031433105,0.14825773239135742
62914.js-ob.js,0.11255669593811035,0.11673498153686523,0.20353102684020996,0.09694314002990723,0.1007537841796875,0.17052531242370605
50529.js-ob.js,0.09461307525634766,0.08586597442626953,0.1629638671875,0.0798959732055664,0.08368611335754395,0.14348793029785156
12224.js-ob.js,0.0819997787475586,0.08024716377258301,0.16155004501342773,0.07857894897460938,0.0887300968170166,0.15358495712280273
6175.js-ob.js,0.10998082160949707,0.12240409851074219,0.2072582244873047,0.09749293327331543,0.10263299942016602,0.17213797569274902
29258.js-ob.js,0.08710479736328125,0.09488916397094727,0.1607198715209961,0.07734107971191406,0.08041191101074219,0.16032886505126953
69635.js-ob.js,0.09285879135131836,0.0847630500793457,0.17634105682373047,0.08478188514709473,0.0786440372467041,0.14716506004333496
55876.js-ob.js,0.09018397331237793,0.09325385093688965,0.1833491325378418,0.08363008499145508,0.09366989135742188,0.1497950553894043
42720.js-ob.js,0.08077287673950195,0.08457303047180176,0.17295503616333008,0.07716512680053711,0.0919957160949707,0.15024614334106445
73442.js-ob.js,0.11290311813354492,0.10434198379516602,0.18558692932128906,0.09165000915527344,0.09313106536865234,0.17484378814697266
51515.js-ob.js,0.09636187553405762,0.08470034599304199,0.1805896759033203,0.09817290306091309,0.08286738395690918,0.15147066116333008
86060.js-ob.js,0.08937501907348633,0.09720897674560547,0.173875093460083,0.0853738784790039,0.08681321144104004,0.15412402153015137
89559.js-ob.js,0.08280801773071289,0.07994198799133301,0.1575179100036621,0.07933712005615234,0.0838160514831543,0.16320371627807617
1432.js-ob.js,0.11573505401611328,0.1033940315246582,0.22414588928222656,0.0940091609954834,0.0932149887084961,0.1662747859954834
61603.js-ob.js,0.08774471282958984,0.09408426284790039,0.1674327850341797,0.08298325538635254,0.0841517448425293,0.1533350944519043
20252.js-ob.js,0.08432507514953613,0.08619904518127441,0.16628789901733398,0.07933521270751953,0.07952284812927246,0.14472389221191406
43931.js-ob.js,0.08875107765197754,0.08461213111877441,0.1638190746307373,0.08122491836547852,0.08083581924438477,0.1452500820159912
104359.js-ob.js,0.10767507553100586,0.1387939453125,0.21967697143554688,0.1056368350982666,0.1056671142578125,0.1880660057067871
66502.js-ob.js,0.17922115325927734,0.2980630397796631,0.32992100715637207,0.16272592544555664,0.15799808502197266,0.2776970863342285
42393.js-ob.js,0.0827939510345459,0.08722424507141113,0.16265583038330078,0.07974720001220703,0.08389401435852051,0.14858675003051758
102202.js-ob.js,0.08942222595214844,0.08694291114807129,0.16924118995666504,0.07767391204833984,0.07602691650390625,0.14476990699768066
53701.js-ob.js,0.08652901649475098,0.09015393257141113,0.21337389945983887,0.08911895751953125,0.08654117584228516,0.15056085586547852
49711.js-ob.js,0.3021540641784668,0.6865348815917969,0.6770620346069336,0.2966279983520508,0.4817800521850586,0.44974184036254883
1407.js-ob.js,0.10038924217224121,0.11135411262512207,0.19397878646850586,0.0914011001586914,0.10056805610656738,0.16335582733154297
50732.js-ob.js,0.09052729606628418,0.09270691871643066,0.17327094078063965,0.08400511741638184,0.08361101150512695,0.1509847640991211
71716.js-ob.js,0.20875000953674316,0.4544987678527832,0.4265720844268799,0.20732426643371582,0.21981287002563477,0.32805585861206055
79406.js-ob.js,0.09032225608825684,0.08253073692321777,0.16248297691345215,0.087615966796875,0.07865333557128906,0.14368367195129395
59099.js-ob.js,0.09593987464904785,0.08499288558959961,0.16934514045715332,0.0814669132232666,0.07966399192810059,0.1514911651611328
54129.js-ob.js,0.09070682525634766,0.08351993560791016,0.1628732681274414,0.08275985717773438,0.08054184913635254,0.14764809608459473
39835.js-ob.js,0.08797383308410645,0.08166289329528809,0.16623997688293457,0.08278512954711914,0.07645797729492188,0.14125609397888184
90997.js-ob.js,0.09240412712097168,0.10773611068725586,0.1832287311553955,0.09184408187866211,0.09116816520690918,0.1685030460357666
50605.js-ob.js,0.08676719665527344,0.0912177562713623,0.16963410377502441,0.08638906478881836,0.11223292350769043,0.15278005599975586
66394.js-ob.js,0.0889439582824707,0.08760595321655273,0.16559410095214844,0.07897496223449707,0.07935810089111328,0.14662599563598633
61254.js-ob.js,0.0755159854888916,0.07494282722473145,0.14764618873596191,0.0770409107208252,0.0708000659942627,0.13576984405517578
16434.js-ob.js,0.0776209831237793,0.07424116134643555,0.14437603950500488,0.07358407974243164,0.06900596618652344,0.13133502006530762
88692.js-ob.js,0.09281396865844727,0.07924699783325195,0.1687309741973877,0.07819819450378418,0.07584571838378906,0.13869905471801758
7325.js-ob.js,0.08777379989624023,0.08453011512756348,0.162308931350708,0.07903099060058594,0.0836172103881836,0.14326977729797363
11427.js-ob.js,0.10843586921691895,0.10420513153076172,0.18483686447143555,0.09295201301574707,0.09579586982727051,0.16085314750671387
62048.js-ob.js,0.09235477447509766,0.08284521102905273,0.16420578956604004,0.07586932182312012,0.10056877136230469,0.17084312438964844
42622.js-ob.js,0.08161211013793945,0.08298993110656738,0.1627490520477295,0.08058691024780273,0.09400606155395508,0.15451383590698242
53980.js-ob.js,0.09390425682067871,0.0832529067993164,0.15954995155334473,0.08156204223632812,0.07765412330627441,0.14356303215026855
84203.js-ob.js,0.08450603485107422,0.07744693756103516,0.15143918991088867,0.08304572105407715,0.07587885856628418,0.1389482021331787
86436.js-ob.js,0.0951528549194336,0.07950901985168457,0.1565260887145996,0.0797891616821289,0.07569575309753418,0.14317607879638672
81791.js-ob.js,0.08737397193908691,0.08785486221313477,0.16140007972717285,0.08293604850769043,0.08165097236633301,0.14726614952087402
1616.js-ob.js,0.12082099914550781,0.18395686149597168,0.2521510124206543,0.10738587379455566,0.11095809936523438,0.1884469985961914
84901.js-ob.js,0.08528900146484375,0.0907130241394043,0.16924095153808594,0.08496713638305664,0.0825808048248291,0.15010499954223633
96866.js-ob.js,0.13205480575561523,0.09412288665771484,0.165802001953125,0.07899999618530273,0.08004927635192871,0.14506077766418457
94705.js-ob.js,0.07968807220458984,0.08575677871704102,0.15920019149780273,0.07702279090881348,0.07545614242553711,0.13915801048278809
63819.js-ob.js,0.07219815254211426,0.07320976257324219,0.13869690895080566,0.06984496116638184,0.06970024108886719,0.13495707511901855
44518.js-ob.js,0.08192992210388184,0.08096599578857422,0.16214299201965332,0.08856606483459473,0.09043002128601074,0.16329121589660645
69705.js-ob.js,0.08022689819335938,0.08070111274719238,0.16220808029174805,0.07885479927062988,0.07866191864013672,0.1453721523284912
66945.js-ob.js,0.08108115196228027,0.08569765090942383,0.18769001960754395,0.160872220993042,0.0937039852142334,0.14734888076782227
73300.js-ob.js,0.08208107948303223,0.08243083953857422,0.15572190284729004,0.07726597785949707,0.07927393913269043,0.14362215995788574
1503.js-ob.js,0.08524394035339355,0.08775806427001953,0.1650371551513672,0.0832068920135498,0.08057284355163574,0.18445420265197754
57339.js-ob.js,0.08650898933410645,0.0850830078125,0.16679692268371582,0.07585906982421875,0.07577013969421387,0.1462547779083252
83582.js-ob.js,0.12028789520263672,0.11651897430419922,0.20294499397277832,0.10318803787231445,0.11055994033813477,0.1893911361694336
57591.js-ob.js,0.0976860523223877,0.11850285530090332,0.1788802146911621,0.08734822273254395,0.07842564582824707,0.14927411079406738
82079.js-ob.js,0.09941911697387695,0.09410381317138672,0.20636796951293945,0.0929112434387207,0.08549785614013672,0.15452218055725098
49340.js-ob.js,0.08455324172973633,0.08463788032531738,0.16048097610473633,0.07914590835571289,0.07822394371032715,0.14744210243225098
73432.js-ob.js,0.3118770122528076,0.7696149349212646,0.6376371383666992,0.45862483978271484,0.3244302272796631,0.4584977626800537
1590.js-ob.js,0.18993878364562988,0.3155500888824463,0.37809300422668457,0.18683099746704102,0.19624710083007812,0.29694199562072754
83510.js-ob.js,0.09634780883789062,0.10341620445251465,0.18657684326171875,0.09453105926513672,0.08910202980041504,0.16087102890014648
49662.js-ob.js,0.10635805130004883,0.09244799613952637,0.16706085205078125,0.08608484268188477,0.08241939544677734,0.1509549617767334
58550.js-ob.js,0.08295106887817383,0.08147382736206055,0.16068601608276367,0.09187793731689453,0.10550498962402344,0.14498043060302734
68706.js-ob.js,0.09440112113952637,0.08673286437988281,0.16776823997497559,0.08438777923583984,0.08018207550048828,0.1492910385131836
53673.js-ob.js,0.0829319953918457,0.08549880981445312,0.16746807098388672,0.07783293724060059,0.08089113235473633,0.14845013618469238
67544.js-ob.js,0.08825016021728516,0.08776187896728516,0.16166210174560547,0.09035515785217285,0.0819847583770752,0.14727115631103516
7775.js-ob.js,0.11462664604187012,0.14553022384643555,0.22506189346313477,0.10515809059143066,0.11318302154541016,0.1837477684020996
4075.js-ob.js,0.1467890739440918,0.24251699447631836,0.2881639003753662,0.14815092086791992,0.14500808715820312,0.28531908988952637
56372.js-ob.js,0.08492422103881836,0.09219479560852051,0.17312002182006836,0.08694720268249512,0.0907449722290039,0.15230083465576172
66399.js-ob.js,0.10187721252441406,0.10956501960754395,0.1950218677520752,0.10865998268127441,0.10152220726013184,0.16357183456420898
44354.js-ob.js,0.09331297874450684,0.10018205642700195,0.18501925468444824,0.08970069885253906,0.09066390991210938,0.16138434410095215
88562.js-ob.js,0.10691714286804199,0.14059209823608398,0.20879292488098145,0.10249018669128418,0.10551786422729492,0.18804383277893066
19772.js-ob.js,0.10033702850341797,0.08208799362182617,0.15374994277954102,0.08279609680175781,0.07633781433105469,0.14215826988220215
19985.js-ob.js,0.08122587203979492,0.08433794975280762,0.16875505447387695,0.07762885093688965,0.08208823204040527,0.1426067352294922
96412.js-ob.js,0.08652782440185547,0.08467388153076172,0.15983319282531738,0.08636999130249023,0.07887578010559082,0.14839506149291992
93844.js-ob.js,0.10141420364379883,0.11305880546569824,0.1959998607635498,0.09132218360900879,0.10019087791442871,0.16054511070251465
85373.js-ob.js,0.0800790786743164,0.08217191696166992,0.1590421199798584,0.07677984237670898,0.07948899269104004,0.13788509368896484
78626.js-ob.js,0.09780406951904297,0.08270525932312012,0.16264677047729492,0.08226394653320312,0.07880020141601562,0.1465449333190918
38872.js-ob.js,0.08133578300476074,0.08297109603881836,0.1594698429107666,0.07786417007446289,0.0801539421081543,0.14369726181030273
81923.js-ob.js,0.0854651927947998,0.08971381187438965,0.16613101959228516,0.08156013488769531,0.08246803283691406,0.14645004272460938
102658.js-ob.js,0.08063483238220215,0.07847809791564941,0.15384292602539062,0.08068513870239258,0.07556676864624023,0.14616918563842773
27891.js-ob.js,0.09349370002746582,0.08455324172973633,0.16311883926391602,0.08263111114501953,0.07770895957946777,0.16012787818908691
99156.js-ob.js,0.08322882652282715,0.08623909950256348,0.16575312614440918,0.07976913452148438,0.07934284210205078,0.14948797225952148
92546.js-ob.js,0.09635806083679199,0.12406301498413086,0.1894688606262207,0.09113407135009766,0.09197402000427246,0.15482187271118164
39025.js-ob.js,0.08915567398071289,0.08625531196594238,0.16276192665100098,0.08449888229370117,0.07872796058654785,0.14324498176574707
93979.js-ob.js,0.22917890548706055,0.4861109256744385,0.6459481716156006,0.2218320369720459,0.23807406425476074,0.35121679306030273
8184.js-ob.js,0.08646678924560547,0.08842015266418457,0.1668400764465332,0.08559489250183105,0.0827188491821289,0.14947819709777832
43898.js-ob.js,0.08270692825317383,0.08655714988708496,0.16680502891540527,0.08021187782287598,0.08054089546203613,0.14441418647766113
87349.js-ob.js,0.08256292343139648,0.08351612091064453,0.17410564422607422,0.07868123054504395,0.08037805557250977,0.14679288864135742
66377.js-ob.js,0.07870006561279297,0.08273792266845703,0.16327595710754395,0.08021092414855957,0.08030819892883301,0.14610004425048828
4041.js-ob.js,0.09810209274291992,0.11005997657775879,0.19361424446105957,0.09308171272277832,0.09135103225708008,0.16287708282470703
51925.js-ob.js,0.09047389030456543,0.10962510108947754,0.19064021110534668,0.08296680450439453,0.08926606178283691,0.14594316482543945
39657.js-ob.js,0.08676505088806152,0.08394002914428711,0.15938901901245117,0.08037686347961426,0.07996797561645508,0.14620113372802734
60820.js-ob.js,0.08703804016113281,0.08081579208374023,0.15649104118347168,0.08082723617553711,0.07760095596313477,0.1408529281616211
67717.js-ob.js,0.08273673057556152,0.07885503768920898,0.15364909172058105,0.07906103134155273,0.07723379135131836,0.1417531967163086
96609.js-ob.js,0.08188390731811523,0.08521795272827148,0.1635289192199707,0.07921195030212402,0.08598208427429199,0.14234709739685059
78937.js-ob.js,0.08551621437072754,0.08244085311889648,0.15662789344787598,0.0805661678314209,0.07880902290344238,0.14882683753967285
59559.js-ob.js,0.08107900619506836,0.08057188987731934,0.1546030044555664,0.0786900520324707,0.07742524147033691,0.14037299156188965
55447.js-ob.js,0.10169386863708496,0.11239504814147949,0.19753003120422363,0.09250903129577637,0.10913515090942383,0.1631927490234375
50674.js-ob.js,0.0878288745880127,0.08556604385375977,0.16763591766357422,0.08152127265930176,0.08730602264404297,0.14487075805664062
91394.js-ob.js,0.08467411994934082,0.08178091049194336,0.15657305717468262,0.08020901679992676,0.0756380558013916,0.14264202117919922
86507.js-ob.js,0.08345413208007812,0.07763385772705078,0.15419697761535645,0.08131694793701172,0.08137202262878418,0.15953302383422852
57449.js-ob.js,0.0974431037902832,0.11275887489318848,0.1824941635131836,0.08353090286254883,0.0842738151550293,0.15308332443237305
86235.js-ob.js,0.08669209480285645,0.07821798324584961,0.1528639793395996,0.07980179786682129,0.07585310935974121,0.14105701446533203
64206.js-ob.js,0.0909121036529541,0.0843048095703125,0.1646709442138672,0.08332204818725586,0.08292412757873535,0.14101290702819824
3391.js-ob.js,0.08424997329711914,0.07918405532836914,0.15415501594543457,0.07744383811950684,0.07599711418151855,0.138077974319458
24907.js-ob.js,0.17942500114440918,0.33345675468444824,0.3584861755371094,0.1724231243133545,0.18078374862670898,0.273906946182251
21736.js-ob.js,0.08309292793273926,0.08023405075073242,0.15140604972839355,0.0796051025390625,0.07631206512451172,0.13919591903686523
95745.js-ob.js,0.08710885047912598,0.0921630859375,0.16824102401733398,0.08164286613464355,0.08338308334350586,0.1465892791748047
5191.js-ob.js,0.09132695198059082,0.078857421875,0.15915799140930176,0.07775688171386719,0.0807349681854248,0.13573408126831055
44139.js-ob.js,0.09116506576538086,0.08189797401428223,0.16512107849121094,0.07843899726867676,0.0809330940246582,0.1460278034210205
38970.js-ob.js,0.08466076850891113,0.08326220512390137,0.16528606414794922,0.08090806007385254,0.07648587226867676,0.14215707778930664
38786.js-ob.js,0.0880281925201416,0.08048486709594727,0.1632082462310791,0.08154773712158203,0.0767221450805664,0.14136075973510742
58819.js-ob.js,0.0809171199798584,0.08618474006652832,0.155609130859375,0.0787808895111084,0.07696914672851562,0.13976502418518066
13693.js-ob.js,0.08651185035705566,0.08114504814147949,0.1561448574066162,0.08045125007629395,0.07738375663757324,0.14088201522827148
29386.js-ob.js,0.09235620498657227,0.082366943359375,0.16303300857543945,0.07828998565673828,0.0796060562133789,0.14340615272521973
39845.js-ob.js,0.08609914779663086,0.08165478706359863,0.15574121475219727,0.08645486831665039,0.07707595825195312,0.14536786079406738
3717.js-ob.js,0.09002900123596191,0.08743500709533691,0.15384912490844727,0.07929611206054688,0.07770085334777832,0.14841485023498535
52423.js-ob.js,0.10150814056396484,0.08832669258117676,0.16368913650512695,0.08113288879394531,0.08322525024414062,0.16318893432617188
88281.js-ob.js,0.09227538108825684,0.08391785621643066,0.1635150909423828,0.08395171165466309,0.10443615913391113,0.15452098846435547
44079.js-ob.js,0.08431386947631836,0.08905291557312012,0.16615605354309082,0.08087801933288574,0.08054709434509277,0.14760279655456543
69198.js-ob.js,0.08278417587280273,0.08013796806335449,0.15862798690795898,0.08009099960327148,0.07892608642578125,0.14252281188964844
86832.js-ob.js,0.0888359546661377,0.09311604499816895,0.17405986785888672,0.0847771167755127,0.0884847640991211,0.14964723587036133
55570.js-ob.js,0.08989787101745605,0.08437395095825195,0.15962910652160645,0.08649206161499023,0.07934093475341797,0.1614840030670166
97966.js-ob.js,0.09020280838012695,0.09512805938720703,0.1898200511932373,0.08467888832092285,0.0936431884765625,0.1553940773010254
29567.js-ob.js,0.08857893943786621,0.08344388008117676,0.161484956741333,0.08361506462097168,0.08022117614746094,0.15899181365966797
1718.js-ob.js,0.08901500701904297,0.08161425590515137,0.15685296058654785,0.08512473106384277,0.08137321472167969,0.14327192306518555
65727.js-ob.js,0.10817313194274902,0.138916015625,0.21444201469421387,0.10255289077758789,0.10489416122436523,0.17985796928405762
20524.js-ob.js,0.09154009819030762,0.08087706565856934,0.15552997589111328,0.07947278022766113,0.08220601081848145,0.1394062042236328
99986.js-ob.js,0.10568499565124512,0.07885098457336426,0.15029311180114746,0.07923293113708496,0.07443499565124512,0.13902592658996582
66323.js-ob.js,0.09952306747436523,0.10913491249084473,0.19187283515930176,0.09722709655761719,0.1016530990600586,0.17027902603149414
52943.js-ob.js,0.09360790252685547,0.10516977310180664,0.17826628684997559,0.08151602745056152,0.0824120044708252,0.14615607261657715
84008.js-ob.js,0.09750890731811523,0.11309003829956055,0.19489598274230957,0.09260821342468262,0.09341692924499512,0.2086489200592041
1587.js-ob.js,0.08524417877197266,0.0905158519744873,0.16086411476135254,0.08330178260803223,0.08350515365600586,0.14534306526184082
72777.js-ob.js,0.08872032165527344,0.08463573455810547,0.1645660400390625,0.08472704887390137,0.10133504867553711,0.14336514472961426
85252.js-ob.js,0.08153176307678223,0.07140827178955078,0.1364138126373291,0.07290101051330566,0.06645607948303223,0.130173921585083
40172.js-ob.js,0.0829460620880127,0.08721303939819336,0.16389894485473633,0.10591602325439453,0.1940748691558838,0.15059900283813477
71077.js-ob.js,0.08120894432067871,0.07977008819580078,0.1557481288909912,0.07972097396850586,0.07752704620361328,0.13943195343017578
86735.js-ob.js,0.09483003616333008,0.10609674453735352,0.17806124687194824,0.08729290962219238,0.09255504608154297,0.1596839427947998
71744.js-ob.js,0.07867693901062012,0.08099508285522461,0.17438101768493652,0.11917304992675781,0.08945608139038086,0.15139102935791016
87741.js-ob.js,0.0907900333404541,0.10479283332824707,0.19068002700805664,0.08332395553588867,0.08597111701965332,0.16479086875915527
93824.js-ob.js,0.11941099166870117,0.1691272258758545,0.2636749744415283,0.1174628734588623,0.12671113014221191,0.2196979522705078
88338.js-ob.js,0.08401632308959961,0.08243775367736816,0.1661980152130127,0.08274579048156738,0.07965207099914551,0.14566612243652344
69246.js-ob.js,0.07958388328552246,0.0830230712890625,0.16548609733581543,0.07967495918273926,0.09157705307006836,0.14481687545776367
54693.js-ob.js,0.08661198616027832,0.09140610694885254,0.1747448444366455,0.08396697044372559,0.08272933959960938,0.15032386779785156
100691.js-ob.js,0.08348727226257324,0.08286190032958984,0.16097807884216309,0.08291006088256836,0.07976770401000977,0.14526009559631348
86811.js-ob.js,0.08341288566589355,0.08817315101623535,0.16239595413208008,0.08078718185424805,0.08136606216430664,0.15266895294189453
54354.js-ob.js,0.09268498420715332,0.09638500213623047,0.18678021430969238,0.09347105026245117,0.09304976463317871,0.16124320030212402
86229.js-ob.js,0.08235597610473633,0.07180309295654297,0.1404268741607666,0.07223701477050781,0.07112312316894531,0.13543987274169922
58685.js-ob.js,0.0857248306274414,0.09680008888244629,0.18157100677490234,0.08597779273986816,0.08839821815490723,0.16670799255371094
80121.js-ob.js,0.08724308013916016,0.09016895294189453,0.1715850830078125,0.0901787281036377,0.08569598197937012,0.1533031463623047
7167.js-ob.js,0.08662104606628418,0.0847160816192627,0.1641848087310791,0.08362913131713867,0.08273196220397949,0.1552729606628418
88502.js-ob.js,0.0824289321899414,0.08358502388000488,0.15961599349975586,0.0790090560913086,0.0821681022644043,0.14438390731811523
95304.js-ob.js,0.08936119079589844,0.09390687942504883,0.17549800872802734,0.08646512031555176,0.09066176414489746,0.1633012294769287
44685.js-ob.js,0.09006500244140625,0.08845686912536621,0.16723895072937012,0.08401823043823242,0.08296608924865723,0.14683794975280762
50570.js-ob.js,0.09025692939758301,0.0878300666809082,0.1676008701324463,0.08240699768066406,0.08222508430480957,0.14416289329528809
58897.js-ob.js,0.09291386604309082,0.08484888076782227,0.15900111198425293,0.08126211166381836,0.0786597728729248,0.14609885215759277
44471.js-ob.js,0.08646392822265625,0.08631777763366699,0.15862727165222168,0.07956600189208984,0.0808100700378418,0.1417398452758789
67918.js-ob.js,0.08133602142333984,0.08027291297912598,0.1736891269683838,0.08852982521057129,0.08817410469055176,0.14549708366394043
29533.js-ob.js,0.08416891098022461,0.08390307426452637,0.16316580772399902,0.08466219902038574,0.08306193351745605,0.15616512298583984
99288.js-ob.js,0.11887288093566895,0.15256810188293457,0.22719502449035645,0.10712885856628418,0.10834097862243652,0.18506312370300293
19765.js-ob.js,0.08303189277648926,0.08624505996704102,0.17377090454101562,0.08251094818115234,0.08311820030212402,0.14779901504516602
59309.js-ob.js,0.08388924598693848,0.08619070053100586,0.16997814178466797,0.07959198951721191,0.08075690269470215,0.14595890045166016
19764.js-ob.js,0.08553075790405273,0.08360600471496582,0.16526508331298828,0.0903770923614502,0.09432196617126465,0.16634893417358398
89372.js-ob.js,0.11071419715881348,0.08958697319030762,0.17390084266662598,0.08054804801940918,0.08002400398254395,0.14156198501586914
3284.js-ob.js,0.08279705047607422,0.08098006248474121,0.1609947681427002,0.08051824569702148,0.07919001579284668,0.1404109001159668
101709.js-ob.js,0.08041596412658691,0.07877898216247559,0.15570878982543945,0.07707500457763672,0.07760310173034668,0.14604902267456055
96010.js-ob.js,0.1087648868560791,0.11109089851379395,0.18666601181030273,0.09267711639404297,0.10087084770202637,0.16572809219360352
51051.js-ob.js,0.09554409980773926,0.10424399375915527,0.18327999114990234,0.08780908584594727,0.08977270126342773,0.1661531925201416
3465.js-ob.js,0.09263396263122559,0.09829592704772949,0.18644309043884277,0.0911569595336914,0.09284400939941406,0.1567380428314209
61535.js-ob.js,0.08754301071166992,0.08438992500305176,0.16179919242858887,0.08148789405822754,0.07991504669189453,0.14498400688171387
41703.js-ob.js,0.08484983444213867,0.08474326133728027,0.17064380645751953,0.08284592628479004,0.08582401275634766,0.15478205680847168
63301.js-ob.js,0.08762884140014648,0.09804320335388184,0.1833028793334961,0.08348202705383301,0.08312392234802246,0.15436291694641113
79644.js-ob.js,0.11557507514953613,0.104644775390625,0.17171096801757812,0.08311223983764648,0.08359885215759277,0.15935397148132324
70353.js-ob.js,0.0936272144317627,0.09170675277709961,0.17465806007385254,0.0817568302154541,0.07921314239501953,0.14323210716247559
100094.js-ob.js,0.08102297782897949,0.08191323280334473,0.1605837345123291,0.08179426193237305,0.08382201194763184,0.15193605422973633
6806.js-ob.js,0.08885478973388672,0.09000802040100098,0.17518401145935059,0.08399796485900879,0.0892019271850586,0.15743517875671387
73132.js-ob.js,0.09197282791137695,0.09014606475830078,0.16427373886108398,0.08129620552062988,0.08109116554260254,0.14558696746826172
5758.js-ob.js,0.08786416053771973,0.1028757095336914,0.17812705039978027,0.08620715141296387,0.08702993392944336,0.15518975257873535
102694.js-ob.js,0.08921408653259277,0.07908010482788086,0.21162986755371094,0.08834028244018555,0.08933877944946289,0.14953088760375977
5396.js-ob.js,0.14258694648742676,0.21025490760803223,0.28049802780151367,0.13773584365844727,0.14403820037841797,0.224013090133667
83083.js-ob.js,0.08336377143859863,0.08103299140930176,0.15422725677490234,0.07820582389831543,0.07866191864013672,0.14275312423706055
3558.js-ob.js,0.08540225028991699,0.08456182479858398,0.16398000717163086,0.0834970474243164,0.08177900314331055,0.14501214027404785
39641.js-ob.js,0.08617091178894043,0.08617281913757324,0.1727921962738037,0.08426594734191895,0.08132600784301758,0.1491248607635498
71963.js-ob.js,0.07056021690368652,0.07119917869567871,0.143049955368042,0.0773458480834961,0.07108497619628906,0.1423020362854004
66106.js-ob.js,0.10883498191833496,0.12710094451904297,0.3596012592315674,0.1123189926147461,0.10460901260375977,0.18282389640808105
61902.js-ob.js,0.08826684951782227,0.0937809944152832,0.16280722618103027,0.08637690544128418,0.08506631851196289,0.1540238857269287
22499.js-ob.js,0.08814001083374023,0.0870821475982666,0.17658281326293945,0.08167123794555664,0.08045387268066406,0.15742778778076172
45243.js-ob.js,0.0832216739654541,0.08321523666381836,0.16463303565979004,0.08292889595031738,0.08075213432312012,0.1429579257965088
82065.js-ob.js,0.0904088020324707,0.09572625160217285,0.18360590934753418,0.08956694602966309,0.08517098426818848,0.15349507331848145
95239.js-ob.js,0.3069441318511963,0.7978837490081787,0.60502028465271,0.28180575370788574,0.31881022453308105,0.4521677494049072
94934.js-ob.js,0.08740687370300293,0.08118295669555664,0.15485620498657227,0.07755184173583984,0.07714319229125977,0.14470982551574707
60128.js-ob.js,0.07565188407897949,0.07735133171081543,0.14577198028564453,0.07178497314453125,0.07212376594543457,0.13368010520935059
6010.js-ob.js,0.08779692649841309,0.08270907402038574,0.15750384330749512,0.07932901382446289,0.07700681686401367,0.14018630981445312
63628.js-ob.js,0.0859379768371582,0.0921320915222168,0.16487383842468262,0.08240008354187012,0.08214592933654785,0.15143990516662598
13547.js-ob.js,0.08136129379272461,0.07808279991149902,0.1452498435974121,0.07260704040527344,0.06947922706604004,0.13968491554260254
14141.js-ob.js,0.07435488700866699,0.07295012474060059,0.14860892295837402,0.0762791633605957,0.07518291473388672,0.13657402992248535
78604.js-ob.js,0.08433699607849121,0.08749008178710938,0.16588473320007324,0.07797813415527344,0.07882118225097656,0.14493083953857422
13628.js-ob.js,0.0846858024597168,0.09885716438293457,0.17432785034179688,0.08038496971130371,0.07997584342956543,0.14496326446533203
94449.js-ob.js,0.08553075790405273,0.0869131088256836,0.16692399978637695,0.08329105377197266,0.0834200382232666,0.14479684829711914
73458.js-ob.js,0.08034729957580566,0.06948471069335938,0.1356971263885498,0.07275915145874023,0.06663870811462402,0.12922406196594238
40095.js-ob.js,0.08706307411193848,0.08287906646728516,0.16176676750183105,0.08104610443115234,0.07727408409118652,0.15160202980041504
71738.js-ob.js,0.08248400688171387,0.0790400505065918,0.15767312049865723,0.07897305488586426,0.07708501815795898,0.14044880867004395
47154.js-ob.js,0.08756422996520996,0.0866239070892334,0.16003775596618652,0.08038926124572754,0.07997012138366699,0.14314484596252441
84075.js-ob.js,0.08576107025146484,0.0801398754119873,0.15760302543640137,0.07764792442321777,0.07623887062072754,0.13917899131774902
95121.js-ob.js,0.08894515037536621,0.1045379638671875,0.1825408935546875,0.08712410926818848,0.08758282661437988,0.15372920036315918
63757.js-ob.js,0.08203697204589844,0.08562469482421875,0.15559124946594238,0.0784609317779541,0.07642602920532227,0.14177584648132324
51153.js-ob.js,0.08739113807678223,0.08529901504516602,0.15982913970947266,0.08224892616271973,0.07910299301147461,0.1443488597869873
1460.js-ob.js,0.09836792945861816,0.09163212776184082,0.16960787773132324,0.08423304557800293,0.09094977378845215,0.19077301025390625
62277.js-ob.js,0.09141397476196289,0.1072549819946289,0.17349886894226074,0.08535909652709961,0.08509182929992676,0.15125012397766113
42984.js-ob.js,0.08021402359008789,0.08271622657775879,0.15905475616455078,0.07796597480773926,0.08253812789916992,0.14256501197814941
61022.js-ob.js,0.09202313423156738,0.09441876411437988,0.17414307594299316,0.08122014999389648,0.08034777641296387,0.15306901931762695
67981.js-ob.js,0.08437013626098633,0.08129596710205078,0.1555619239807129,0.08552813529968262,0.13673996925354004,0.14555907249450684
61618.js-ob.js,0.07896590232849121,0.07503008842468262,0.15527606010437012,0.08599495887756348,0.08492302894592285,0.14635992050170898
20473.js-ob.js,0.0792689323425293,0.08000898361206055,0.16328001022338867,0.08480501174926758,0.08174991607666016,0.14778804779052734
1281.js-ob.js,0.14772915840148926,0.2527179718017578,0.29476499557495117,0.13933706283569336,0.1560370922088623,0.42043495178222656
80055.js-ob.js,0.12427496910095215,0.16488194465637207,0.275068998336792,0.11347818374633789,0.1120607852935791,0.19843816757202148
