FileName,rename_unweighted,jsjiami_unweighted,jsjiami_recover_unweighted_old,jsjiami_recover_unweighted
100063.js,-1.0,-1.0,-1.0,-1.0
100094.js,0.0,3.0,0.0,0.0
100111.js,-1.0,-1.0,-1.0,-1.0
100217.js,-1.0,-1.0,-1.0,-1.0
100374.js,-1.0,-1.0,-1.0,-1.0
100482.js,-1.0,-1.0,-1.0,-1.0
100484.js,-1.0,-1.0,-1.0,-1.0
100561.js,0.0,1.5,0.0,0.0
100583.js,0.0,0.6666666666666666,0.6666666666666666,0.3333333333333333
100586.js,0.0,3.0,1.0,1.0
100610.js,-1.0,-1.0,-1.0,-1.0
100691.js,0.0,0.2,0.8,0.6
100778.js,-1.0,-1.0,-1.0,-1.0
100815.js,0.0,3.0,1.0,1.0
100896.js,0.0,0.3076923076923077,0.6153846153846154,0.6153846153846154
101009.js,0.0,3.0,0.0,0.0
101085.js,0.0,1.0,0.5,0.5
101196.js,0.0,2.0,0.0,0.0
101223.js,0.0,3.0,0.0,0.0
101529.js,0.0,3.0,0.0,0.0
101576.js,0.0,0.0,0.0,0.0
101606.js,0.0,0.0,0.0,0.0
101611.js,-1.0,-1.0,-1.0,-1.0
101709.js,0.0,3.0,0.0,0.0
101800.js,0.0,1.0,0.5,0.5
102055.js,0.0,3.0,0.0,0.0
102202.js,0.0,3.0,0.0,0.0
102658.js,0.0,2.0,0.0,0.0
102694.js,0.0,2.0,0.0,0.0
10292.js,-1.0,-1.0,-1.0,-1.0
102952.js,0.0,3.0,0.0,0.0
103438.js,0.0,2.0,0.0,0.0
103695.js,0.0,3.0,0.0,0.0
10398.js,0.0,2.0,0.0,0.5
104116.js,0.0,0.0,0.7142857142857143,0.5714285714285714
10414.js,-1.0,-1.0,-1.0,-1.0
10415.js,-1.0,-1.0,-1.0,-1.0
104155.js,0.0,0.75,0.0,0.0
104359.js,0.0,1.0,0.0,0.0
10485.js,-1.0,-1.0,-1.0,-1.0
10884.js,-1.0,-1.0,-1.0,-1.0
10899.js,-1.0,-1.0,-1.0,-1.0
10931.js,-1.0,-1.0,-1.0,-1.0
11062.js,0.0,0.5333333333333333,0.8666666666666667,0.8
11216.js,-1.0,-1.0,-1.0,-1.0
11427.js,0.0,0.631578947368421,0.8421052631578947,0.8947368421052632
11429.js,0.0,0.3333333333333333,0.3333333333333333,0.3333333333333333
11761.js,0.0,0.3076923076923077,0.6153846153846154,0.6923076923076923
12012.js,-1.0,-1.0,-1.0,-1.0
12208.js,-1.0,-1.0,-1.0,-1.0
12224.js,0.0,0.0,0.5714285714285714,0.5714285714285714
12339.js,-1.0,-1.0,-1.0,-1.0
12476.js,-1.0,-1.0,-1.0,-1.0
1255.js,0.0,0.3333333333333333,0.16666666666666666,0.3333333333333333
12699.js,-1.0,-1.0,-1.0,-1.0
1281.js,0.0,1.0,0.0,0.3333333333333333
12896.js,-1.0,-1.0,-1.0,-1.0
13070.js,0.0,3.0,0.0,0.0
13312.js,0.0,2.0,0.0,0.5
13547.js,0.0,0.0,0.0,0.0
13575.js,0.0,0.35714285714285715,0.5714285714285714,0.6428571428571429
13620.js,0.0,3.0,0.0,0.0
13628.js,0.0,0.2727272727272727,0.5454545454545454,0.6363636363636364
13630.js,0.0,0.23076923076923078,0.5384615384615384,0.5384615384615384
13693.js,0.0,0.25,0.75,0.75
13749.js,0.0,4.0,1.0,1.0
138.js,0.0,0.3333333333333333,0.3333333333333333,0.3333333333333333
1407.js,0.0,0.125,0.75,0.625
14132.js,0.0,0.0,0.0,0.0
14141.js,0.0,0.0,0.0,0.0
14233.js,-1.0,-1.0,-1.0,-1.0
1432.js,0.0,0.2,0.4,0.4
1437.js,-1.0,-1.0,-1.0,-1.0
1460.js,0.0,3.0,0.0,0.0
14648.js,-1.0,-1.0,-1.0,-1.0
14977.js,0.0,0.0,0.0,0.0
1503.js,0.0,1.0,0.0,0.3333333333333333
15292.js,0.0,0.0,0.0,0.0
15300.js,0.0,3.0,1.0,1.0
15361.js,0.0,2.0,0.0,0.0
15580.js,0.0,0.0,0.0,0.0
15783.js,0.0,0.0,0.0,0.0
15855.js,0.0,0.0,0.0,0.0
1587.js,0.0,1.0,0.3333333333333333,0.0
1590.js,0.0,0.7142857142857143,-1.0,-1.0
1616.js,0.0,0.2,0.4,0.6
16222.js,0.0,3.0,0.0,0.0
16434.js,0.0,0.0,0.0,0.0
17034.js,0.0,0.0,0.0,0.0
17041.js,0.0,0.0,0.0,0.0
1718.js,0.0,0.5,0.5,0.5
17294.js,0.0,0.0,0.0,0.0
1732.js,0.0,2.0,0.5,0.5
17569.js,0.0,2.0,0.0,0.0
1776.js,0.0,1.0,0.3333333333333333,0.0
1804.js,-1.0,-1.0,-1.0,-1.0
18204.js,-1.0,-1.0,-1.0,-1.0
18831.js,0.0,3.0,0.0,0.0
18887.js,0.0,3.0,0.0,0.0
19689.js,-1.0,-1.0,-1.0,-1.0
19732.js,0.0,0.2,0.4,0.8
19764.js,0.0,1.5,0.5,0.5
19765.js,0.0,2.0,0.5,0.5
19772.js,0.0,4.0,0.0,0.0
19847.js,0.0,0.42857142857142855,0.14285714285714285,0.14285714285714285
19912.js,0.0,1.0,0.0,0.0
19946.js,0.0,3.0,0.0,0.0
19970.js,0.0,1.0,0.3333333333333333,0.6666666666666666
19985.js,0.0,1.3333333333333333,0.3333333333333333,0.0
20050.js,0.0,2.0,0.5,0.5
20087.js,0.0,1.0,0.5,0.5
20134.js,0.0,1.5,0.5,0.5
20226.js,0.0,3.0,0.0,0.0
20252.js,0.0,3.0,0.0,0.0
20268.js,0.0,4.0,1.0,0.0
2044.js,-1.0,-1.0,-1.0,-1.0
20473.js,0.0,2.0,0.0,0.0
20524.js,0.0,3.0,0.0,0.0
20564.js,0.0,3.0,0.0,0.0
20750.js,0.0,4.0,0.0,0.0
20837.js,0.0,4.0,0.0,0.0
2096.js,-1.0,-1.0,-1.0,-1.0
21.js,0.0,2.0,0.5,0.0
2101.js,-1.0,-1.0,-1.0,-1.0
21010.js,-1.0,-1.0,-1.0,-1.0
21071.js,0.0,0.5,0.5,0.5
21163.js,0.0,1.0,0.5,0.0
21166.js,0.0,0.6666666666666666,0.6666666666666666,0.6666666666666666
21170.js,0.0,1.5,0.5,0.5
2125.js,-1.0,-1.0,-1.0,-1.0
21279.js,-1.0,-1.0,-1.0,-1.0
21436.js,0.0,3.0,0.0,0.0
21552.js,0.0,2.0,0.5,0.5
21736.js,0.0,2.0,0.5,0.5
21946.js,0.0,0.5,0.25,0.5
22499.js,0.0,1.0,0.3333333333333333,0.0
22516.js,0.0,1.5,0.0,0.5
22798.js,-1.0,-1.0,-1.0,-1.0
22829.js,0.0,0.6666666666666666,0.6666666666666666,0.6666666666666666
22857.js,-1.0,-1.0,-1.0,-1.0
22918.js,0.0,0.0,0.0,0.0
22924.js,-1.0,-1.0,-1.0,-1.0
22986.js,0.0,0.8571428571428571,0.8571428571428571,0.8571428571428571
2324.js,0.0,0.4,0.7,0.8
23429.js,-1.0,-1.0,-1.0,-1.0
23809.js,0.0,0.3333333333333333,0.3333333333333333,0.3333333333333333
23866.js,0.0,0.0,0.0,0.0
23895.js,0.0,0.0,0.0,0.0
24270.js,0.0,0.06666666666666667,0.3333333333333333,0.3333333333333333
24292.js,0.0,0.125,0.75,0.625
24340.js,0.0,1.3333333333333333,0.0,0.3333333333333333
24371.js,0.0,0.3333333333333333,0.3333333333333333,0.3333333333333333
24506.js,0.0,3.0,0.0,0.0
24860.js,0.0,3.0,0.0,0.0
24862.js,0.0,3.0,0.0,0.0
24907.js,0.0,0.2,0.4,0.6
24913.js,0.0,1.0,0.0,0.5
2496.js,0.0,3.0,0.0,0.0
25001.js,-1.0,-1.0,-1.0,-1.0
2614.js,0.0,3.0,0.0,0.0
26541.js,-1.0,-1.0,-1.0,-1.0
2656.js,0.0,0.2,0.4,0.6
27002.js,-1.0,-1.0,-1.0,-1.0
27178.js,-1.0,-1.0,-1.0,-1.0
27182.js,-1.0,-1.0,-1.0,-1.0
27245.js,-1.0,-1.0,-1.0,-1.0
27247.js,-1.0,-1.0,-1.0,-1.0
27598.js,0.0,0.125,0.375,0.375
27724.js,0.0,0.125,0.5,0.5
27838.js,0.0,0.125,0.375,0.375
27846.js,0.0,0.125,0.5,0.375
27880.js,0.0,0.125,0.375,0.375
27891.js,0.0,0.125,0.375,0.375
27902.js,0.0,0.125,0.375,0.375
28298.js,0.0,0.125,0.5,0.375
28473.js,0.0,0.125,0.5,0.375
28688.js,0.0,0.125,0.375,0.5
28808.js,0.0,0.125,0.375,0.5
28877.js,0.0,0.125,0.375,0.5
28976.js,0.0,0.125,0.375,0.375
29012.js,0.0,0.125,0.375,0.5
29132.js,0.0,0.125,0.375,0.375
29148.js,0.0,0.125,0.375,0.375
29213.js,0.0,0.125,0.375,0.5
29258.js,0.0,0.125,0.5,0.375
29294.js,0.0,0.125,0.5,0.5
29386.js,0.0,0.125,0.375,0.375
29408.js,0.0,0.125,0.5,0.375
29474.js,0.0,0.125,0.375,0.375
29533.js,0.0,0.125,0.5,0.375
29540.js,0.0,0.125,0.375,0.375
29567.js,0.0,0.125,0.375,0.375
29651.js,0.0,0.125,0.375,0.375
29704.js,0.0,0.125,0.375,0.375
29838.js,-1.0,-1.0,-1.0,-1.0
2985.js,0.0,3.0,0.0,0.0
29861.js,-1.0,-1.0,-1.0,-1.0
29913.js,-1.0,-1.0,-1.0,-1.0
29975.js,-1.0,-1.0,-1.0,-1.0
29986.js,-1.0,-1.0,-1.0,-1.0
300.js,-1.0,-1.0,-1.0,-1.0
30124.js,-1.0,-1.0,-1.0,-1.0
30293.js,-1.0,-1.0,-1.0,-1.0
30361.js,-1.0,-1.0,-1.0,-1.0
30370.js,-1.0,-1.0,-1.0,-1.0
30375.js,-1.0,-1.0,-1.0,-1.0
30403.js,-1.0,-1.0,-1.0,-1.0
30415.js,-1.0,-1.0,-1.0,-1.0
30510.js,-1.0,-1.0,-1.0,-1.0
3062.js,0.0,3.0,0.0,0.0
30712.js,-1.0,-1.0,-1.0,-1.0
30719.js,-1.0,-1.0,-1.0,-1.0
30771.js,-1.0,-1.0,-1.0,-1.0
30860.js,-1.0,-1.0,-1.0,-1.0
30876.js,-1.0,-1.0,-1.0,-1.0
30894.js,-1.0,-1.0,-1.0,-1.0
30959.js,-1.0,-1.0,-1.0,-1.0
30978.js,-1.0,-1.0,-1.0,-1.0
31344.js,-1.0,-1.0,-1.0,-1.0
31377.js,-1.0,-1.0,-1.0,-1.0
31386.js,-1.0,-1.0,-1.0,-1.0
31487.js,-1.0,-1.0,-1.0,-1.0
31552.js,-1.0,-1.0,-1.0,-1.0
31615.js,-1.0,-1.0,-1.0,-1.0
3174.js,0.0,3.0,0.0,0.0
31854.js,-1.0,-1.0,-1.0,-1.0
32013.js,-1.0,-1.0,-1.0,-1.0
32116.js,-1.0,-1.0,-1.0,-1.0
32164.js,-1.0,-1.0,-1.0,-1.0
32188.js,-1.0,-1.0,-1.0,-1.0
32279.js,-1.0,-1.0,-1.0,-1.0
32369.js,-1.0,-1.0,-1.0,-1.0
32515.js,-1.0,-1.0,-1.0,-1.0
32551.js,-1.0,-1.0,-1.0,-1.0
32556.js,-1.0,-1.0,-1.0,-1.0
32626.js,-1.0,-1.0,-1.0,-1.0
32745.js,-1.0,-1.0,-1.0,-1.0
32747.js,-1.0,-1.0,-1.0,-1.0
3284.js,0.0,3.0,0.0,0.0
32843.js,-1.0,-1.0,-1.0,-1.0
32846.js,-1.0,-1.0,-1.0,-1.0
32896.js,-1.0,-1.0,-1.0,-1.0
33023.js,-1.0,-1.0,-1.0,-1.0
33031.js,-1.0,-1.0,-1.0,-1.0
33046.js,-1.0,-1.0,-1.0,-1.0
33261.js,-1.0,-1.0,-1.0,-1.0
33341.js,-1.0,-1.0,-1.0,-1.0
33370.js,-1.0,-1.0,-1.0,-1.0
33397.js,-1.0,-1.0,-1.0,-1.0
33427.js,-1.0,-1.0,-1.0,-1.0
33489.js,-1.0,-1.0,-1.0,-1.0
3354.js,0.0,3.0,0.0,0.0
33586.js,-1.0,-1.0,-1.0,-1.0
33599.js,-1.0,-1.0,-1.0,-1.0
33613.js,-1.0,-1.0,-1.0,-1.0
33634.js,-1.0,-1.0,-1.0,-1.0
33835.js,-1.0,-1.0,-1.0,-1.0
33895.js,-1.0,-1.0,-1.0,-1.0
3391.js,0.0,3.0,0.0,0.0
34023.js,-1.0,-1.0,-1.0,-1.0
34055.js,-1.0,-1.0,-1.0,-1.0
34209.js,-1.0,-1.0,-1.0,-1.0
34265.js,-1.0,-1.0,-1.0,-1.0
34292.js,-1.0,-1.0,-1.0,-1.0
34322.js,-1.0,-1.0,-1.0,-1.0
34401.js,-1.0,-1.0,-1.0,-1.0
34522.js,-1.0,-1.0,-1.0,-1.0
34526.js,-1.0,-1.0,-1.0,-1.0
34534.js,-1.0,-1.0,-1.0,-1.0
34553.js,-1.0,-1.0,-1.0,-1.0
34602.js,-1.0,-1.0,-1.0,-1.0
34620.js,-1.0,-1.0,-1.0,-1.0
34631.js,-1.0,-1.0,-1.0,-1.0
3465.js,0.0,3.0,0.0,0.0
34651.js,-1.0,-1.0,-1.0,-1.0
34848.js,-1.0,-1.0,-1.0,-1.0
34903.js,-1.0,-1.0,-1.0,-1.0
34939.js,-1.0,-1.0,-1.0,-1.0
34947.js,-1.0,-1.0,-1.0,-1.0
35296.js,-1.0,-1.0,-1.0,-1.0
35349.js,-1.0,-1.0,-1.0,-1.0
35400.js,-1.0,-1.0,-1.0,-1.0
35504.js,-1.0,-1.0,-1.0,-1.0
35540.js,-1.0,-1.0,-1.0,-1.0
3558.js,0.0,0.5714285714285714,0.8571428571428571,0.7857142857142857
35829.js,-1.0,-1.0,-1.0,-1.0
35855.js,-1.0,-1.0,-1.0,-1.0
35958.js,-1.0,-1.0,-1.0,-1.0
35993.js,-1.0,-1.0,-1.0,-1.0
36135.js,-1.0,-1.0,-1.0,-1.0
36317.js,-1.0,-1.0,-1.0,-1.0
36371.js,-1.0,-1.0,-1.0,-1.0
36376.js,-1.0,-1.0,-1.0,-1.0
36511.js,-1.0,-1.0,-1.0,-1.0
36516.js,-1.0,-1.0,-1.0,-1.0
3653.js,0.0,3.0,0.0,0.0
3659.js,0.0,3.0,0.0,0.0
36637.js,-1.0,-1.0,-1.0,-1.0
36662.js,-1.0,-1.0,-1.0,-1.0
36903.js,-1.0,-1.0,-1.0,-1.0
37088.js,-1.0,-1.0,-1.0,-1.0
37159.js,-1.0,-1.0,-1.0,-1.0
3717.js,0.0,3.0,0.0,0.0
3718.js,0.0,3.0,0.0,0.0
37277.js,-1.0,-1.0,-1.0,-1.0
37464.js,-1.0,-1.0,-1.0,-1.0
37503.js,-1.0,-1.0,-1.0,-1.0
37610.js,-1.0,-1.0,-1.0,-1.0
37699.js,-1.0,-1.0,-1.0,-1.0
37864.js,-1.0,-1.0,-1.0,-1.0
37998.js,-1.0,-1.0,-1.0,-1.0
38001.js,-1.0,-1.0,-1.0,-1.0
3801.js,0.0,3.0,0.0,0.0
38031.js,-1.0,-1.0,-1.0,-1.0
38090.js,-1.0,-1.0,-1.0,-1.0
38102.js,-1.0,-1.0,-1.0,-1.0
38161.js,-1.0,-1.0,-1.0,-1.0
38177.js,-1.0,-1.0,-1.0,-1.0
38295.js,-1.0,-1.0,-1.0,-1.0
38411.js,-1.0,-1.0,-1.0,-1.0
38472.js,-1.0,-1.0,-1.0,-1.0
38577.js,-1.0,-1.0,-1.0,-1.0
38607.js,-1.0,-1.0,-1.0,-1.0
38617.js,-1.0,-1.0,-1.0,-1.0
3873.js,0.0,3.0,0.0,0.0
38760.js,0.0,0.125,0.375,0.5
38786.js,0.0,0.125,0.375,0.375
38807.js,0.0,0.125,0.375,0.375
38815.js,0.0,0.125,0.375,0.375
38823.js,0.0,0.125,0.375,0.375
3884.js,0.0,3.0,0.0,0.0
38872.js,0.0,0.125,0.5,0.375
38970.js,0.0,0.125,0.375,0.5
39025.js,0.0,0.125,0.5,0.375
3924.js,0.0,1.0,0.3333333333333333,0.3333333333333333
39278.js,0.0,0.125,0.375,0.375
39287.js,0.0,0.09090909090909091,0.2727272727272727,0.2727272727272727
39463.js,0.0,0.125,0.375,0.375
3949.js,0.0,3.0,0.0,0.0
39563.js,0.0,0.125,0.5,0.5
39575.js,0.0,0.125,0.375,0.375
39641.js,0.0,0.125,0.375,0.5
39657.js,0.0,0.125,0.375,0.5
39685.js,0.0,0.125,0.5,0.375
39689.js,0.0,0.125,0.375,0.375
39795.js,0.0,0.125,0.375,0.5
39835.js,0.0,0.125,0.375,0.375
39845.js,0.0,0.125,0.5,0.5
39953.js,0.0,0.125,0.375,0.375
39987.js,0.0,0.125,0.375,0.375
40095.js,0.0,0.125,0.5,0.5
40133.js,0.0,0.125,0.375,0.375
40172.js,0.0,0.125,0.375,0.5
40283.js,0.0,0.125,0.5,0.5
4041.js,0.0,2.0,0.0,0.0
40486.js,0.0,0.125,0.375,0.375
40512.js,0.0,0.125,0.375,0.375
4075.js,0.0,3.0,0.0,0.0
40938.js,0.0,0.125,0.375,0.5
40984.js,0.0,0.125,0.5,0.375
41114.js,0.0,0.125,0.5,0.375
41351.js,0.0,0.125,0.5,0.375
41427.js,0.0,0.125,0.375,0.375
41525.js,0.0,0.125,0.375,0.375
4165.js,0.0,3.0,0.0,0.0
41703.js,0.0,0.125,0.375,0.375
41746.js,0.0,0.125,0.375,0.375
41759.js,0.0,0.125,0.5,0.375
41785.js,0.0,0.125,0.375,0.375
41931.js,0.0,0.125,0.375,0.375
41949.js,0.0,0.125,0.375,0.5
42393.js,0.0,0.125,0.375,0.375
42462.js,0.0,0.125,0.5,0.5
42466.js,0.0,0.125,0.375,0.375
42622.js,0.0,0.125,0.375,0.375
42641.js,0.0,0.125,0.5,0.375
42720.js,0.0,0.125,0.375,0.375
42722.js,0.0,0.125,0.5,0.375
42892.js,0.0,0.125,0.375,0.375
42984.js,0.0,0.125,0.375,0.375
43082.js,0.0,0.125,0.375,0.375
43405.js,0.0,0.125,0.375,0.5
43492.js,0.0,0.125,0.375,0.375
43566.js,0.0,0.125,0.375,0.375
43851.js,0.0,0.125,0.5,0.375
43891.js,0.0,0.125,0.375,0.5
43898.js,0.0,0.125,0.375,0.375
43931.js,0.0,0.125,0.5,0.375
43981.js,0.0,0.125,0.5,0.5
44079.js,0.0,0.125,0.375,0.375
44114.js,0.0,0.125,0.5,0.5
44122.js,0.0,0.125,0.5,0.375
44139.js,0.0,0.125,0.5,0.375
44169.js,0.0,0.125,0.375,0.375
44293.js,0.0,0.125,0.375,0.5
44333.js,0.0,0.125,0.375,0.375
44354.js,0.0,0.09090909090909091,0.2727272727272727,0.2727272727272727
44431.js,0.0,0.125,0.5,0.375
44471.js,0.0,0.125,0.375,0.375
44473.js,0.0,0.125,0.375,0.375
44518.js,0.0,0.125,0.5,0.375
44553.js,0.0,0.125,0.375,0.375
44575.js,0.0,0.125,0.375,0.375
44576.js,0.0,0.125,0.375,0.375
44624.js,0.0,0.125,0.375,0.375
44685.js,0.0,0.125,0.375,0.375
448.js,-1.0,-1.0,-1.0,-1.0
44963.js,0.0,0.125,0.5,0.375
45063.js,0.0,0.125,0.375,0.375
45101.js,0.0,0.125,0.375,0.375
45107.js,0.0,0.125,0.375,0.375
45154.js,0.0,0.125,0.375,0.5
45220.js,0.0,0.125,0.375,0.375
45243.js,0.0,0.125,0.375,0.375
45324.js,0.0,0.125,0.375,0.5
45333.js,0.0,0.125,0.5,0.5
45502.js,0.0,0.75,0.0,0.25
45730.js,-1.0,-1.0,-1.0,-1.0
45861.js,-1.0,-1.0,-1.0,-1.0
45919.js,-1.0,-1.0,-1.0,-1.0
46.js,0.0,1.3333333333333333,0.0,0.3333333333333333
46063.js,-1.0,-1.0,-1.0,-1.0
46104.js,-1.0,-1.0,-1.0,-1.0
46111.js,-1.0,-1.0,-1.0,-1.0
46413.js,-1.0,-1.0,-1.0,-1.0
46432.js,0.0,2.0,0.5,0.5
4654.js,0.0,1.5,1.0,0.0
46572.js,-1.0,-1.0,-1.0,-1.0
4676.js,0.0,1.0,0.0,0.3333333333333333
46860.js,-1.0,-1.0,-1.0,-1.0
47010.js,-1.0,-1.0,-1.0,-1.0
47021.js,-1.0,-1.0,-1.0,-1.0
47113.js,-1.0,-1.0,-1.0,-1.0
47154.js,0.0,0.2,0.6,0.6
47250.js,-1.0,-1.0,-1.0,-1.0
47289.js,0.0,3.0,0.0,0.0
47526.js,-1.0,-1.0,-1.0,-1.0
47656.js,0.0,3.0,0.0,0.0
48874.js,-1.0,-1.0,-1.0,-1.0
48940.js,-1.0,-1.0,-1.0,-1.0
49340.js,0.0,3.0,0.0,0.0
49662.js,0.0,3.0,0.0,0.0
49680.js,0.0,3.0,0.0,0.0
49711.js,0.0,3.0,0.0,0.0
50055.js,0.0,2.0,0.0,0.0
50084.js,0.0,2.0,0.0,0.0
50145.js,0.0,2.0,0.0,0.0
50382.js,0.5,1.5,1.0,1.0
50435.js,0.0,2.0,0.0,0.0
50453.js,0.0,2.0,0.0,0.0
50529.js,0.0,3.0,0.0,0.0
50562.js,0.0,3.0,0.0,0.0
50570.js,0.0,3.0,0.0,0.0
50605.js,0.0,2.0,0.0,0.0
50674.js,0.0,2.0,0.0,0.0
50721.js,0.0,2.0,0.0,0.0
50732.js,0.0,2.0,0.0,0.0
51042.js,0.0,0.2857142857142857,0.2857142857142857,0.2857142857142857
51051.js,0.0,0.75,0.25,0.25
51153.js,0.0,0.16666666666666666,0.6666666666666666,0.6666666666666666
51297.js,0.0,0.4,0.4,0.6
51515.js,0.0,0.6,0.2,0.2
51803.js,0.0,3.0,0.0,0.0
51903.js,0.0,3.0,0.0,0.0
5191.js,0.0,2.0,0.0,0.5
51915.js,0.0,3.0,0.0,0.0
51925.js,0.0,3.0,0.0,0.0
51930.js,0.0,3.0,0.0,0.0
52115.js,0.0,3.0,0.0,0.0
5217.js,0.0,1.0,0.0,0.0
52191.js,0.0,3.0,0.0,0.0
52286.js,0.0,3.0,0.0,0.0
52340.js,0.0,3.0,0.0,0.0
524.js,-1.0,-1.0,-1.0,-1.0
52423.js,0.0,3.0,0.0,0.0
5246.js,0.0,0.3,0.7,0.6
52707.js,0.0,0.0,0.7142857142857143,0.5714285714285714
52733.js,0.0,0.2857142857142857,0.2857142857142857,0.42857142857142855
52883.js,0.0,0.1,0.5,0.5
52943.js,0.0,0.6,0.4,0.2
53065.js,0.0,3.0,0.0,0.0
53075.js,0.0,0.25,0.5833333333333334,0.5833333333333334
53082.js,-1.0,-1.0,-1.0,-1.0
53399.js,0.0,0.8,0.0,0.2
53620.js,0.0,0.4,0.4,0.6
53628.js,0.0,0.0,0.2857142857142857,0.35714285714285715
53659.js,0.0,0.1,0.6,0.6
53667.js,0.0,0.38461538461538464,0.6923076923076923,0.6923076923076923
53673.js,0.0,0.4,0.4,0.4
53701.js,0.0,0.0,0.7142857142857143,0.5714285714285714
53741.js,0.0,0.0,0.4444444444444444,0.4444444444444444
53868.js,0.0,0.23076923076923078,0.07692307692307693,0.07692307692307693
5396.js,0.0,0.043478260869565216,0.13043478260869565,0.13043478260869565
53980.js,0.0,0.1111111111111111,0.5555555555555556,0.5555555555555556
54129.js,0.0,0.5625,0.875,0.875
54354.js,0.0,0.1,0.5,0.5
54409.js,0.0,0.38461538461538464,0.6923076923076923,0.6923076923076923
54693.js,0.0,0.14285714285714285,0.42857142857142855,0.42857142857142855
54815.js,0.0,0.6,0.4,0.4
54985.js,0.0,0.1,0.5,0.5
55287.js,0.0,0.1,0.5,0.5
55447.js,0.0,0.46153846153846156,0.5641025641025641,0.5897435897435898
55460.js,0.0,0.0,0.5,0.5
55478.js,0.0,0.1,0.3,0.3
55560.js,0.0,0.18181818181818182,0.5454545454545454,0.5454545454545454
55570.js,0.0,0.0,0.4444444444444444,0.4444444444444444
5565.js,0.0,1.0,0.0,0.0
55685.js,0.0,0.5609756097560976,0.6097560975609756,0.6097560975609756
55856.js,0.0,0.1,0.4,0.3
55876.js,0.0,0.3,0.8,0.8
55879.js,0.0,0.125,0.625,0.625
56064.js,0.0,0.08333333333333333,0.5,0.4166666666666667
56095.js,0.0,0.0,0.4,0.4
56372.js,0.0,0.16666666666666666,0.5,0.6666666666666666
56410.js,0.0,0.09090909090909091,0.45454545454545453,0.45454545454545453
56547.js,0.0,0.3333333333333333,0.1111111111111111,0.1111111111111111
56601.js,0.0,0.0,0.5,0.5
56923.js,0.0,0.25,0.45,0.45
57025.js,0.0,1.5,0.0,0.5
57145.js,-1.0,-1.0,-1.0,-1.0
57223.js,0.0,0.46153846153846156,0.8461538461538461,0.7692307692307693
57320.js,0.0,3.0,0.0,0.0
57339.js,0.0,0.0,0.0,0.0
57449.js,0.0,1.0,0.5,0.5
57481.js,0.0,0.3333333333333333,0.8333333333333334,0.8333333333333334
57567.js,0.0,0.0,1.0,1.0
5758.js,0.0,0.25,0.75,0.75
57583.js,0.0,0.6666666666666666,0.8518518518518519,0.8148148148148148
57591.js,0.0,0.75,0.25,0.0
57617.js,0.0,1.3333333333333333,0.0,0.3333333333333333
57674.js,0.0,3.0,1.0,0.0
57698.js,0.0,0.5,0.16666666666666666,0.16666666666666666
57973.js,-1.0,-1.0,-1.0,-1.0
58032.js,-1.0,-1.0,-1.0,-1.0
58229.js,0.0,0.2857142857142857,0.0,0.0
58412.js,0.0,0.14285714285714285,0.42857142857142855,0.42857142857142855
58550.js,0.0,0.1,0.1,0.2
58570.js,0.0,1.0,0.3333333333333333,0.3333333333333333
58685.js,0.0,0.4888888888888889,0.5333333333333333,0.5333333333333333
58800.js,0.0,0.2,0.6,0.5
58819.js,0.0,4.0,0.0,0.0
58829.js,0.0,1.0,0.0,0.3333333333333333
58867.js,0.0,0.803921568627451,0.8627450980392157,0.8823529411764706
58897.js,0.0,0.6,0.9,0.9
59029.js,0.0,0.2,0.6,0.4
5905.js,0.0,3.0,0.0,0.0
59093.js,0.0,1.0,0.5,0.5
59099.js,0.0,1.3333333333333333,0.0,0.3333333333333333
59106.js,0.0,0.35294117647058826,0.47058823529411764,0.5294117647058824
59296.js,0.0,0.1,0.2,0.2
59309.js,0.0,0.2857142857142857,0.0,0.14285714285714285
59355.js,0.0,0.0,0.0,0.0
59383.js,0.0,0.6,0.0,0.0
59534.js,0.0,3.0,0.0,0.0
59540.js,0.0,0.2,0.4,0.8
59559.js,0.0,3.0,0.0,0.0
59875.js,0.0,2.0,0.0,0.0
6010.js,0.0,3.0,0.0,0.0
60128.js,0.0,0.0,0.0,0.0
60326.js,0.0,1.5,1.0,1.0
60393.js,0.0,0.2857142857142857,0.2857142857142857,0.14285714285714285
60820.js,0.0,1.0,0.5,0.5
61022.js,0.0,0.3333333333333333,0.6666666666666666,0.6666666666666666
61201.js,0.0,0.14285714285714285,0.5714285714285714,0.7142857142857143
61254.js,0.0,0.0,0.0,0.0
61443.js,0.0,0.2,0.4,0.4
61535.js,0.0,2.0,0.5,0.0
61596.js,0.0,0.42857142857142855,0.0,0.0
61603.js,0.14285714285714285,0.2857142857142857,0.2857142857142857,0.42857142857142855
61618.js,0.0,2.0,0.0,0.0
61642.js,0.0,0.5,0.875,0.875
6175.js,0.0,1.5,0.0,1.0
61757.js,0.0,0.2,0.4,0.4
61902.js,0.0,0.6842105263157895,0.8421052631578947,0.8947368421052632
61999.js,0.0,0.25,0.5833333333333334,0.5833333333333334
62021.js,0.3333333333333333,0.0,0.6666666666666666,0.6666666666666666
62048.js,0.0,0.2,0.6,0.6
62277.js,0.0,0.0,0.6666666666666666,0.6666666666666666
62461.js,0.25,0.75,0.75,0.75
62479.js,0.0,0.65625,0.75,0.75
62519.js,0.0,0.42857142857142855,0.14285714285714285,0.0
62758.js,0.0,0.875,0.9464285714285714,0.9464285714285714
6279.js,0.0,2.0,0.0,0.0
62802.js,0.0,0.5,0.8333333333333334,0.8333333333333334
62914.js,0.0,0.5714285714285714,0.7857142857142857,0.7857142857142857
63048.js,0.0,0.6,0.8,0.8
63155.js,0.0,0.0,0.375,0.375
63225.js,0.0,1.3333333333333333,0.3333333333333333,0.0
63230.js,0.0,0.75,0.0,0.0
63301.js,0.0,2.0,0.0,0.0
634.js,0.0,3.0,0.0,0.0
63457.js,0.0,0.25,0.625,0.625
63628.js,0.0,0.4117647058823529,0.6470588235294118,0.7058823529411765
63674.js,0.0,0.5579399141630901,0.5708154506437768,0.5708154506437768
6370.js,0.0,2.0,0.0,0.0
63757.js,0.0,0.3333333333333333,0.5833333333333334,0.6666666666666666
63819.js,0.0,0.0,0.0,0.0
64206.js,0.0,1.5,1.0,0.0
6422.js,0.0,3.0,0.0,0.0
64731.js,0.0,1.0,0.6666666666666666,0.3333333333333333
6476.js,0.0,3.0,0.0,0.0
6500.js,0.0,1.5,1.0,1.0
65036.js,0.06060606060606061,0.5454545454545454,0.6363636363636364,0.6060606060606061
65052.js,0.0,0.23076923076923078,0.38461538461538464,0.46153846153846156
65219.js,0.0,0.16666666666666666,0.0,0.0
65267.js,0.0,0.2,0.4,0.4
65321.js,0.0,0.4166666666666667,0.5833333333333334,0.5833333333333334
65459.js,0.0,0.0,0.6666666666666666,0.5
65527.js,-1.0,-1.0,-1.0,-1.0
65727.js,0.0,0.0,0.7142857142857143,0.5714285714285714
6586.js,0.0,2.0,0.0,0.0
65944.js,-1.0,-1.0,-1.0,-1.0
66106.js,0.0,0.3333333333333333,0.7777777777777778,0.6666666666666666
66225.js,0.0,0.16666666666666666,0.5,0.5
66323.js,0.0,0.3333333333333333,0.1111111111111111,0.1111111111111111
66363.js,0.0,0.42857142857142855,0.14285714285714285,0.14285714285714285
66365.js,0.0,0.4,0.6,0.4
66377.js,0.0,0.5,0.16666666666666666,0.16666666666666666
66386.js,-1.0,-1.0,-1.0,-1.0
66394.js,0.0,1.0,0.0,0.0
66399.js,0.0,1.0,0.0,0.25
66502.js,0.0,2.0,0.0,0.5
66680.js,0.0,0.2222222222222222,-1.0,-1.0
6669.js,-1.0,-1.0,-1.0,-1.0
66716.js,-1.0,-1.0,-1.0,-1.0
66856.js,-1.0,-1.0,-1.0,-1.0
66877.js,0.0,3.0,0.0,0.0
66945.js,0.0,3.0,0.0,0.0
67353.js,0.0,3.0,0.0,0.0
67476.js,0.0,2.0,0.0,0.5
67544.js,0.0,2.0,0.5,0.0
67662.js,-1.0,-1.0,-1.0,-1.0
67717.js,0.0,2.0,0.0,0.0
67724.js,0.0,3.0,0.0,0.0
67737.js,0.0,0.5,0.5,0.5
67871.js,-1.0,-1.0,-1.0,-1.0
67918.js,0.0,2.0,0.0,0.0
67961.js,0.0,0.3333333333333333,0.0,0.0
67981.js,0.0,2.0,0.0,0.5
68040.js,0.0,0.3333333333333333,0.6666666666666666,0.6666666666666666
6806.js,0.0,0.0,0.42857142857142855,0.5714285714285714
68119.js,-1.0,-1.0,-1.0,-1.0
68137.js,-1.0,-1.0,-1.0,-1.0
68181.js,-1.0,-1.0,-1.0,-1.0
68198.js,-1.0,-1.0,-1.0,-1.0
68538.js,-1.0,-1.0,-1.0,-1.0
68564.js,-1.0,-1.0,-1.0,-1.0
68706.js,0.0,1.0,0.5,0.5
68773.js,-1.0,-1.0,-1.0,-1.0
68856.js,0.0,2.0,0.5,1.0
69198.js,0.0,1.0,0.5,0.5
69216.js,0.0,3.0,0.0,0.0
69246.js,0.0,2.0,0.0,0.0
6944.js,-1.0,-1.0,-1.0,-1.0
69469.js,-1.0,-1.0,-1.0,-1.0
69472.js,0.0,2.0,0.0,0.0
69578.js,0.0,0.3333333333333333,0.6666666666666666,0.6666666666666666
69604.js,0.0,3.0,0.0,0.0
69635.js,0.0,2.0,0.5,0.5
69705.js,0.0,3.0,0.0,0.0
6973.js,-1.0,-1.0,-1.0,-1.0
69826.js,0.0,3.0,0.0,0.0
7002.js,-1.0,-1.0,-1.0,-1.0
70040.js,-1.0,-1.0,-1.0,-1.0
70143.js,-1.0,-1.0,-1.0,-1.0
70353.js,0.0,3.0,0.0,0.0
70364.js,0.0,3.0,0.0,0.0
70436.js,-1.0,-1.0,-1.0,-1.0
70645.js,-1.0,-1.0,-1.0,-1.0
70748.js,0.0,3.0,0.0,0.0
70775.js,0.0,3.0,0.0,0.0
70800.js,-1.0,-1.0,-1.0,-1.0
70848.js,0.0,2.0,0.0,0.0
7092.js,-1.0,-1.0,-1.0,-1.0
7096.js,-1.0,-1.0,-1.0,-1.0
71032.js,0.0,3.0,0.0,0.0
71077.js,0.0,3.0,0.0,0.0
71214.js,-1.0,-1.0,-1.0,-1.0
7167.js,0.0,3.0,0.0,0.0
71688.js,0.0,0.14285714285714285,0.7142857142857143,0.5714285714285714
71716.js,0.0,0.21052631578947367,0.05263157894736842,0.05263157894736842
71738.js,0.0,0.5,0.5,0.5
71744.js,0.0,3.0,0.0,0.0
71750.js,0.0,3.0,0.0,0.0
71963.js,-1.0,-1.0,-1.0,-1.0
72068.js,0.0,1.0,0.5,0.5
72075.js,-1.0,-1.0,-1.0,-1.0
72259.js,0.0,0.3333333333333333,0.3333333333333333,0.5
72273.js,0.0,0.5294117647058824,0.7647058823529411,0.7647058823529411
72470.js,0.0,1.3333333333333333,0.0,0.0
72581.js,0.0,0.14285714285714285,0.42857142857142855,0.42857142857142855
72663.js,-1.0,-1.0,-1.0,-1.0
72777.js,0.0,3.0,0.0,0.0
72873.js,-1.0,-1.0,-1.0,-1.0
73020.js,-1.0,-1.0,-1.0,-1.0
73103.js,0.0,0.2,0.6,0.6
73109.js,0.0,0.2,0.4,0.6
73132.js,0.0,0.2,0.6,0.6
73187.js,0.0,1.0,0.3333333333333333,0.3333333333333333
73243.js,0.0,1.0,0.0,0.3333333333333333
73244.js,0.0,0.5,0.5,0.5
7325.js,0.0,1.0,0.0,0.0
73300.js,0.0,3.0,0.0,0.0
73351.js,-1.0,-1.0,-1.0,-1.0
73402.js,-1.0,-1.0,-1.0,-1.0
73432.js,0.0,2.0,0.0,0.0
73442.js,0.0,1.0,0.5,0.5
73458.js,-1.0,-1.0,-1.0,-1.0
73592.js,-1.0,-1.0,-1.0,-1.0
73803.js,-1.0,-1.0,-1.0,-1.0
73809.js,-1.0,-1.0,-1.0,-1.0
73836.js,-1.0,-1.0,-1.0,-1.0
73964.js,-1.0,-1.0,-1.0,-1.0
74224.js,-1.0,-1.0,-1.0,-1.0
74229.js,-1.0,-1.0,-1.0,-1.0
74239.js,-1.0,-1.0,-1.0,-1.0
74289.js,-1.0,-1.0,-1.0,-1.0
74293.js,-1.0,-1.0,-1.0,-1.0
74771.js,-1.0,-1.0,-1.0,-1.0
7487.js,-1.0,-1.0,-1.0,-1.0
74944.js,-1.0,-1.0,-1.0,-1.0
7496.js,-1.0,-1.0,-1.0,-1.0
74971.js,-1.0,-1.0,-1.0,-1.0
74995.js,-1.0,-1.0,-1.0,-1.0
75102.js,-1.0,-1.0,-1.0,-1.0
75105.js,-1.0,-1.0,-1.0,-1.0
75299.js,-1.0,-1.0,-1.0,-1.0
75611.js,-1.0,-1.0,-1.0,-1.0
75651.js,-1.0,-1.0,-1.0,-1.0
75749.js,-1.0,-1.0,-1.0,-1.0
75809.js,-1.0,-1.0,-1.0,-1.0
75852.js,-1.0,-1.0,-1.0,-1.0
7605.js,-1.0,-1.0,-1.0,-1.0
76140.js,-1.0,-1.0,-1.0,-1.0
76186.js,-1.0,-1.0,-1.0,-1.0
76256.js,-1.0,-1.0,-1.0,-1.0
76359.js,-1.0,-1.0,-1.0,-1.0
7636.js,-1.0,-1.0,-1.0,-1.0
76371.js,-1.0,-1.0,-1.0,-1.0
76432.js,-1.0,-1.0,-1.0,-1.0
76534.js,-1.0,-1.0,-1.0,-1.0
76647.js,-1.0,-1.0,-1.0,-1.0
76686.js,-1.0,-1.0,-1.0,-1.0
76762.js,-1.0,-1.0,-1.0,-1.0
76775.js,-1.0,-1.0,-1.0,-1.0
76806.js,-1.0,-1.0,-1.0,-1.0
76895.js,-1.0,-1.0,-1.0,-1.0
77301.js,-1.0,-1.0,-1.0,-1.0
7745.js,0.0,0.0,0.23076923076923078,0.3076923076923077
7775.js,0.0,3.0,0.0,0.0
78018.js,0.0,0.5555555555555556,0.7777777777777778,0.7777777777777778
78361.js,0.0,0.5555555555555556,0.7777777777777778,0.7777777777777778
78393.js,0.0,0.5555555555555556,0.8333333333333334,0.7777777777777778
78604.js,0.0,0.5555555555555556,0.8333333333333334,0.8333333333333334
78626.js,0.0,0.5555555555555556,0.8333333333333334,0.7777777777777778
78937.js,0.0,0.5555555555555556,0.8333333333333334,0.8333333333333334
79119.js,0.0,0.5555555555555556,0.7777777777777778,0.8333333333333334
79406.js,0.0,0.5555555555555556,0.7777777777777778,0.7777777777777778
79496.js,0.0,0.5555555555555556,0.7777777777777778,0.7777777777777778
79573.js,-1.0,-1.0,-1.0,-1.0
79644.js,0.0,2.0,0.0,0.0
79783.js,0.0,0.4,0.4,0.2
79806.js,0.0,0.08333333333333333,0.25,0.3333333333333333
79827.js,0.0,0.42857142857142855,0.2857142857142857,0.2857142857142857
80041.js,0.0,2.0,0.0,0.0
80045.js,0.0,0.3274336283185841,0.3392330383480826,0.3392330383480826
80055.js,0.0,0.1,0.3,0.4
80121.js,0.0,1.0,0.0,0.3333333333333333
80142.js,-1.0,-1.0,-1.0,-1.0
80144.js,-1.0,-1.0,-1.0,-1.0
80212.js,-1.0,-1.0,-1.0,-1.0
80227.js,-1.0,-1.0,-1.0,-1.0
80246.js,-1.0,-1.0,-1.0,-1.0
80280.js,-1.0,-1.0,-1.0,-1.0
80349.js,-1.0,-1.0,-1.0,-1.0
80408.js,-1.0,-1.0,-1.0,-1.0
80522.js,-1.0,-1.0,-1.0,-1.0
80657.js,-1.0,-1.0,-1.0,-1.0
80761.js,0.0,2.0,0.5,0.5
80781.js,0.0,1.0,0.3333333333333333,0.0
80976.js,-1.0,-1.0,-1.0,-1.0
81381.js,0.0,0.3333333333333333,0.6666666666666666,0.7777777777777778
81439.js,0.0,0.5,0.5,0.25
81583.js,0.0,2.0,0.5,0.0
81680.js,0.0,0.0,0.6666666666666666,0.6666666666666666
81791.js,0.0,2.0,0.0,0.0
8184.js,0.0,3.0,0.0,0.0
81895.js,0.0,1.0,0.0,0.0
81923.js,0.0,0.0,0.5,0.5
81975.js,0.0,2.0,0.0,0.5
82065.js,0.0,2.0,0.5,0.0
82079.js,0.0,0.14285714285714285,0.7142857142857143,0.7142857142857143
82121.js,0.0,0.2,0.6,0.6
82246.js,0.0,0.5,0.5,0.25
82363.js,0.0,0.14285714285714285,0.5714285714285714,0.7142857142857143
82510.js,0.0,0.14285714285714285,0.7142857142857143,0.5714285714285714
82835.js,0.0,2.0,0.0,0.0
82848.js,0.0,1.0,0.6666666666666666,0.6666666666666666
82951.js,0.0,2.0,0.0,0.5
83022.js,0.0,1.3333333333333333,0.0,0.0
83042.js,0.0,1.5,0.5,0.5
83083.js,0.0,3.0,0.0,1.0
83096.js,0.0,0.18181818181818182,0.5454545454545454,0.5454545454545454
83154.js,0.0,2.0,0.0,0.5
83287.js,0.0,2.0,0.5,0.0
83488.js,0.0,2.0,0.5,0.0
83510.js,0.0,2.0,0.0,0.5
83582.js,0.0,2.0,0.0,0.5
83628.js,0.0,2.0,0.5,0.0
83803.js,0.0,2.0,0.5,0.5
83881.js,0.0,0.6,0.2,0.2
83941.js,0.0,1.5,0.0,0.5
83992.js,0.0,1.0,0.0,0.0
84008.js,0.0,0.75,0.25,0.5
84075.js,0.0,1.0,0.3333333333333333,0.3333333333333333
8420.js,-1.0,-1.0,-1.0,-1.0
84203.js,0.0,3.0,0.0,0.0
8424.js,0.0,3.0,0.0,0.0
84248.js,0.0,0.6938775510204082,0.7755102040816326,0.7551020408163265
84337.js,0.0,1.0,0.0,0.3333333333333333
84365.js,0.0,1.5,0.0,0.0
84574.js,-1.0,-1.0,-1.0,-1.0
84607.js,-1.0,-1.0,-1.0,-1.0
84732.js,-1.0,-1.0,-1.0,-1.0
84770.js,-1.0,-1.0,-1.0,-1.0
84901.js,0.0,2.0,0.0,0.5
84950.js,0.0,2.0,0.5,0.5
84966.js,0.0,0.09090909090909091,0.45454545454545453,0.45454545454545453
85252.js,-1.0,-1.0,-1.0,-1.0
85373.js,0.0,3.0,0.0,0.0
85388.js,0.0,2.0,0.0,0.5
85464.js,-1.0,-1.0,-1.0,-1.0
85769.js,0.0,1.0,0.0,0.0
85776.js,0.0,1.0,0.3333333333333333,0.0
86047.js,0.0,0.6,0.0,0.0
86050.js,0.0,0.2,0.6,0.4
86060.js,0.0,0.3333333333333333,0.6666666666666666,0.6666666666666666
86065.js,0.0,0.2,0.6,0.6
86229.js,-1.0,-1.0,-1.0,-1.0
86235.js,0.0,0.75,0.25,0.0
86436.js,0.0,2.0,0.0,0.5
86504.js,0.0,2.0,0.5,0.0
86507.js,0.0,1.5,0.5,0.5
86715.js,0.0,1.5,0.5,0.0
86735.js,0.0,0.5,0.25,0.5
86811.js,0.0,0.2,0.6,0.6
86832.js,0.0,0.25,0.75,0.75
86969.js,0.0,0.3333333333333333,0.16666666666666666,0.16666666666666666
87032.js,0.0,3.0,0.0,0.0
87083.js,0.0,3.0,0.0,0.0
87103.js,0.0,3.0,0.0,0.0
87319.js,0.0,3.0,0.0,0.0
87347.js,0.0,3.0,0.0,0.0
87349.js,0.0,3.0,0.0,0.0
87389.js,0.0,3.0,0.0,0.0
87599.js,0.0,3.0,0.0,0.0
87656.js,-1.0,-1.0,-1.0,-1.0
87741.js,0.0,2.0,0.0,0.0
87771.js,-1.0,-1.0,-1.0,-1.0
878.js,-1.0,-1.0,-1.0,-1.0
87836.js,-1.0,-1.0,-1.0,-1.0
87868.js,0.0,3.0,0.0,0.0
87950.js,0.0,1.0,0.5,0.5
88026.js,0.0,2.0,0.0,0.0
88048.js,-1.0,-1.0,-1.0,-1.0
88097.js,-1.0,-1.0,-1.0,-1.0
88158.js,-1.0,-1.0,-1.0,-1.0
88228.js,-1.0,-1.0,-1.0,-1.0
88245.js,0.0,3.0,0.0,0.0
88281.js,0.0,1.0,0.5,0.5
88292.js,-1.0,-1.0,-1.0,-1.0
88338.js,0.0,0.3333333333333333,0.6666666666666666,0.6666666666666666
8835.js,-1.0,-1.0,-1.0,-1.0
88368.js,0.0,0.09090909090909091,0.18181818181818182,0.2727272727272727
88502.js,0.0,3.0,0.0,0.0
88562.js,0.0,0.0,0.375,0.375
88584.js,0.0,1.0,0.5,0.5
88669.js,0.0,0.3333333333333333,0.6666666666666666,0.6666666666666666
88692.js,0.0,1.3333333333333333,0.0,0.0
88800.js,0.0,0.14285714285714285,-1.0,-1.0
88889.js,0.0,1.0,0.3333333333333333,0.0
88940.js,-1.0,-1.0,-1.0,-1.0
88949.js,-1.0,-1.0,-1.0,-1.0
89049.js,-1.0,-1.0,-1.0,-1.0
89104.js,-1.0,-1.0,-1.0,-1.0
89136.js,-1.0,-1.0,-1.0,-1.0
89236.js,-1.0,-1.0,-1.0,-1.0
89372.js,0.0,3.0,0.0,0.0
89411.js,-1.0,-1.0,-1.0,-1.0
89423.js,-1.0,-1.0,-1.0,-1.0
89559.js,0.0,3.0,0.0,0.0
89608.js,0.0,0.14285714285714285,0.7142857142857143,0.7142857142857143
89708.js,0.0,2.0,0.0,0.5
89812.js,-1.0,-1.0,-1.0,-1.0
89933.js,0.0,2.0,0.5,0.5
90007.js,-1.0,-1.0,-1.0,-1.0
9008.js,-1.0,-1.0,-1.0,-1.0
90247.js,-1.0,-1.0,-1.0,-1.0
90873.js,0.0,0.0,0.375,0.375
90997.js,0.0,2.0,0.0,0.0
9117.js,0.0,0.6,0.6,0.6
91212.js,-1.0,-1.0,-1.0,-1.0
91304.js,-1.0,-1.0,-1.0,-1.0
91307.js,-1.0,-1.0,-1.0,-1.0
91308.js,-1.0,-1.0,-1.0,-1.0
91312.js,0.0,0.25,0.75,0.625
91329.js,-1.0,-1.0,-1.0,-1.0
91373.js,-1.0,-1.0,-1.0,-1.0
91394.js,0.0,0.75,0.25,0.25
91446.js,0.0,1.0,0.0,0.0
91599.js,-1.0,-1.0,-1.0,-1.0
91612.js,-1.0,-1.0,-1.0,-1.0
91677.js,0.0,0.2,0.4,0.6
91734.js,0.0,0.45454545454545453,0.8181818181818182,0.8181818181818182
91748.js,0.0,0.5,0.25,0.5
91874.js,-1.0,-1.0,-1.0,-1.0
91909.js,-1.0,-1.0,-1.0,-1.0
92077.js,0.0,0.8,0.0,0.2
9218.js,-1.0,-1.0,-1.0,-1.0
92546.js,0.0,0.14285714285714285,0.5714285714285714,0.5714285714285714
92794.js,0.0,0.75,0.25,0.25
93065.js,-1.0,-1.0,-1.0,-1.0
93155.js,-1.0,-1.0,-1.0,-1.0
93183.js,-1.0,-1.0,-1.0,-1.0
93312.js,-1.0,-1.0,-1.0,-1.0
93316.js,-1.0,-1.0,-1.0,-1.0
93366.js,-1.0,-1.0,-1.0,-1.0
93449.js,0.0,3.0,0.0,0.0
9348.js,-1.0,-1.0,-1.0,-1.0
9375.js,-1.0,-1.0,-1.0,-1.0
93824.js,0.0,0.8536585365853658,0.926829268292683,0.926829268292683
93844.js,0.0,0.5,0.25,0.5
93979.js,0.0,0.3333333333333333,0.6666666666666666,0.6666666666666666
94051.js,0.0,0.8888888888888888,0.9444444444444444,0.9444444444444444
94210.js,0.0,3.0,0.0,0.0
94270.js,0.0,2.0,0.0,0.0
94309.js,0.0,0.4,0.8,0.8
94320.js,0.0,2.0,0.0,0.0
94449.js,0.0,0.3333333333333333,0.16666666666666666,0.16666666666666666
94637.js,0.0,3.0,0.0,0.0
94660.js,-1.0,-1.0,-1.0,-1.0
94680.js,-1.0,-1.0,-1.0,-1.0
94705.js,0.0,3.0,0.0,0.0
94749.js,0.0,2.0,0.0,0.0
94934.js,0.0,1.0,0.3333333333333333,0.3333333333333333
94937.js,0.0,0.14285714285714285,0.5714285714285714,0.7142857142857143
95059.js,0.0,0.3333333333333333,0.6666666666666666,0.6666666666666666
95121.js,0.0,2.0,0.0,0.0
95177.js,0.0,2.0,0.0,0.0
95188.js,0.0,2.0,0.0,0.0
95239.js,0.0,2.0,0.0,0.0
95304.js,0.0,2.0,0.0,0.0
95349.js,0.0,3.0,0.0,0.0
95354.js,0.0,3.0,0.0,0.0
95511.js,0.0,0.29411764705882354,0.47058823529411764,0.47058823529411764
95745.js,0.0,2.0,0.0,0.0
95768.js,0.0,2.0,0.0,0.0
96010.js,0.0,0.6666666666666666,0.0,0.0
96163.js,-1.0,-1.0,-1.0,-1.0
96286.js,0.0,0.2,0.6,0.4
96412.js,0.0,0.0,0.5,0.6666666666666666
96460.js,0.0,0.6,0.4,0.2
96609.js,0.0,0.75,0.9375,0.9375
9680.js,-1.0,-1.0,-1.0,-1.0
96866.js,0.0,3.0,0.0,0.0
96992.js,0.0,0.75,0.25,0.25
97023.js,0.0,0.2857142857142857,0.2857142857142857,0.2857142857142857
971.js,0.0,1.0,0.5,0.5
97154.js,0.0,2.0,0.5,0.0
97160.js,0.0,1.3333333333333333,0.3333333333333333,0.3333333333333333
97327.js,-1.0,-1.0,-1.0,-1.0
97352.js,-1.0,-1.0,-1.0,-1.0
97548.js,-1.0,-1.0,-1.0,-1.0
97966.js,0.0,0.3333333333333333,0.1111111111111111,0.1111111111111111
97999.js,0.0,0.75,0.25,0.75
9814.js,0.0,3.0,0.0,0.0
98605.js,0.0,0.42857142857142855,0.14285714285714285,0.0
98613.js,0.0,2.0,0.0,0.0
98791.js,0.0,0.4,0.4,0.4
98837.js,-1.0,-1.0,-1.0,-1.0
98858.js,-1.0,-1.0,-1.0,-1.0
98893.js,0.0,0.16666666666666666,0.6666666666666666,0.6666666666666666
98898.js,0.0,0.125,0.75,0.625
98983.js,0.0,0.0,0.4444444444444444,0.4444444444444444
99018.js,0.0,0.2222222222222222,0.6666666666666666,0.7777777777777778
99031.js,0.0,0.0,0.5714285714285714,0.5714285714285714
99032.js,0.0,0.36363636363636365,0.7272727272727273,0.8181818181818182
99044.js,0.0,0.3,0.8,0.7
99156.js,0.0,1.0,0.3333333333333333,0.3333333333333333
99219.js,-1.0,-1.0,-1.0,-1.0
99227.js,-1.0,-1.0,-1.0,-1.0
99288.js,0.0,0.0,0.7142857142857143,0.5714285714285714
99502.js,0.0,1.0,0.5,0.5
9958.js,0.0,2.0,0.0,0.0
99582.js,0.0,0.75,0.25,0.25
99601.js,0.0,0.75,0.25,0.5
99611.js,0.0,0.5294117647058824,0.7647058823529411,0.7647058823529411
99912.js,-1.0,-1.0,-1.0,-1.0
99925.js,-1.0,-1.0,-1.0,-1.0
99957.js,-1.0,-1.0,-1.0,-1.0
99986.js,0.0,1.0,0.5,0.5
99988.js,0.0,2.0,0.5,0.0
