FileName,esoteric,esoteric_recover,esoteric_jsdec,esoteric_illu,esoteric_sd,esoteric_safe,fk,fk_recover,fk_jsdec,fk_illu,fk_sd,fk_safe
100063.js,-1.0,1.0,-1.0,-1.0,-1.0,-1.0,-1.0,1.0,-1.0,-1.0,-1.0,-1.0
100094.js,-1.0,1.0,-1.0,-1.0,0.09325048082403138,-1.0,1.0,1.0,-1.0,1.0,0.09325048082403138,1.0
100111.js,-1.0,1.0,-1.0,-1.0,-1.0,-1.0,-1.0,1.0,-1.0,-1.0,-1.0,-1.0
100217.js,-1.0,1.0,-1.0,-1.0,-1.0,-1.0,-1.0,1.0,-1.0,-1.0,-1.0,-1.0
100374.js,-1.0,1.0,-1.0,-1.0,-1.0,-1.0,-1.0,1.0,-1.0,-1.0,-1.0,-1.0
100482.js,-1.0,1.0,-1.0,-1.0,-1.0,-1.0,-1.0,1.0,-1.0,-1.0,-1.0,-1.0
100484.js,-1.0,1.0,-1.0,-1.0,-1.0,-1.0,-1.0,1.0,-1.0,-1.0,-1.0,-1.0
100561.js,0.048867777742522094,1.0,-1.0,0.08899883189799696,0.06810052246069989,0.052342392259021375,1.0,1.0,-1.0,1.0,0.06810052246069989,0.6324555320336759
100583.js,0.027317918235407655,1.0,-1.0,0.04975185951049946,0.09421683286017897,0.029437240470473185,1.0,1.0,-1.0,1.0,0.09421683286017897,0.5
100586.js,1.0,1.0,-1.0,1.0,0.026919095102908276,1.0,1.0,1.0,-1.0,1.0,0.026919095102908276,1.0
100610.js,-1.0,1.0,-1.0,-1.0,-1.0,-1.0,-1.0,1.0,-1.0,-1.0,-1.0,-1.0
100691.js,-1.0,1.0,-1.0,-1.0,0.21656642762976494,-1.0,0.9684747092264968,1.0,-1.0,1.0,0.21656642762976494,0.9684747092264968
100778.js,-1.0,1.0,-1.0,-1.0,-1.0,-1.0,-1.0,1.0,-1.0,-1.0,-1.0,-1.0
100815.js,1.0,1.0,-1.0,1.0,0.026919095102908276,1.0,1.0,1.0,-1.0,1.0,0.026919095102908276,1.0
100896.js,-1.0,1.0,-1.0,-1.0,0.27966182685271207,-1.0,0.946260733127703,1.0,-1.0,-1.0,0.27966182685271207,-1.0
101009.js,-1.0,1.0,-1.0,-1.0,0.12038585308576921,-1.0,1.0,1.0,-1.0,0.8944271909999159,0.12038585308576921,1.0
101085.js,-1.0,1.0,-1.0,-1.0,0.10469071079869613,-1.0,0.8838834764831844,1.0,-1.0,1.0,0.10469071079869613,0.8838834764831844
101196.js,0.21885688981825285,1.0,-1.0,0.30151134457776363,0.011478340719169698,-1.0,1.0,1.0,-1.0,1.0,0.011478340719169698,-1.0
101223.js,-1.0,1.0,-1.0,-1.0,0.09421683286017897,-1.0,1.0,1.0,-1.0,1.0,0.09421683286017897,1.0
101529.js,-1.0,1.0,-1.0,-1.0,0.09421683286017897,-1.0,1.0,1.0,-1.0,1.0,0.09421683286017897,1.0
101576.js,-1.0,1.0,-1.0,-1.0,0.10072203103706698,-1.0,1.0,1.0,-1.0,-1.0,0.10072203103706698,-1.0
101606.js,-1.0,1.0,-1.0,-1.0,0.03806934938134405,-1.0,0.7826237921249264,1.0,-1.0,1.0,0.03806934938134405,-1.0
101611.js,-1.0,1.0,-1.0,-1.0,-1.0,-1.0,-1.0,1.0,-1.0,-1.0,-1.0,-1.0
101709.js,-1.0,1.0,-1.0,-1.0,0.10469071079869613,-1.0,0.7826237921249264,1.0,-1.0,1.0,0.10469071079869613,0.7826237921249264
101800.js,-1.0,1.0,-1.0,-1.0,0.1217461883894185,-1.0,1.0,1.0,-1.0,1.0,0.1217461883894185,1.0
102055.js,-1.0,1.0,-1.0,-1.0,0.09421683286017897,-1.0,1.0,1.0,-1.0,1.0,0.09421683286017897,1.0
102202.js,-1.0,1.0,-1.0,-1.0,0.07770873402002615,-1.0,1.0,1.0,-1.0,1.0,0.07770873402002615,1.0
102658.js,-1.0,1.0,-1.0,-1.0,0.07770873402002615,-1.0,1.0,1.0,-1.0,1.0,0.07770873402002615,1.0
102694.js,-1.0,1.0,-1.0,-1.0,0.07770873402002615,-1.0,1.0,1.0,-1.0,1.0,0.07770873402002615,1.0
10292.js,-1.0,1.0,-1.0,-1.0,-1.0,-1.0,-1.0,1.0,-1.0,-1.0,-1.0,-1.0
102952.js,-1.0,1.0,-1.0,-1.0,0.07770873402002615,-1.0,1.0,1.0,-1.0,1.0,0.07770873402002615,1.0
103438.js,-1.0,1.0,-1.0,-1.0,0.07770873402002615,-1.0,1.0,1.0,-1.0,1.0,0.07770873402002615,1.0
103695.js,-1.0,1.0,-1.0,-1.0,0.07770873402002615,-1.0,1.0,1.0,-1.0,1.0,0.07770873402002615,1.0
10398.js,-1.0,1.0,-1.0,-1.0,0.0752157713363797,-1.0,1.0,1.0,-1.0,1.0,0.0752157713363797,1.0
104116.js,-1.0,1.0,-1.0,-1.0,0.42479071133845686,-1.0,0.9815186394513573,1.0,-1.0,-1.0,0.42479071133845686,-1.0
10414.js,-1.0,1.0,-1.0,-1.0,-1.0,-1.0,-1.0,1.0,-1.0,-1.0,-1.0,-1.0
10415.js,-1.0,1.0,-1.0,-1.0,-1.0,-1.0,-1.0,1.0,-1.0,-1.0,-1.0,-1.0
104155.js,-1.0,1.0,-1.0,-1.0,0.1749741181689038,-1.0,1.0,1.0,-1.0,1.0,0.1749741181689038,-1.0
104359.js,-1.0,1.0,-1.0,-1.0,0.45638179436421805,-1.0,-1.0,1.0,-1.0,-1.0,0.45638179436421805,-1.0
10485.js,-1.0,1.0,-1.0,-1.0,-1.0,-1.0,-1.0,1.0,-1.0,-1.0,-1.0,-1.0
10884.js,-1.0,1.0,-1.0,-1.0,-1.0,-1.0,-1.0,1.0,-1.0,-1.0,-1.0,-1.0
10899.js,-1.0,1.0,-1.0,-1.0,-1.0,-1.0,-1.0,1.0,-1.0,-1.0,-1.0,-1.0
10931.js,-1.0,1.0,-1.0,-1.0,-1.0,-1.0,-1.0,1.0,-1.0,-1.0,-1.0,-1.0
11062.js,-1.0,1.0,-1.0,-1.0,0.26030430005647975,-1.0,-1.0,1.0,-1.0,-1.0,0.26030430005647975,-1.0
11216.js,-1.0,1.0,-1.0,-1.0,-1.0,-1.0,-1.0,1.0,-1.0,-1.0,-1.0,-1.0
11427.js,-1.0,1.0,-1.0,-1.0,0.4490824288153346,-1.0,-1.0,1.0,-1.0,-1.0,0.4490824288153346,-1.0
11429.js,-1.0,1.0,-1.0,-1.0,0.2516087893381316,-1.0,0.9610288359754995,1.0,-1.0,1.0,0.2516087893381316,-1.0
11761.js,-1.0,1.0,-1.0,-1.0,0.3713458646931302,-1.0,-1.0,1.0,-1.0,-1.0,0.3713458646931302,-1.0
12012.js,-1.0,1.0,-1.0,-1.0,-1.0,-1.0,-1.0,1.0,-1.0,-1.0,-1.0,-1.0
12208.js,-1.0,1.0,-1.0,-1.0,-1.0,-1.0,-1.0,1.0,-1.0,-1.0,-1.0,-1.0
12224.js,-1.0,1.0,-1.0,-1.0,0.21385740494084635,-1.0,1.0,1.0,-1.0,1.0,0.21385740494084635,-1.0
12339.js,-1.0,1.0,-1.0,-1.0,-1.0,-1.0,-1.0,1.0,-1.0,-1.0,-1.0,-1.0
12476.js,-1.0,1.0,-1.0,-1.0,-1.0,-1.0,-1.0,1.0,-1.0,-1.0,-1.0,-1.0
1255.js,-1.0,1.0,-1.0,-1.0,0.2938390064189132,-1.0,0.9206227060463724,1.0,-1.0,1.0,0.2938390064189132,-1.0
12699.js,-1.0,1.0,-1.0,-1.0,-1.0,-1.0,-1.0,1.0,-1.0,-1.0,-1.0,-1.0
1281.js,-1.0,1.0,-1.0,-1.0,0.2984391372685165,-1.0,-1.0,1.0,-1.0,-1.0,0.2984391372685165,-1.0
12896.js,-1.0,1.0,-1.0,-1.0,-1.0,-1.0,-1.0,1.0,-1.0,-1.0,-1.0,-1.0
13070.js,-1.0,1.0,-1.0,-1.0,0.1446635276491074,-1.0,0.8621054497285195,1.0,-1.0,-1.0,0.1446635276491074,-1.0
13312.js,-1.0,1.0,-1.0,-1.0,0.15904855449750882,-1.0,0.8044489089669071,1.0,-1.0,1.0,0.15904855449750882,-1.0
13547.js,-1.0,1.0,-1.0,-1.0,0.0761386987626881,-1.0,-1.0,1.0,-1.0,-1.0,0.0761386987626881,-1.0
13575.js,-1.0,1.0,-1.0,-1.0,0.26028305115300615,-1.0,0.9536146445195429,1.0,-1.0,1.0,0.26028305115300615,-1.0
13620.js,-1.0,1.0,-1.0,-1.0,0.1098967455659645,-1.0,1.0,1.0,-1.0,1.0,0.1098967455659645,-1.0
13628.js,-1.0,1.0,-1.0,-1.0,0.32089691238041856,-1.0,0.8513026502192871,1.0,-1.0,1.0,0.32089691238041856,-1.0
13630.js,-1.0,1.0,-1.0,-1.0,0.3418855702935182,-1.0,0.8786822385831031,1.0,-1.0,-1.0,0.3418855702935182,-1.0
13693.js,-1.0,1.0,-1.0,-1.0,0.20204270845206798,-1.0,1.0,1.0,-1.0,1.0,0.20204270845206798,-1.0
13749.js,-1.0,1.0,-1.0,-1.0,0.07390976450199421,-1.0,1.0,1.0,-1.0,1.0,0.07390976450199421,-1.0
138.js,-1.0,1.0,-1.0,-1.0,0.43901965769808343,-1.0,0.9791891839638629,1.0,-1.0,-1.0,0.43901965769808343,-1.0
1407.js,-1.0,1.0,-1.0,-1.0,0.47370706844223887,-1.0,-1.0,1.0,-1.0,-1.0,0.47370706844223887,-1.0
14132.js,-1.0,1.0,-1.0,-1.0,0.07770873402002615,-1.0,1.0,1.0,-1.0,1.0,0.07770873402002615,1.0
14141.js,-1.0,1.0,-1.0,-1.0,0.07770873402002615,-1.0,1.0,1.0,-1.0,1.0,0.07770873402002615,1.0
14233.js,-1.0,1.0,-1.0,-1.0,-1.0,-1.0,-1.0,1.0,-1.0,-1.0,-1.0,-1.0
1432.js,-1.0,1.0,-1.0,-1.0,0.4367780297347604,-1.0,0.9934947452155645,1.0,-1.0,0.9850031813882891,0.4367780297347604,-1.0
1437.js,-1.0,1.0,-1.0,-1.0,-1.0,-1.0,-1.0,1.0,-1.0,-1.0,-1.0,-1.0
1460.js,-1.0,1.0,-1.0,-1.0,0.30462375345649306,-1.0,-1.0,1.0,-1.0,-1.0,0.30462375345649306,-1.0
14648.js,-1.0,1.0,-1.0,-1.0,-1.0,-1.0,-1.0,1.0,-1.0,-1.0,-1.0,-1.0
14977.js,-1.0,1.0,-1.0,-1.0,0.1076763804116331,-1.0,0.6614378277661476,1.0,-1.0,1.0,0.1076763804116331,-1.0
1503.js,-1.0,1.0,-1.0,-1.0,0.27559803406943106,-1.0,0.9790449180128039,1.0,-1.0,1.0,0.27559803406943106,-1.0
15292.js,-1.0,1.0,-1.0,-1.0,0.0761386987626881,-1.0,1.0,1.0,-1.0,1.0,0.0761386987626881,-1.0
15300.js,1.0,1.0,-1.0,1.0,0.026919095102908276,1.0,1.0,1.0,-1.0,1.0,0.026919095102908276,1.0
15361.js,-1.0,1.0,-1.0,-1.0,0.13726099121798926,-1.0,1.0,1.0,-1.0,1.0,0.13726099121798926,-1.0
15580.js,0.05913123959890826,1.0,-1.0,0.10540925533894598,0.05710402407201607,0.0657951694959769,1.0,1.0,-1.0,1.0,0.05710402407201607,1.0
15783.js,-1.0,1.0,-1.0,-1.0,0.07194430788361927,-1.0,1.0,1.0,-1.0,-1.0,0.07194430788361927,1.0
15855.js,0.029695693545824933,1.0,-1.0,-1.0,0.06729773775727069,-1.0,1.0,1.0,-1.0,-1.0,0.06729773775727069,-1.0
1587.js,-1.0,1.0,-1.0,-1.0,0.3369458377171375,-1.0,1.0,1.0,-1.0,-1.0,0.3369458377171375,-1.0
1590.js,-1.0,1.0,-1.0,-1.0,0.2893888265349628,-1.0,-1.0,1.0,-1.0,-1.0,0.2893888265349628,-1.0
1616.js,-1.0,1.0,-1.0,-1.0,0.5901446160858489,-1.0,-1.0,1.0,-1.0,-1.0,0.5901446160858489,-1.0
16222.js,-1.0,1.0,-1.0,-1.0,0.022956681438339396,-1.0,1.0,1.0,-1.0,1.0,0.022956681438339396,-1.0
16434.js,-1.0,1.0,-1.0,-1.0,0.014388861576723854,-1.0,0.7559289460184544,1.0,-1.0,1.0,0.014388861576723854,0.7559289460184544
17034.js,-1.0,1.0,-1.0,-1.0,0.05710402407201607,-1.0,-1.0,1.0,-1.0,-1.0,0.05710402407201607,-1.0
17041.js,-1.0,1.0,-1.0,-1.0,0.05710402407201607,-1.0,1.0,1.0,-1.0,1.0,0.05710402407201607,-1.0
1718.js,-1.0,1.0,-1.0,-1.0,0.2212586550480078,-1.0,-1.0,1.0,-1.0,-1.0,0.2212586550480078,-1.0
17294.js,-1.0,1.0,-1.0,-1.0,0.08731808887763519,-1.0,0.917463421851129,1.0,-1.0,1.0,0.08731808887763519,-1.0
1732.js,-1.0,1.0,-1.0,-1.0,0.1367449706273321,-1.0,-1.0,1.0,-1.0,-1.0,0.1367449706273321,-1.0
17569.js,-1.0,1.0,-1.0,-1.0,0.017025130615174973,-1.0,1.0,1.0,-1.0,1.0,0.017025130615174973,-1.0
1776.js,-1.0,1.0,-1.0,-1.0,0.21236298927940872,-1.0,1.0,1.0,-1.0,1.0,0.21236298927940872,-1.0
1804.js,-1.0,1.0,-1.0,-1.0,-1.0,-1.0,-1.0,1.0,-1.0,-1.0,-1.0,-1.0
18204.js,-1.0,1.0,-1.0,-1.0,-1.0,-1.0,-1.0,1.0,-1.0,-1.0,-1.0,-1.0
18831.js,-1.0,1.0,-1.0,-1.0,0.35543078792335064,-1.0,0.9638470180033012,1.0,-1.0,1.0,0.35543078792335064,0.9155096366160446
18887.js,-1.0,1.0,-1.0,-1.0,0.35200244872120406,-1.0,0.9652816516762269,1.0,-1.0,1.0,0.35200244872120406,0.9415838181383995
19689.js,-1.0,1.0,-1.0,-1.0,-1.0,-1.0,-1.0,1.0,-1.0,-1.0,-1.0,-1.0
19732.js,-1.0,1.0,-1.0,-1.0,0.16966321698117656,-1.0,1.0,1.0,-1.0,1.0,0.16966321698117656,0.8304547985373997
19764.js,-1.0,1.0,-1.0,-1.0,0.26776202996099363,-1.0,-1.0,1.0,-1.0,-1.0,0.26776202996099363,-1.0
19765.js,-1.0,1.0,-1.0,-1.0,0.06104676956673598,-1.0,-1.0,1.0,-1.0,-1.0,0.06104676956673598,-1.0
19772.js,-1.0,1.0,-1.0,-1.0,0.05710402407201607,-1.0,1.0,1.0,-1.0,1.0,0.05710402407201607,-1.0
19847.js,-1.0,1.0,-1.0,-1.0,0.190096947918642,-1.0,0.8316959287790378,1.0,-1.0,1.0,0.190096947918642,-1.0
19912.js,-1.0,1.0,-1.0,-1.0,0.11420804814403215,-1.0,-1.0,1.0,-1.0,-1.0,0.11420804814403215,-1.0
19946.js,-1.0,1.0,-1.0,-1.0,0.07860336953666276,-1.0,1.0,1.0,-1.0,1.0,0.07860336953666276,-1.0
19970.js,-1.0,1.0,-1.0,-1.0,0.21210066083891685,-1.0,-1.0,1.0,-1.0,-1.0,0.21210066083891685,-1.0
19985.js,-1.0,1.0,-1.0,-1.0,0.1387737998557591,-1.0,1.0,1.0,-1.0,-1.0,0.1387737998557591,-1.0
20050.js,-1.0,1.0,-1.0,-1.0,0.06104676956673598,-1.0,-1.0,1.0,-1.0,-1.0,0.06104676956673598,-1.0
20087.js,-1.0,1.0,-1.0,-1.0,0.25772277116069553,-1.0,-1.0,1.0,-1.0,-1.0,0.25772277116069553,-1.0
20134.js,-1.0,1.0,-1.0,-1.0,0.2114722130550724,-1.0,-1.0,1.0,-1.0,-1.0,0.2114722130550724,-1.0
20226.js,-1.0,1.0,-1.0,-1.0,0.10072203103706698,-1.0,1.0,1.0,-1.0,1.0,0.10072203103706698,-1.0
20252.js,-1.0,1.0,-1.0,-1.0,0.07194430788361927,-1.0,1.0,1.0,-1.0,1.0,0.07194430788361927,-1.0
20268.js,-1.0,1.0,-1.0,-1.0,0.10215078369104984,-1.0,0.9271050693011066,1.0,-1.0,1.0,0.10215078369104984,0.9271050693011066
2044.js,-1.0,1.0,-1.0,-1.0,-1.0,-1.0,-1.0,1.0,-1.0,-1.0,-1.0,-1.0
20473.js,-1.0,1.0,-1.0,-1.0,0.2054377162259489,-1.0,-1.0,1.0,-1.0,-1.0,0.2054377162259489,-1.0
20524.js,-1.0,1.0,-1.0,-1.0,0.15322617553657475,-1.0,1.0,1.0,-1.0,1.0,0.15322617553657475,1.0
20564.js,-1.0,1.0,-1.0,-1.0,0.04815434123430768,-1.0,1.0,1.0,-1.0,1.0,0.04815434123430768,-1.0
20750.js,-1.0,1.0,-1.0,-1.0,0.159891267401645,-1.0,1.0,1.0,-1.0,1.0,0.159891267401645,0.76
20837.js,-1.0,1.0,-1.0,-1.0,0.2114722130550724,-1.0,0.964772650936774,1.0,-1.0,1.0,0.2114722130550724,-1.0
2096.js,-1.0,1.0,-1.0,-1.0,-1.0,-1.0,-1.0,1.0,-1.0,-1.0,-1.0,-1.0
21.js,-1.0,1.0,-1.0,-1.0,0.33746388082265427,-1.0,-1.0,1.0,-1.0,-1.0,0.33746388082265427,-1.0
2101.js,-1.0,1.0,-1.0,-1.0,-1.0,-1.0,-1.0,1.0,-1.0,-1.0,-1.0,-1.0
21010.js,-1.0,1.0,-1.0,-1.0,-1.0,-1.0,-1.0,1.0,-1.0,-1.0,-1.0,-1.0
21071.js,-1.0,1.0,-1.0,-1.0,0.1076763804116331,-1.0,0.6614378277661476,1.0,-1.0,1.0,0.1076763804116331,-1.0
21163.js,-1.0,1.0,-1.0,-1.0,0.14356850721551082,-1.0,1.0,1.0,-1.0,1.0,0.14356850721551082,-1.0
21166.js,-1.0,1.0,-1.0,-1.0,0.23008600120796813,-1.0,1.0,1.0,-1.0,-1.0,0.23008600120796813,0.24282146558931603
21170.js,-1.0,1.0,-1.0,-1.0,0.15322617553657475,-1.0,1.0,1.0,-1.0,1.0,0.15322617553657475,-1.0
2125.js,-1.0,1.0,-1.0,-1.0,-1.0,-1.0,-1.0,1.0,-1.0,-1.0,-1.0,-1.0
21279.js,-1.0,1.0,-1.0,-1.0,-1.0,-1.0,-1.0,1.0,-1.0,-1.0,-1.0,-1.0
21436.js,-1.0,1.0,-1.0,-1.0,0.11420804814403215,-1.0,1.0,1.0,-1.0,1.0,0.11420804814403215,1.0
21552.js,-1.0,1.0,-1.0,-1.0,0.23574681237784278,-1.0,1.0,1.0,-1.0,1.0,0.23574681237784278,0.9478411467100529
21736.js,-1.0,1.0,-1.0,-1.0,0.11066334899863732,-1.0,1.0,1.0,-1.0,-1.0,0.11066334899863732,-1.0
21946.js,-1.0,1.0,-1.0,-1.0,0.19384952863381638,-1.0,-1.0,1.0,-1.0,-1.0,0.19384952863381638,-1.0
22499.js,-1.0,1.0,-1.0,-1.0,0.24174061031226587,-1.0,0.9451456227158638,1.0,-1.0,1.0,0.24174061031226587,-1.0
22516.js,-1.0,1.0,-1.0,-1.0,0.26592327067279803,-1.0,0.9626907371412557,1.0,-1.0,1.0,0.26592327067279803,0.2829125760578692
22798.js,-1.0,1.0,-1.0,-1.0,-1.0,-1.0,-1.0,1.0,-1.0,-1.0,-1.0,-1.0
22829.js,-1.0,1.0,-1.0,-1.0,0.01203858530857692,-1.0,1.0,1.0,-1.0,1.0,0.01203858530857692,1.0
22857.js,-1.0,1.0,-1.0,-1.0,-1.0,-1.0,-1.0,1.0,-1.0,-1.0,-1.0,-1.0
22918.js,-1.0,1.0,-1.0,-1.0,0.05075913250845873,-1.0,1.0,1.0,-1.0,1.0,0.05075913250845873,1.0
22924.js,-1.0,1.0,-1.0,-1.0,-1.0,-1.0,-1.0,1.0,-1.0,-1.0,-1.0,-1.0
22986.js,-1.0,1.0,-1.0,-1.0,0.10072203103706698,-1.0,1.0,1.0,-1.0,-1.0,0.10072203103706698,1.0
2324.js,-1.0,1.0,-1.0,-1.0,0.28713701443102163,-1.0,1.0,1.0,-1.0,1.0,0.28713701443102163,0.9661876207644757
23429.js,-1.0,1.0,-1.0,-1.0,-1.0,-1.0,-1.0,1.0,-1.0,-1.0,-1.0,-1.0
23809.js,-1.0,1.0,-1.0,-1.0,0.16252090166578842,-1.0,-1.0,1.0,-1.0,-1.0,0.16252090166578842,-1.0
23866.js,-1.0,1.0,-1.0,-1.0,0.06216698721602092,-1.0,1.0,1.0,-1.0,1.0,0.06216698721602092,-1.0
23895.js,-1.0,1.0,-1.0,-1.0,0.06216698721602092,-1.0,1.0,1.0,-1.0,1.0,0.06216698721602092,-1.0
24270.js,-1.0,1.0,-1.0,-1.0,0.34466967988529423,-1.0,-1.0,1.0,-1.0,-1.0,0.34466967988529423,-1.0
24292.js,-1.0,1.0,-1.0,-1.0,0.1278657017388143,-1.0,-1.0,1.0,-1.0,-1.0,0.1278657017388143,-1.0
24340.js,-1.0,1.0,-1.0,-1.0,0.10330506647252728,-1.0,1.0,1.0,-1.0,1.0,0.10330506647252728,0.8058229640253802
24371.js,-1.0,1.0,-1.0,-1.0,0.19034674690672027,-1.0,0.9073928715621605,1.0,-1.0,0.9863939238321437,0.19034674690672027,0.8959786703810408
24506.js,-1.0,1.0,-1.0,-1.0,0.1476465946380497,-1.0,-1.0,1.0,-1.0,-1.0,0.1476465946380497,-1.0
24860.js,-1.0,1.0,-1.0,-1.0,0.4946673838998322,-1.0,-1.0,1.0,-1.0,-1.0,0.4946673838998322,-1.0
24862.js,-1.0,1.0,-1.0,-1.0,0.5566241299408297,-1.0,-1.0,1.0,-1.0,-1.0,0.5566241299408297,-1.0
24907.js,-1.0,1.0,-1.0,-1.0,0.2508719583497341,-1.0,-1.0,1.0,-1.0,-1.0,0.2508719583497341,-1.0
24913.js,-1.0,1.0,-1.0,-1.0,0.4101497967635997,-1.0,0.9877633300078634,1.0,-1.0,1.0,0.4101497967635997,-1.0
2496.js,-1.0,1.0,-1.0,-1.0,0.09421683286017897,-1.0,1.0,1.0,-1.0,1.0,0.09421683286017897,1.0
25001.js,-1.0,1.0,-1.0,-1.0,-1.0,-1.0,-1.0,1.0,-1.0,-1.0,-1.0,-1.0
2614.js,-1.0,1.0,-1.0,-1.0,0.10151826501691746,-1.0,1.0,1.0,-1.0,1.0,0.10151826501691746,1.0
26541.js,-1.0,1.0,-1.0,-1.0,-1.0,-1.0,-1.0,1.0,-1.0,-1.0,-1.0,-1.0
2656.js,-1.0,1.0,-1.0,-1.0,0.20239402624208683,-1.0,1.0,1.0,-1.0,1.0,0.20239402624208683,0.9304083928170915
27002.js,-1.0,1.0,-1.0,-1.0,-1.0,-1.0,-1.0,1.0,-1.0,-1.0,-1.0,-1.0
27178.js,-1.0,1.0,-1.0,-1.0,-1.0,-1.0,-1.0,1.0,-1.0,-1.0,-1.0,-1.0
27182.js,-1.0,1.0,-1.0,-1.0,-1.0,-1.0,-1.0,1.0,-1.0,-1.0,-1.0,-1.0
27245.js,-1.0,1.0,-1.0,-1.0,-1.0,-1.0,-1.0,1.0,-1.0,-1.0,-1.0,-1.0
27247.js,-1.0,1.0,-1.0,-1.0,-1.0,-1.0,-1.0,1.0,-1.0,-1.0,-1.0,-1.0
27598.js,-1.0,1.0,-1.0,-1.0,0.226551443901442,-1.0,0.902523084583688,1.0,-1.0,1.0,0.226551443901442,0.8340444120673749
27724.js,-1.0,1.0,-1.0,-1.0,0.22535532865807584,-1.0,0.9050827350477709,1.0,-1.0,1.0,0.22535532865807584,0.818491011698897
27838.js,-1.0,1.0,-1.0,-1.0,0.21859282926346815,-1.0,0.9070618468604282,1.0,-1.0,1.0,0.21859282926346815,0.7864569727627236
27846.js,-1.0,1.0,-1.0,-1.0,0.21859282926346815,-1.0,0.9070618468604282,1.0,-1.0,1.0,0.21859282926346815,0.7864569727627236
27880.js,-1.0,1.0,-1.0,-1.0,0.21859282926346815,-1.0,0.9070618468604282,1.0,-1.0,1.0,0.21859282926346815,0.7864569727627236
27891.js,-1.0,1.0,-1.0,-1.0,0.21859282926346815,-1.0,0.9070618468604282,1.0,-1.0,1.0,0.21859282926346815,0.7864569727627236
27902.js,-1.0,1.0,-1.0,-1.0,0.21859282926346815,-1.0,0.9070618468604282,1.0,-1.0,1.0,0.21859282926346815,0.7864569727627236
28298.js,-1.0,1.0,-1.0,-1.0,0.22841609628806428,-1.0,0.9053394738630268,1.0,-1.0,1.0,0.22841609628806428,0.8040302522073697
28473.js,-1.0,1.0,-1.0,-1.0,0.21859282926346815,-1.0,0.9070618468604282,1.0,-1.0,1.0,0.21859282926346815,0.7864569727627236
28688.js,-1.0,1.0,-1.0,-1.0,0.21859282926346815,-1.0,0.9070618468604282,1.0,-1.0,1.0,0.21859282926346815,0.7864569727627236
28808.js,-1.0,1.0,-1.0,-1.0,0.21859282926346815,-1.0,0.9070618468604282,1.0,-1.0,1.0,0.21859282926346815,0.7864569727627236
28877.js,-1.0,1.0,-1.0,-1.0,0.21859282926346815,-1.0,0.9070618468604282,1.0,-1.0,1.0,0.21859282926346815,0.7864569727627236
28976.js,-1.0,1.0,-1.0,-1.0,0.21859282926346815,-1.0,0.9070618468604282,1.0,-1.0,1.0,0.21859282926346815,0.7864569727627236
29012.js,-1.0,1.0,-1.0,-1.0,0.21859282926346815,-1.0,0.9070618468604282,1.0,-1.0,1.0,0.21859282926346815,0.7864569727627236
29132.js,-1.0,1.0,-1.0,-1.0,0.21859282926346815,-1.0,0.9070618468604282,1.0,-1.0,1.0,0.21859282926346815,0.7864569727627236
29148.js,-1.0,1.0,-1.0,-1.0,0.21669453555438456,-1.0,0.9144544011878624,1.0,-1.0,1.0,0.21669453555438456,0.8215838362577491
29213.js,-1.0,1.0,-1.0,-1.0,0.21859282926346815,-1.0,0.9070618468604282,1.0,-1.0,1.0,0.21859282926346815,0.7864569727627236
29258.js,-1.0,1.0,-1.0,-1.0,0.21859282926346815,-1.0,0.9070618468604282,1.0,-1.0,1.0,0.21859282926346815,0.7864569727627236
29294.js,-1.0,1.0,-1.0,-1.0,0.21859282926346815,-1.0,0.9070618468604282,1.0,-1.0,1.0,0.21859282926346815,0.7864569727627236
29386.js,-1.0,1.0,-1.0,-1.0,0.21859282926346815,-1.0,0.9070618468604282,1.0,-1.0,1.0,0.21859282926346815,0.7864569727627236
29408.js,-1.0,1.0,-1.0,-1.0,0.21859282926346815,-1.0,0.9070618468604282,1.0,-1.0,1.0,0.21859282926346815,0.7864569727627236
29474.js,-1.0,1.0,-1.0,-1.0,0.21859282926346815,-1.0,0.9070618468604282,1.0,-1.0,1.0,0.21859282926346815,0.7864569727627236
29533.js,-1.0,1.0,-1.0,-1.0,0.22841609628806428,-1.0,0.9053394738630268,1.0,-1.0,1.0,0.22841609628806428,0.8040302522073697
29540.js,-1.0,1.0,-1.0,-1.0,0.21859282926346815,-1.0,0.9070618468604282,1.0,-1.0,1.0,0.21859282926346815,0.7864569727627236
29567.js,-1.0,1.0,-1.0,-1.0,0.21859282926346815,-1.0,0.9070618468604282,1.0,-1.0,1.0,0.21859282926346815,0.7864569727627236
29651.js,-1.0,1.0,-1.0,-1.0,0.21859282926346815,-1.0,0.9070618468604282,1.0,-1.0,1.0,0.21859282926346815,0.7864569727627236
29704.js,-1.0,1.0,-1.0,-1.0,0.21859282926346815,-1.0,0.9070618468604282,1.0,-1.0,1.0,0.21859282926346815,0.7864569727627236
29838.js,-1.0,1.0,-1.0,-1.0,-1.0,-1.0,-1.0,1.0,-1.0,-1.0,-1.0,-1.0
2985.js,-1.0,1.0,-1.0,-1.0,0.042087249303622225,-1.0,1.0,1.0,-1.0,1.0,0.042087249303622225,1.0
29861.js,-1.0,1.0,-1.0,-1.0,-1.0,-1.0,-1.0,1.0,-1.0,-1.0,-1.0,-1.0
29913.js,-1.0,1.0,-1.0,-1.0,-1.0,-1.0,-1.0,1.0,-1.0,-1.0,-1.0,-1.0
29975.js,-1.0,1.0,-1.0,-1.0,-1.0,-1.0,-1.0,1.0,-1.0,-1.0,-1.0,-1.0
29986.js,-1.0,1.0,-1.0,-1.0,-1.0,-1.0,-1.0,1.0,-1.0,-1.0,-1.0,-1.0
300.js,-1.0,1.0,-1.0,-1.0,-1.0,-1.0,-1.0,1.0,-1.0,-1.0,-1.0,-1.0
30124.js,-1.0,1.0,-1.0,-1.0,-1.0,-1.0,-1.0,1.0,-1.0,-1.0,-1.0,-1.0
30293.js,-1.0,1.0,-1.0,-1.0,-1.0,-1.0,-1.0,1.0,-1.0,-1.0,-1.0,-1.0
30361.js,-1.0,1.0,-1.0,-1.0,-1.0,-1.0,-1.0,1.0,-1.0,-1.0,-1.0,-1.0
30370.js,-1.0,1.0,-1.0,-1.0,-1.0,-1.0,-1.0,1.0,-1.0,-1.0,-1.0,-1.0
30375.js,-1.0,1.0,-1.0,-1.0,-1.0,-1.0,-1.0,1.0,-1.0,-1.0,-1.0,-1.0
30403.js,-1.0,1.0,-1.0,-1.0,-1.0,-1.0,-1.0,1.0,-1.0,-1.0,-1.0,-1.0
30415.js,-1.0,1.0,-1.0,-1.0,-1.0,-1.0,-1.0,1.0,-1.0,-1.0,-1.0,-1.0
30510.js,-1.0,1.0,-1.0,-1.0,-1.0,-1.0,-1.0,1.0,-1.0,-1.0,-1.0,-1.0
3062.js,-1.0,1.0,-1.0,-1.0,0.11191907753901595,-1.0,1.0,1.0,-1.0,1.0,0.11191907753901595,1.0
30712.js,-1.0,1.0,-1.0,-1.0,-1.0,-1.0,-1.0,1.0,-1.0,-1.0,-1.0,-1.0
30719.js,-1.0,1.0,-1.0,-1.0,-1.0,-1.0,-1.0,1.0,-1.0,-1.0,-1.0,-1.0
30771.js,-1.0,1.0,-1.0,-1.0,-1.0,-1.0,-1.0,1.0,-1.0,-1.0,-1.0,-1.0
30860.js,-1.0,1.0,-1.0,-1.0,-1.0,-1.0,-1.0,1.0,-1.0,-1.0,-1.0,-1.0
30876.js,-1.0,1.0,-1.0,-1.0,-1.0,-1.0,-1.0,1.0,-1.0,-1.0,-1.0,-1.0
30894.js,-1.0,1.0,-1.0,-1.0,-1.0,-1.0,-1.0,1.0,-1.0,-1.0,-1.0,-1.0
30959.js,-1.0,1.0,-1.0,-1.0,-1.0,-1.0,-1.0,1.0,-1.0,-1.0,-1.0,-1.0
30978.js,-1.0,1.0,-1.0,-1.0,-1.0,-1.0,-1.0,1.0,-1.0,-1.0,-1.0,-1.0
31344.js,-1.0,1.0,-1.0,-1.0,-1.0,-1.0,-1.0,1.0,-1.0,-1.0,-1.0,-1.0
31377.js,-1.0,1.0,-1.0,-1.0,-1.0,-1.0,-1.0,1.0,-1.0,-1.0,-1.0,-1.0
31386.js,-1.0,1.0,-1.0,-1.0,-1.0,-1.0,-1.0,1.0,-1.0,-1.0,-1.0,-1.0
31487.js,-1.0,1.0,-1.0,-1.0,-1.0,-1.0,-1.0,1.0,-1.0,-1.0,-1.0,-1.0
31552.js,-1.0,1.0,-1.0,-1.0,-1.0,-1.0,-1.0,1.0,-1.0,-1.0,-1.0,-1.0
31615.js,-1.0,1.0,-1.0,-1.0,-1.0,-1.0,-1.0,1.0,-1.0,-1.0,-1.0,-1.0
3174.js,-1.0,1.0,-1.0,-1.0,0.11478340719169698,-1.0,1.0,1.0,-1.0,1.0,0.11478340719169698,1.0
31854.js,-1.0,1.0,-1.0,-1.0,-1.0,-1.0,-1.0,1.0,-1.0,-1.0,-1.0,-1.0
32013.js,-1.0,1.0,-1.0,-1.0,-1.0,-1.0,-1.0,1.0,-1.0,-1.0,-1.0,-1.0
32116.js,-1.0,1.0,-1.0,-1.0,-1.0,-1.0,-1.0,1.0,-1.0,-1.0,-1.0,-1.0
32164.js,-1.0,1.0,-1.0,-1.0,-1.0,-1.0,-1.0,1.0,-1.0,-1.0,-1.0,-1.0
32188.js,-1.0,1.0,-1.0,-1.0,-1.0,-1.0,-1.0,1.0,-1.0,-1.0,-1.0,-1.0
32279.js,-1.0,1.0,-1.0,-1.0,-1.0,-1.0,-1.0,1.0,-1.0,-1.0,-1.0,-1.0
32369.js,-1.0,1.0,-1.0,-1.0,-1.0,-1.0,-1.0,1.0,-1.0,-1.0,-1.0,-1.0
32515.js,-1.0,1.0,-1.0,-1.0,-1.0,-1.0,-1.0,1.0,-1.0,-1.0,-1.0,-1.0
32551.js,-1.0,1.0,-1.0,-1.0,-1.0,-1.0,-1.0,1.0,-1.0,-1.0,-1.0,-1.0
32556.js,-1.0,1.0,-1.0,-1.0,-1.0,-1.0,-1.0,1.0,-1.0,-1.0,-1.0,-1.0
32626.js,-1.0,1.0,-1.0,-1.0,-1.0,-1.0,-1.0,1.0,-1.0,-1.0,-1.0,-1.0
32745.js,-1.0,1.0,-1.0,-1.0,-1.0,-1.0,-1.0,1.0,-1.0,-1.0,-1.0,-1.0
32747.js,-1.0,1.0,-1.0,-1.0,-1.0,-1.0,-1.0,1.0,-1.0,-1.0,-1.0,-1.0
3284.js,-1.0,1.0,-1.0,-1.0,0.10834726777719228,-1.0,1.0,1.0,-1.0,1.0,0.10834726777719228,1.0
32843.js,-1.0,1.0,-1.0,-1.0,-1.0,-1.0,-1.0,1.0,-1.0,-1.0,-1.0,-1.0
32846.js,-1.0,1.0,-1.0,-1.0,-1.0,-1.0,-1.0,1.0,-1.0,-1.0,-1.0,-1.0
32896.js,-1.0,1.0,-1.0,-1.0,-1.0,-1.0,-1.0,1.0,-1.0,-1.0,-1.0,-1.0
33023.js,-1.0,1.0,-1.0,-1.0,-1.0,-1.0,-1.0,1.0,-1.0,-1.0,-1.0,-1.0
33031.js,-1.0,1.0,-1.0,-1.0,-1.0,-1.0,-1.0,1.0,-1.0,-1.0,-1.0,-1.0
33046.js,-1.0,1.0,-1.0,-1.0,-1.0,-1.0,-1.0,1.0,-1.0,-1.0,-1.0,-1.0
33261.js,-1.0,1.0,-1.0,-1.0,-1.0,-1.0,-1.0,1.0,-1.0,-1.0,-1.0,-1.0
33341.js,-1.0,1.0,-1.0,-1.0,-1.0,-1.0,-1.0,1.0,-1.0,-1.0,-1.0,-1.0
33370.js,-1.0,1.0,-1.0,-1.0,-1.0,-1.0,-1.0,1.0,-1.0,-1.0,-1.0,-1.0
33397.js,-1.0,1.0,-1.0,-1.0,-1.0,-1.0,-1.0,1.0,-1.0,-1.0,-1.0,-1.0
33427.js,-1.0,1.0,-1.0,-1.0,-1.0,-1.0,-1.0,1.0,-1.0,-1.0,-1.0,-1.0
33489.js,-1.0,1.0,-1.0,-1.0,-1.0,-1.0,-1.0,1.0,-1.0,-1.0,-1.0,-1.0
3354.js,-1.0,1.0,-1.0,-1.0,0.10151826501691746,-1.0,1.0,1.0,-1.0,1.0,0.10151826501691746,1.0
33586.js,-1.0,1.0,-1.0,-1.0,-1.0,-1.0,-1.0,1.0,-1.0,-1.0,-1.0,-1.0
33599.js,-1.0,1.0,-1.0,-1.0,-1.0,-1.0,-1.0,1.0,-1.0,-1.0,-1.0,-1.0
33613.js,-1.0,1.0,-1.0,-1.0,-1.0,-1.0,-1.0,1.0,-1.0,-1.0,-1.0,-1.0
33634.js,-1.0,1.0,-1.0,-1.0,-1.0,-1.0,-1.0,1.0,-1.0,-1.0,-1.0,-1.0
33835.js,-1.0,1.0,-1.0,-1.0,-1.0,-1.0,-1.0,1.0,-1.0,-1.0,-1.0,-1.0
33895.js,-1.0,1.0,-1.0,-1.0,-1.0,-1.0,-1.0,1.0,-1.0,-1.0,-1.0,-1.0
3391.js,-1.0,1.0,-1.0,-1.0,0.08633316946034313,-1.0,1.0,1.0,-1.0,1.0,0.08633316946034313,1.0
34023.js,-1.0,1.0,-1.0,-1.0,-1.0,-1.0,-1.0,1.0,-1.0,-1.0,-1.0,-1.0
34055.js,-1.0,1.0,-1.0,-1.0,-1.0,-1.0,-1.0,1.0,-1.0,-1.0,-1.0,-1.0
34209.js,-1.0,1.0,-1.0,-1.0,-1.0,-1.0,-1.0,1.0,-1.0,-1.0,-1.0,-1.0
34265.js,-1.0,1.0,-1.0,-1.0,-1.0,-1.0,-1.0,1.0,-1.0,-1.0,-1.0,-1.0
34292.js,-1.0,1.0,-1.0,-1.0,-1.0,-1.0,-1.0,1.0,-1.0,-1.0,-1.0,-1.0
34322.js,-1.0,1.0,-1.0,-1.0,-1.0,-1.0,-1.0,1.0,-1.0,-1.0,-1.0,-1.0
34401.js,-1.0,1.0,-1.0,-1.0,-1.0,-1.0,-1.0,1.0,-1.0,-1.0,-1.0,-1.0
34522.js,-1.0,1.0,-1.0,-1.0,-1.0,-1.0,-1.0,1.0,-1.0,-1.0,-1.0,-1.0
34526.js,-1.0,1.0,-1.0,-1.0,-1.0,-1.0,-1.0,1.0,-1.0,-1.0,-1.0,-1.0
34534.js,-1.0,1.0,-1.0,-1.0,-1.0,-1.0,-1.0,1.0,-1.0,-1.0,-1.0,-1.0
34553.js,-1.0,1.0,-1.0,-1.0,-1.0,-1.0,-1.0,1.0,-1.0,-1.0,-1.0,-1.0
34602.js,-1.0,1.0,-1.0,-1.0,-1.0,-1.0,-1.0,1.0,-1.0,-1.0,-1.0,-1.0
34620.js,-1.0,1.0,-1.0,-1.0,-1.0,-1.0,-1.0,1.0,-1.0,-1.0,-1.0,-1.0
34631.js,-1.0,1.0,-1.0,-1.0,-1.0,-1.0,-1.0,1.0,-1.0,-1.0,-1.0,-1.0
3465.js,-1.0,1.0,-1.0,-1.0,0.02597056905574371,-1.0,1.0,1.0,-1.0,1.0,0.02597056905574371,1.0
34651.js,-1.0,1.0,-1.0,-1.0,-1.0,-1.0,-1.0,1.0,-1.0,-1.0,-1.0,-1.0
34848.js,-1.0,1.0,-1.0,-1.0,-1.0,-1.0,-1.0,1.0,-1.0,-1.0,-1.0,-1.0
34903.js,-1.0,1.0,-1.0,-1.0,-1.0,-1.0,-1.0,1.0,-1.0,-1.0,-1.0,-1.0
34939.js,-1.0,1.0,-1.0,-1.0,-1.0,-1.0,-1.0,1.0,-1.0,-1.0,-1.0,-1.0
34947.js,-1.0,1.0,-1.0,-1.0,-1.0,-1.0,-1.0,1.0,-1.0,-1.0,-1.0,-1.0
35296.js,-1.0,1.0,-1.0,-1.0,-1.0,-1.0,-1.0,1.0,-1.0,-1.0,-1.0,-1.0
35349.js,-1.0,1.0,-1.0,-1.0,-1.0,-1.0,-1.0,1.0,-1.0,-1.0,-1.0,-1.0
35400.js,-1.0,1.0,-1.0,-1.0,-1.0,-1.0,-1.0,1.0,-1.0,-1.0,-1.0,-1.0
35504.js,-1.0,1.0,-1.0,-1.0,-1.0,-1.0,-1.0,1.0,-1.0,-1.0,-1.0,-1.0
35540.js,-1.0,1.0,-1.0,-1.0,-1.0,-1.0,-1.0,1.0,-1.0,-1.0,-1.0,-1.0
3558.js,-1.0,1.0,-1.0,-1.0,0.33648360967347246,-1.0,1.0,1.0,-1.0,1.0,0.33648360967347246,0.9768392859009549
35829.js,-1.0,1.0,-1.0,-1.0,-1.0,-1.0,-1.0,1.0,-1.0,-1.0,-1.0,-1.0
35855.js,-1.0,1.0,-1.0,-1.0,-1.0,-1.0,-1.0,1.0,-1.0,-1.0,-1.0,-1.0
35958.js,-1.0,1.0,-1.0,-1.0,-1.0,-1.0,-1.0,1.0,-1.0,-1.0,-1.0,-1.0
35993.js,-1.0,1.0,-1.0,-1.0,-1.0,-1.0,-1.0,1.0,-1.0,-1.0,-1.0,-1.0
36135.js,-1.0,1.0,-1.0,-1.0,-1.0,-1.0,-1.0,1.0,-1.0,-1.0,-1.0,-1.0
36317.js,-1.0,1.0,-1.0,-1.0,-1.0,-1.0,-1.0,1.0,-1.0,-1.0,-1.0,-1.0
36371.js,-1.0,1.0,-1.0,-1.0,-1.0,-1.0,-1.0,1.0,-1.0,-1.0,-1.0,-1.0
36376.js,-1.0,1.0,-1.0,-1.0,-1.0,-1.0,-1.0,1.0,-1.0,-1.0,-1.0,-1.0
36511.js,-1.0,1.0,-1.0,-1.0,-1.0,-1.0,-1.0,1.0,-1.0,-1.0,-1.0,-1.0
36516.js,-1.0,1.0,-1.0,-1.0,-1.0,-1.0,-1.0,1.0,-1.0,-1.0,-1.0,-1.0
3653.js,-1.0,1.0,-1.0,-1.0,0.09870334871066368,-1.0,1.0,1.0,-1.0,1.0,0.09870334871066368,1.0
3659.js,-1.0,1.0,-1.0,-1.0,0.08633316946034313,-1.0,1.0,1.0,-1.0,1.0,0.08633316946034313,1.0
36637.js,-1.0,1.0,-1.0,-1.0,-1.0,-1.0,-1.0,1.0,-1.0,-1.0,-1.0,-1.0
36662.js,-1.0,1.0,-1.0,-1.0,-1.0,-1.0,-1.0,1.0,-1.0,-1.0,-1.0,-1.0
36903.js,-1.0,1.0,-1.0,-1.0,-1.0,-1.0,-1.0,1.0,-1.0,-1.0,-1.0,-1.0
37088.js,-1.0,1.0,-1.0,-1.0,-1.0,-1.0,-1.0,1.0,-1.0,-1.0,-1.0,-1.0
37159.js,-1.0,1.0,-1.0,-1.0,-1.0,-1.0,-1.0,1.0,-1.0,-1.0,-1.0,-1.0
3717.js,-1.0,1.0,-1.0,-1.0,0.08547960742202877,-1.0,1.0,1.0,-1.0,1.0,0.08547960742202877,1.0
3718.js,-1.0,1.0,-1.0,-1.0,0.07645528515426074,-1.0,1.0,1.0,-1.0,1.0,0.07645528515426074,1.0
37277.js,-1.0,1.0,-1.0,-1.0,-1.0,-1.0,-1.0,1.0,-1.0,-1.0,-1.0,-1.0
37464.js,-1.0,1.0,-1.0,-1.0,-1.0,-1.0,-1.0,1.0,-1.0,-1.0,-1.0,-1.0
37503.js,-1.0,1.0,-1.0,-1.0,-1.0,-1.0,-1.0,1.0,-1.0,-1.0,-1.0,-1.0
37610.js,-1.0,1.0,-1.0,-1.0,-1.0,-1.0,-1.0,1.0,-1.0,-1.0,-1.0,-1.0
37699.js,-1.0,1.0,-1.0,-1.0,-1.0,-1.0,-1.0,1.0,-1.0,-1.0,-1.0,-1.0
37864.js,-1.0,1.0,-1.0,-1.0,-1.0,-1.0,-1.0,1.0,-1.0,-1.0,-1.0,-1.0
37998.js,-1.0,1.0,-1.0,-1.0,-1.0,-1.0,-1.0,1.0,-1.0,-1.0,-1.0,-1.0
38001.js,-1.0,1.0,-1.0,-1.0,-1.0,-1.0,-1.0,1.0,-1.0,-1.0,-1.0,-1.0
3801.js,-1.0,1.0,-1.0,-1.0,0.041463700027924225,-1.0,1.0,1.0,-1.0,1.0,0.041463700027924225,1.0
38031.js,-1.0,1.0,-1.0,-1.0,-1.0,-1.0,-1.0,1.0,-1.0,-1.0,-1.0,-1.0
38090.js,-1.0,1.0,-1.0,-1.0,-1.0,-1.0,-1.0,1.0,-1.0,-1.0,-1.0,-1.0
38102.js,-1.0,1.0,-1.0,-1.0,-1.0,-1.0,-1.0,1.0,-1.0,-1.0,-1.0,-1.0
38161.js,-1.0,1.0,-1.0,-1.0,-1.0,-1.0,-1.0,1.0,-1.0,-1.0,-1.0,-1.0
38177.js,-1.0,1.0,-1.0,-1.0,-1.0,-1.0,-1.0,1.0,-1.0,-1.0,-1.0,-1.0
38295.js,-1.0,1.0,-1.0,-1.0,-1.0,-1.0,-1.0,1.0,-1.0,-1.0,-1.0,-1.0
38411.js,-1.0,1.0,-1.0,-1.0,-1.0,-1.0,-1.0,1.0,-1.0,-1.0,-1.0,-1.0
38472.js,-1.0,1.0,-1.0,-1.0,-1.0,-1.0,-1.0,1.0,-1.0,-1.0,-1.0,-1.0
38577.js,-1.0,1.0,-1.0,-1.0,-1.0,-1.0,-1.0,1.0,-1.0,-1.0,-1.0,-1.0
38607.js,-1.0,1.0,-1.0,-1.0,-1.0,-1.0,-1.0,1.0,-1.0,-1.0,-1.0,-1.0
38617.js,-1.0,1.0,-1.0,-1.0,-1.0,-1.0,-1.0,1.0,-1.0,-1.0,-1.0,-1.0
3873.js,-1.0,1.0,-1.0,-1.0,0.09421683286017897,-1.0,1.0,1.0,-1.0,1.0,0.09421683286017897,1.0
38760.js,-1.0,1.0,-1.0,-1.0,0.22841609628806428,-1.0,0.9053394738630268,1.0,-1.0,1.0,0.22841609628806428,0.8040302522073697
38786.js,-1.0,1.0,-1.0,-1.0,0.21859282926346815,-1.0,0.9070618468604282,1.0,-1.0,1.0,0.21859282926346815,0.7864569727627236
38807.js,-1.0,1.0,-1.0,-1.0,0.22430015382565205,-1.0,0.9085863198007664,1.0,-1.0,1.0,0.22430015382565205,0.8102546544402055
38815.js,-1.0,1.0,-1.0,-1.0,0.21859282926346815,-1.0,0.9070618468604282,1.0,-1.0,1.0,0.21859282926346815,0.7864569727627236
38823.js,-1.0,1.0,-1.0,-1.0,0.21859282926346815,-1.0,0.9070618468604282,1.0,-1.0,1.0,0.21859282926346815,0.7864569727627236
3884.js,-1.0,1.0,-1.0,-1.0,0.11614391564599091,-1.0,1.0,1.0,-1.0,1.0,0.11614391564599091,1.0
38872.js,-1.0,1.0,-1.0,-1.0,0.21859282926346815,-1.0,0.9070618468604282,1.0,-1.0,1.0,0.21859282926346815,0.7864569727627236
38970.js,-1.0,1.0,-1.0,-1.0,0.21859282926346815,-1.0,0.9070618468604282,1.0,-1.0,1.0,0.21859282926346815,0.7864569727627236
39025.js,-1.0,1.0,-1.0,-1.0,0.21859282926346815,-1.0,0.9070618468604282,1.0,-1.0,1.0,0.21859282926346815,0.7864569727627236
3924.js,-1.0,1.0,-1.0,-1.0,0.15254153891648023,-1.0,1.0,1.0,-1.0,1.0,0.15254153891648023,0.8743856497851875
39278.js,-1.0,1.0,-1.0,-1.0,0.22191458723728083,-1.0,0.9078464896190052,1.0,-1.0,1.0,0.22191458723728083,0.8234389494524972
39287.js,-1.0,1.0,-1.0,-1.0,0.48230045392710663,-1.0,0.9674796892713264,1.0,-1.0,-1.0,0.48230045392710663,0.8544778817097174
39463.js,-1.0,1.0,-1.0,-1.0,0.21859282926346815,-1.0,0.9070618468604282,1.0,-1.0,1.0,0.21859282926346815,0.7864569727627236
3949.js,-1.0,1.0,-1.0,-1.0,0.10834726777719228,-1.0,1.0,1.0,-1.0,1.0,0.10834726777719228,1.0
39563.js,-1.0,1.0,-1.0,-1.0,0.21859282926346815,-1.0,0.9070618468604282,1.0,-1.0,1.0,0.21859282926346815,0.7864569727627236
39575.js,-1.0,1.0,-1.0,-1.0,0.21859282926346815,-1.0,0.9070618468604282,1.0,-1.0,1.0,0.21859282926346815,0.7864569727627236
39641.js,-1.0,1.0,-1.0,-1.0,0.22430015382565205,-1.0,0.9085863198007664,1.0,-1.0,1.0,0.22430015382565205,0.8102546544402055
39657.js,-1.0,1.0,-1.0,-1.0,0.21859282926346815,-1.0,0.9070618468604282,1.0,-1.0,1.0,0.21859282926346815,0.7864569727627236
39685.js,-1.0,1.0,-1.0,-1.0,0.21859282926346815,-1.0,0.9070618468604282,1.0,-1.0,1.0,0.21859282926346815,0.7864569727627236
39689.js,-1.0,1.0,-1.0,-1.0,0.22430015382565205,-1.0,0.9085863198007664,1.0,-1.0,1.0,0.22430015382565205,0.8102546544402055
39795.js,-1.0,1.0,-1.0,-1.0,0.21859282926346815,-1.0,0.9070618468604282,1.0,-1.0,1.0,0.21859282926346815,0.7864569727627236
39835.js,-1.0,1.0,-1.0,-1.0,0.21859282926346815,-1.0,0.9070618468604282,1.0,-1.0,1.0,0.21859282926346815,0.7864569727627236
39845.js,-1.0,1.0,-1.0,-1.0,0.21859282926346815,-1.0,0.9070618468604282,1.0,-1.0,1.0,0.21859282926346815,0.7864569727627236
39953.js,-1.0,1.0,-1.0,-1.0,0.21859282926346815,-1.0,0.9070618468604282,1.0,-1.0,1.0,0.21859282926346815,0.7864569727627236
39987.js,-1.0,1.0,-1.0,-1.0,0.21859282926346815,-1.0,0.9070618468604282,1.0,-1.0,1.0,0.21859282926346815,0.7864569727627236
40095.js,-1.0,1.0,-1.0,-1.0,0.21859282926346815,-1.0,0.9070618468604282,1.0,-1.0,1.0,0.21859282926346815,0.7864569727627236
40133.js,-1.0,1.0,-1.0,-1.0,0.21862678196541863,-1.0,0.9104537691937903,1.0,-1.0,1.0,0.21862678196541863,0.8281233995804913
40172.js,-1.0,1.0,-1.0,-1.0,0.21859282926346815,-1.0,0.9070618468604282,1.0,-1.0,1.0,0.21859282926346815,0.7864569727627236
40283.js,-1.0,1.0,-1.0,-1.0,0.21859282926346815,-1.0,0.9070618468604282,1.0,-1.0,1.0,0.21859282926346815,0.7864569727627236
4041.js,-1.0,1.0,-1.0,-1.0,0.6215023592129114,-1.0,0.9783448548903747,1.0,-1.0,-1.0,0.6215023592129114,0.9064575120135607
40486.js,-1.0,1.0,-1.0,-1.0,0.21859282926346815,-1.0,0.9070618468604282,1.0,-1.0,1.0,0.21859282926346815,0.7864569727627236
40512.js,-1.0,1.0,-1.0,-1.0,0.22430015382565205,-1.0,0.9085863198007664,1.0,-1.0,1.0,0.22430015382565205,0.8102546544402055
4075.js,-1.0,1.0,-1.0,-1.0,0.40882538697218745,-1.0,-1.0,1.0,-1.0,-1.0,0.40882538697218745,-1.0
40938.js,-1.0,1.0,-1.0,-1.0,0.21859282926346815,-1.0,0.9070618468604282,1.0,-1.0,1.0,0.21859282926346815,0.7864569727627236
40984.js,-1.0,1.0,-1.0,-1.0,0.21859282926346815,-1.0,0.9070618468604282,1.0,-1.0,1.0,0.21859282926346815,0.7864569727627236
41114.js,-1.0,1.0,-1.0,-1.0,0.21859282926346815,-1.0,0.9070618468604282,1.0,-1.0,1.0,0.21859282926346815,0.7864569727627236
41351.js,-1.0,1.0,-1.0,-1.0,0.21859282926346815,-1.0,0.9070618468604282,1.0,-1.0,1.0,0.21859282926346815,0.7864569727627236
41427.js,-1.0,1.0,-1.0,-1.0,0.21859282926346815,-1.0,0.9070618468604282,1.0,-1.0,1.0,0.21859282926346815,0.7864569727627236
41525.js,-1.0,1.0,-1.0,-1.0,0.21859282926346815,-1.0,0.9070618468604282,1.0,-1.0,1.0,0.21859282926346815,0.7864569727627236
4165.js,-1.0,1.0,-1.0,-1.0,0.5109983698115349,-1.0,0.9831064547892252,1.0,-1.0,-1.0,0.5109983698115349,0.957564763814478
41703.js,-1.0,1.0,-1.0,-1.0,0.21859282926346815,-1.0,0.9070618468604282,1.0,-1.0,1.0,0.21859282926346815,0.7864569727627236
41746.js,-1.0,1.0,-1.0,-1.0,0.21859282926346815,-1.0,0.9070618468604282,1.0,-1.0,1.0,0.21859282926346815,0.7864569727627236
41759.js,-1.0,1.0,-1.0,-1.0,0.21859282926346815,-1.0,0.9070618468604282,1.0,-1.0,1.0,0.21859282926346815,0.7864569727627236
41785.js,-1.0,1.0,-1.0,-1.0,0.22430015382565205,-1.0,0.9085863198007664,1.0,-1.0,1.0,0.22430015382565205,0.8102546544402055
41931.js,-1.0,1.0,-1.0,-1.0,0.22430015382565205,-1.0,0.9085863198007664,1.0,-1.0,1.0,0.22430015382565205,0.8102546544402055
41949.js,-1.0,1.0,-1.0,-1.0,0.21859282926346815,-1.0,0.9070618468604282,1.0,-1.0,1.0,0.21859282926346815,0.7864569727627236
42393.js,-1.0,1.0,-1.0,-1.0,0.22430015382565205,-1.0,0.9085863198007664,1.0,-1.0,1.0,0.22430015382565205,0.8102546544402055
42462.js,-1.0,1.0,-1.0,-1.0,0.21859282926346815,-1.0,0.9070618468604282,1.0,-1.0,1.0,0.21859282926346815,0.7864569727627236
42466.js,-1.0,1.0,-1.0,-1.0,0.21859282926346815,-1.0,0.9070618468604282,1.0,-1.0,1.0,0.21859282926346815,0.7864569727627236
42622.js,-1.0,1.0,-1.0,-1.0,0.22841609628806428,-1.0,0.9053394738630268,1.0,-1.0,1.0,0.22841609628806428,0.8040302522073697
42641.js,-1.0,1.0,-1.0,-1.0,0.21859282926346815,-1.0,0.9070618468604282,1.0,-1.0,1.0,0.21859282926346815,0.7864569727627236
42720.js,-1.0,1.0,-1.0,-1.0,0.21859282926346815,-1.0,0.9070618468604282,1.0,-1.0,1.0,0.21859282926346815,0.7864569727627236
42722.js,-1.0,1.0,-1.0,-1.0,0.21859282926346815,-1.0,0.9070618468604282,1.0,-1.0,1.0,0.21859282926346815,0.7864569727627236
42892.js,-1.0,1.0,-1.0,-1.0,0.21859282926346815,-1.0,0.9070618468604282,1.0,-1.0,1.0,0.21859282926346815,0.7864569727627236
42984.js,-1.0,1.0,-1.0,-1.0,0.21859282926346815,-1.0,0.9070618468604282,1.0,-1.0,1.0,0.21859282926346815,0.7864569727627236
43082.js,-1.0,1.0,-1.0,-1.0,0.21859282926346815,-1.0,0.9070618468604282,1.0,-1.0,1.0,0.21859282926346815,0.7864569727627236
43405.js,-1.0,1.0,-1.0,-1.0,0.22841609628806428,-1.0,0.9053394738630268,1.0,-1.0,1.0,0.22841609628806428,0.8040302522073697
43492.js,-1.0,1.0,-1.0,-1.0,0.21859282926346815,-1.0,0.9070618468604282,1.0,-1.0,1.0,0.21859282926346815,0.7864569727627236
43566.js,-1.0,1.0,-1.0,-1.0,0.21859282926346815,-1.0,0.9070618468604282,1.0,-1.0,1.0,0.21859282926346815,0.7864569727627236
43851.js,-1.0,1.0,-1.0,-1.0,0.21859282926346815,-1.0,0.9070618468604282,1.0,-1.0,1.0,0.21859282926346815,0.7864569727627236
43891.js,-1.0,1.0,-1.0,-1.0,0.21859282926346815,-1.0,0.9070618468604282,1.0,-1.0,1.0,0.21859282926346815,0.7864569727627236
43898.js,-1.0,1.0,-1.0,-1.0,0.21859282926346815,-1.0,0.9070618468604282,1.0,-1.0,1.0,0.21859282926346815,0.7864569727627236
43931.js,-1.0,1.0,-1.0,-1.0,0.21859282926346815,-1.0,0.9070618468604282,1.0,-1.0,1.0,0.21859282926346815,0.7864569727627236
43981.js,-1.0,1.0,-1.0,-1.0,0.21859282926346815,-1.0,0.9070618468604282,1.0,-1.0,1.0,0.21859282926346815,0.7864569727627236
44079.js,-1.0,1.0,-1.0,-1.0,0.21859282926346815,-1.0,0.9070618468604282,1.0,-1.0,1.0,0.21859282926346815,0.7864569727627236
44114.js,-1.0,1.0,-1.0,-1.0,0.21859282926346815,-1.0,0.9070618468604282,1.0,-1.0,1.0,0.21859282926346815,0.7864569727627236
44122.js,-1.0,1.0,-1.0,-1.0,0.22841609628806428,-1.0,0.9053394738630268,1.0,-1.0,1.0,0.22841609628806428,0.8040302522073697
44139.js,-1.0,1.0,-1.0,-1.0,0.21859282926346815,-1.0,0.9070618468604282,1.0,-1.0,1.0,0.21859282926346815,0.7864569727627236
44169.js,-1.0,1.0,-1.0,-1.0,0.2054377162259489,-1.0,0.9195154474007807,1.0,-1.0,1.0,0.2054377162259489,0.8542335232714189
44293.js,-1.0,1.0,-1.0,-1.0,0.21859282926346815,-1.0,0.9070618468604282,1.0,-1.0,1.0,0.21859282926346815,0.7864569727627236
44333.js,-1.0,1.0,-1.0,-1.0,0.21859282926346815,-1.0,0.9070618468604282,1.0,-1.0,1.0,0.21859282926346815,0.7864569727627236
44354.js,-1.0,1.0,-1.0,-1.0,0.48230045392710663,-1.0,0.9674796892713264,1.0,-1.0,-1.0,0.48230045392710663,0.8544778817097174
44431.js,-1.0,1.0,-1.0,-1.0,0.21859282926346815,-1.0,0.9070618468604282,1.0,-1.0,1.0,0.21859282926346815,0.7864569727627236
44471.js,-1.0,1.0,-1.0,-1.0,0.21859282926346815,-1.0,0.9070618468604282,1.0,-1.0,1.0,0.21859282926346815,0.7864569727627236
44473.js,-1.0,1.0,-1.0,-1.0,0.21859282926346815,-1.0,0.9070618468604282,1.0,-1.0,1.0,0.21859282926346815,0.7864569727627236
44518.js,-1.0,1.0,-1.0,-1.0,0.21859282926346815,-1.0,0.9070618468604282,1.0,-1.0,1.0,0.21859282926346815,0.7864569727627236
44553.js,-1.0,1.0,-1.0,-1.0,0.21859282926346815,-1.0,0.9070618468604282,1.0,-1.0,1.0,0.21859282926346815,0.7864569727627236
44575.js,-1.0,1.0,-1.0,-1.0,0.21859282926346815,-1.0,0.9070618468604282,1.0,-1.0,1.0,0.21859282926346815,0.7864569727627236
44576.js,-1.0,1.0,-1.0,-1.0,0.21859282926346815,-1.0,0.9070618468604282,1.0,-1.0,1.0,0.21859282926346815,0.7864569727627236
44624.js,-1.0,1.0,-1.0,-1.0,0.21859282926346815,-1.0,0.9070618468604282,1.0,-1.0,1.0,0.21859282926346815,0.7864569727627236
44685.js,-1.0,1.0,-1.0,-1.0,0.21859282926346815,-1.0,0.9070618468604282,1.0,-1.0,1.0,0.21859282926346815,0.7864569727627236
448.js,-1.0,1.0,-1.0,-1.0,-1.0,-1.0,-1.0,1.0,-1.0,-1.0,-1.0,-1.0
44963.js,-1.0,1.0,-1.0,-1.0,0.21859282926346815,-1.0,0.9070618468604282,1.0,-1.0,1.0,0.21859282926346815,0.7864569727627236
45063.js,-1.0,1.0,-1.0,-1.0,0.21859282926346815,-1.0,0.9070618468604282,1.0,-1.0,1.0,0.21859282926346815,0.7864569727627236
45101.js,-1.0,1.0,-1.0,-1.0,0.22711994083632664,-1.0,0.9023613834884774,1.0,-1.0,1.0,0.22711994083632664,0.8250017536457231
45107.js,-1.0,1.0,-1.0,-1.0,0.21859282926346815,-1.0,0.9070618468604282,1.0,-1.0,1.0,0.21859282926346815,0.7864569727627236
45154.js,-1.0,1.0,-1.0,-1.0,0.21859282926346815,-1.0,0.9070618468604282,1.0,-1.0,1.0,0.21859282926346815,0.7864569727627236
45220.js,-1.0,1.0,-1.0,-1.0,0.21859282926346815,-1.0,0.9070618468604282,1.0,-1.0,1.0,0.21859282926346815,0.7864569727627236
45243.js,-1.0,1.0,-1.0,-1.0,0.21859282926346815,-1.0,0.9070618468604282,1.0,-1.0,1.0,0.21859282926346815,0.7864569727627236
45324.js,-1.0,1.0,-1.0,-1.0,0.22430015382565205,-1.0,0.9085863198007664,1.0,-1.0,1.0,0.22430015382565205,0.8102546544402055
45333.js,-1.0,1.0,-1.0,-1.0,0.22430015382565205,-1.0,0.9085863198007664,1.0,-1.0,1.0,0.22430015382565205,0.8102546544402055
45502.js,-1.0,1.0,-1.0,-1.0,0.30811176111332045,-1.0,-1.0,1.0,-1.0,-1.0,0.30811176111332045,-1.0
45730.js,-1.0,1.0,-1.0,-1.0,-1.0,-1.0,-1.0,1.0,-1.0,-1.0,-1.0,-1.0
45861.js,-1.0,1.0,-1.0,-1.0,-1.0,-1.0,-1.0,1.0,-1.0,-1.0,-1.0,-1.0
45919.js,-1.0,1.0,-1.0,-1.0,-1.0,-1.0,-1.0,1.0,-1.0,-1.0,-1.0,-1.0
46.js,-1.0,1.0,-1.0,-1.0,0.41669884425003173,-1.0,1.0,1.0,-1.0,1.0,0.41669884425003173,-1.0
46063.js,-1.0,1.0,-1.0,-1.0,-1.0,-1.0,-1.0,1.0,-1.0,-1.0,-1.0,-1.0
46104.js,-1.0,1.0,-1.0,-1.0,-1.0,-1.0,-1.0,1.0,-1.0,-1.0,-1.0,-1.0
46111.js,-1.0,1.0,-1.0,-1.0,-1.0,-1.0,-1.0,1.0,-1.0,-1.0,-1.0,-1.0
46413.js,-1.0,1.0,-1.0,-1.0,-1.0,-1.0,-1.0,1.0,-1.0,-1.0,-1.0,-1.0
46432.js,-1.0,1.0,-1.0,-1.0,0.18257418583505539,-1.0,0.837525686389569,1.0,-1.0,0.837525686389569,0.18257418583505539,-1.0
4654.js,-1.0,1.0,-1.0,-1.0,0.14244246232238394,-1.0,1.0,1.0,-1.0,1.0,0.14244246232238394,0.8426648406178138
46572.js,-1.0,1.0,-1.0,-1.0,-1.0,-1.0,-1.0,1.0,-1.0,-1.0,-1.0,-1.0
4676.js,-1.0,1.0,-1.0,-1.0,0.32136047869915835,-1.0,0.9683759683764526,1.0,-1.0,0.9840314895115045,0.32136047869915835,0.8725513967287308
46860.js,-1.0,1.0,-1.0,-1.0,-1.0,-1.0,-1.0,1.0,-1.0,-1.0,-1.0,-1.0
47010.js,-1.0,1.0,-1.0,-1.0,-1.0,-1.0,-1.0,1.0,-1.0,-1.0,-1.0,-1.0
47021.js,-1.0,1.0,-1.0,-1.0,-1.0,-1.0,-1.0,1.0,-1.0,-1.0,-1.0,-1.0
47113.js,-1.0,1.0,-1.0,-1.0,-1.0,-1.0,-1.0,1.0,-1.0,-1.0,-1.0,-1.0
47154.js,-1.0,1.0,-1.0,-1.0,0.30620470679558165,-1.0,0.9271731704639479,1.0,-1.0,1.0,0.30620470679558165,-1.0
47250.js,-1.0,1.0,-1.0,-1.0,-1.0,-1.0,-1.0,1.0,-1.0,-1.0,-1.0,-1.0
47289.js,-1.0,1.0,-1.0,-1.0,0.10151826501691746,-1.0,1.0,1.0,-1.0,1.0,0.10151826501691746,1.0
47526.js,-1.0,1.0,-1.0,-1.0,-1.0,-1.0,-1.0,1.0,-1.0,-1.0,-1.0,-1.0
47656.js,-1.0,1.0,-1.0,-1.0,0.09325048082403138,-1.0,1.0,1.0,-1.0,1.0,0.09325048082403138,1.0
48874.js,-1.0,1.0,-1.0,-1.0,-1.0,-1.0,-1.0,1.0,-1.0,-1.0,-1.0,-1.0
48940.js,-1.0,1.0,-1.0,-1.0,-1.0,-1.0,-1.0,1.0,-1.0,-1.0,-1.0,-1.0
49340.js,-1.0,1.0,-1.0,-1.0,0.09789261269488471,-1.0,1.0,1.0,-1.0,1.0,0.09789261269488471,1.0
49662.js,-1.0,1.0,-1.0,-1.0,0.3128624638470646,-1.0,0.9662850594207474,1.0,-1.0,1.0,0.3128624638470646,0.8173931859663852
49680.js,-1.0,1.0,-1.0,-1.0,0.12038585308576921,-1.0,1.0,1.0,-1.0,1.0,0.12038585308576921,1.0
49711.js,-1.0,1.0,-1.0,-1.0,0.2716587052140849,-1.0,-1.0,1.0,-1.0,-1.0,0.2716587052140849,-1.0
50055.js,-1.0,1.0,-1.0,-1.0,0.515749042809161,-1.0,-1.0,1.0,-1.0,-1.0,0.515749042809161,-1.0
50084.js,-1.0,1.0,-1.0,-1.0,0.559107121729101,-1.0,0.9731576294229934,1.0,-1.0,0.9967999917948296,0.559107121729101,0.9093460711974793
50145.js,-1.0,1.0,-1.0,-1.0,0.6183734552936576,-1.0,-1.0,1.0,-1.0,-1.0,0.6183734552936576,-1.0
50382.js,-1.0,1.0,-1.0,-1.0,0.20832125568856052,-1.0,0.9899622480303238,1.0,-1.0,0.8233056133593915,0.20832125568856052,0.9750487536565547
50435.js,-1.0,1.0,-1.0,-1.0,0.4318202763842924,-1.0,-1.0,1.0,-1.0,-1.0,0.4318202763842924,-1.0
50453.js,-1.0,1.0,-1.0,-1.0,0.40554945520487645,-1.0,-1.0,1.0,-1.0,-1.0,0.40554945520487645,-1.0
50529.js,-1.0,1.0,-1.0,-1.0,0.13459547551454137,-1.0,1.0,1.0,-1.0,1.0,0.13459547551454137,0.9661876207644757
50562.js,-1.0,1.0,-1.0,-1.0,0.10777829844714387,-1.0,1.0,1.0,-1.0,1.0,0.10777829844714387,0.9632008196945053
50570.js,-1.0,1.0,-1.0,-1.0,0.13459547551454137,-1.0,1.0,1.0,-1.0,1.0,0.13459547551454137,0.9661876207644757
50605.js,-1.0,1.0,-1.0,-1.0,0.4089412425049349,-1.0,0.8883812714133702,1.0,-1.0,0.9934425522269333,0.4089412425049349,0.8346410426857788
50674.js,-1.0,1.0,-1.0,-1.0,0.37880118553701914,-1.0,-1.0,1.0,-1.0,-1.0,0.37880118553701914,-1.0
50721.js,-1.0,1.0,-1.0,-1.0,0.4414612220118371,-1.0,-1.0,1.0,-1.0,-1.0,0.4414612220118371,-1.0
50732.js,-1.0,1.0,-1.0,-1.0,0.35483676715344564,-1.0,-1.0,1.0,-1.0,-1.0,0.35483676715344564,-1.0
51042.js,-1.0,1.0,-1.0,-1.0,0.4836533259785721,-1.0,-1.0,1.0,-1.0,-1.0,0.4836533259785721,-1.0
51051.js,-1.0,1.0,-1.0,-1.0,0.48623465001102073,-1.0,-1.0,1.0,-1.0,-1.0,0.48623465001102073,-1.0
51153.js,-1.0,1.0,-1.0,-1.0,0.3361784650661658,-1.0,-1.0,1.0,-1.0,-1.0,0.3361784650661658,-1.0
51297.js,-1.0,1.0,-1.0,-1.0,0.32007904162155865,-1.0,0.9790187094625075,1.0,-1.0,0.9755335594323596,0.32007904162155865,-1.0
51515.js,-1.0,1.0,-1.0,-1.0,0.2985305817483883,-1.0,0.9532133640353722,1.0,-1.0,1.0,0.2985305817483883,-1.0
51803.js,-1.0,1.0,-1.0,-1.0,0.02098299754613038,-1.0,-1.0,1.0,-1.0,-1.0,0.02098299754613038,-1.0
51903.js,-1.0,1.0,-1.0,-1.0,0.02111707557199835,-1.0,-1.0,1.0,-1.0,-1.0,0.02111707557199835,-1.0
5191.js,-1.0,1.0,-1.0,-1.0,0.16173874084416223,-1.0,0.8332051183416778,1.0,-1.0,1.0,0.16173874084416223,0.7474093186836597
51915.js,-1.0,1.0,-1.0,-1.0,0.02221194129536051,-1.0,-1.0,1.0,-1.0,-1.0,0.02221194129536051,-1.0
51925.js,-1.0,1.0,-1.0,-1.0,0.01955061301297202,-1.0,-1.0,1.0,-1.0,-1.0,0.01955061301297202,-1.0
51930.js,-1.0,1.0,-1.0,-1.0,0.0220560660972768,-1.0,-1.0,1.0,-1.0,-1.0,0.0220560660972768,-1.0
52115.js,-1.0,1.0,-1.0,-1.0,0.039762138624377205,-1.0,1.0,1.0,-1.0,1.0,0.039762138624377205,1.0
5217.js,-1.0,1.0,-1.0,-1.0,0.3813629257799193,-1.0,0.9060505152759883,1.0,-1.0,0.9960238411119947,0.3813629257799193,0.8499822343188816
52191.js,-1.0,1.0,-1.0,-1.0,0.03730019232961255,-1.0,1.0,1.0,-1.0,1.0,0.03730019232961255,1.0
52286.js,-1.0,1.0,-1.0,-1.0,0.03931785497463923,-1.0,1.0,1.0,-1.0,1.0,0.03931785497463923,1.0
52340.js,-1.0,1.0,-1.0,-1.0,0.03657584779797275,-1.0,1.0,1.0,-1.0,1.0,0.03657584779797275,1.0
524.js,-1.0,1.0,-1.0,-1.0,-1.0,-1.0,-1.0,1.0,-1.0,-1.0,-1.0,-1.0
52423.js,-1.0,1.0,-1.0,-1.0,0.033770007400909,-1.0,1.0,1.0,-1.0,1.0,0.033770007400909,1.0
5246.js,-1.0,1.0,-1.0,-1.0,0.3619236835686263,-1.0,0.979012236116055,1.0,-1.0,1.0,0.3619236835686263,0.9080412020050767
52707.js,-1.0,1.0,-1.0,-1.0,0.3268825078113594,-1.0,0.9880556503830988,1.0,-1.0,-1.0,0.3268825078113594,0.8711432206869918
52733.js,-1.0,1.0,-1.0,-1.0,0.4386852644276354,-1.0,0.9797071757342023,1.0,-1.0,0.955109996784463,0.4386852644276354,0.9319765923468264
52883.js,-1.0,1.0,-1.0,-1.0,0.41123775091936055,-1.0,0.9650489740941881,1.0,-1.0,0.8955520212800548,0.41123775091936055,-1.0
52943.js,-1.0,1.0,-1.0,-1.0,0.20331002513318686,-1.0,0.9723160072243427,1.0,-1.0,1.0,0.20331002513318686,-1.0
53065.js,-1.0,1.0,-1.0,-1.0,0.1504240538591805,-1.0,-1.0,1.0,-1.0,-1.0,0.1504240538591805,-1.0
53075.js,-1.0,1.0,-1.0,-1.0,0.5596410849919781,-1.0,-1.0,1.0,-1.0,-1.0,0.5596410849919781,-1.0
53082.js,-1.0,1.0,-1.0,-1.0,-1.0,-1.0,-1.0,1.0,-1.0,-1.0,-1.0,-1.0
53399.js,-1.0,1.0,-1.0,-1.0,0.410380111297797,-1.0,0.9653986975585047,1.0,-1.0,1.0,0.410380111297797,-1.0
53620.js,-1.0,1.0,-1.0,-1.0,0.32249124618310854,-1.0,0.9600368491021514,1.0,-1.0,1.0,0.32249124618310854,-1.0
53628.js,-1.0,1.0,-1.0,-1.0,0.32081507030863543,-1.0,-1.0,1.0,-1.0,-1.0,0.32081507030863543,-1.0
53659.js,-1.0,1.0,-1.0,-1.0,0.2499733013966422,-1.0,0.9843066844854844,1.0,-1.0,1.0,0.2499733013966422,-1.0
53667.js,-1.0,1.0,-1.0,-1.0,0.32721247601414716,-1.0,1.0,1.0,-1.0,-1.0,0.32721247601414716,-1.0
53673.js,-1.0,1.0,-1.0,-1.0,0.29917862597710065,-1.0,0.984469173343993,1.0,-1.0,1.0,0.29917862597710065,-1.0
53701.js,-1.0,1.0,-1.0,-1.0,0.3071375325463843,-1.0,0.9821820073972781,1.0,-1.0,1.0,0.3071375325463843,-1.0
53741.js,-1.0,1.0,-1.0,-1.0,0.2849696992113355,-1.0,-1.0,1.0,-1.0,-1.0,0.2849696992113355,-1.0
53868.js,-1.0,1.0,-1.0,-1.0,0.47918302170094157,-1.0,0.9710754742604065,1.0,-1.0,-1.0,0.47918302170094157,-1.0
5396.js,-1.0,1.0,-1.0,-1.0,0.44362775707104235,-1.0,-1.0,1.0,-1.0,-1.0,0.44362775707104235,-1.0
53980.js,-1.0,1.0,-1.0,-1.0,0.22430015382565205,-1.0,-1.0,1.0,-1.0,-1.0,0.22430015382565205,-1.0
54129.js,-1.0,1.0,-1.0,-1.0,0.3612650306357487,-1.0,0.991102286294975,1.0,-1.0,0.9322488068310079,0.3612650306357487,-1.0
54354.js,-1.0,1.0,-1.0,-1.0,0.31835408798589554,-1.0,0.9150492077369898,1.0,-1.0,-1.0,0.31835408798589554,-1.0
54409.js,-1.0,1.0,-1.0,-1.0,0.27440332153463365,-1.0,0.95627494033243,1.0,-1.0,0.95627494033243,0.27440332153463365,-1.0
54693.js,-1.0,1.0,-1.0,-1.0,0.333485853740918,-1.0,0.9804130980300039,1.0,-1.0,1.0,0.333485853740918,-1.0
54815.js,-1.0,1.0,-1.0,-1.0,0.39248837702130174,-1.0,0.9246169542353034,1.0,-1.0,1.0,0.39248837702130174,-1.0
54985.js,-1.0,1.0,-1.0,-1.0,0.36867574715268586,-1.0,-1.0,1.0,-1.0,-1.0,0.36867574715268586,-1.0
55287.js,-1.0,1.0,-1.0,-1.0,0.29887066014847385,-1.0,0.9403735032323036,1.0,-1.0,1.0,0.29887066014847385,-1.0
55447.js,-1.0,1.0,-1.0,-1.0,0.5448567456273987,-1.0,-1.0,1.0,-1.0,-1.0,0.5448567456273987,-1.0
55460.js,-1.0,1.0,-1.0,-1.0,0.20722329072006973,-1.0,1.0,1.0,-1.0,1.0,0.20722329072006973,-1.0
55478.js,-1.0,1.0,-1.0,-1.0,0.30620470679558165,-1.0,-1.0,1.0,-1.0,-1.0,0.30620470679558165,-1.0
55560.js,-1.0,1.0,-1.0,-1.0,0.4578507717505198,-1.0,-1.0,1.0,-1.0,-1.0,0.4578507717505198,-1.0
55570.js,-1.0,1.0,-1.0,-1.0,0.3205372361261746,-1.0,-1.0,1.0,-1.0,-1.0,0.3205372361261746,-1.0
5565.js,-1.0,1.0,-1.0,-1.0,0.16252090166578842,-1.0,0.8720983634634086,1.0,-1.0,1.0,0.16252090166578842,0.8444056094871311
55685.js,-1.0,1.0,-1.0,-1.0,0.2868693679438198,-1.0,-1.0,1.0,-1.0,-1.0,0.2868693679438198,-1.0
55856.js,-1.0,1.0,-1.0,-1.0,0.48012536876985745,-1.0,-1.0,1.0,-1.0,-1.0,0.48012536876985745,-1.0
55876.js,-1.0,1.0,-1.0,-1.0,0.42032554999418703,-1.0,-1.0,1.0,-1.0,-1.0,0.42032554999418703,-1.0
55879.js,-1.0,1.0,-1.0,-1.0,0.26632699627733847,-1.0,-1.0,1.0,-1.0,-1.0,0.26632699627733847,-1.0
56064.js,-1.0,1.0,-1.0,-1.0,0.28982810315903484,-1.0,-1.0,1.0,-1.0,-1.0,0.28982810315903484,-1.0
56095.js,-1.0,1.0,-1.0,-1.0,0.31571432556449675,-1.0,0.956433718781482,1.0,-1.0,1.0,0.31571432556449675,-1.0
56372.js,-1.0,1.0,-1.0,-1.0,0.3288690891296841,-1.0,-1.0,1.0,-1.0,-1.0,0.3288690891296841,-1.0
56410.js,-1.0,1.0,-1.0,-1.0,0.32219128382443984,-1.0,0.9532413695749407,1.0,-1.0,-1.0,0.32219128382443984,-1.0
56547.js,-1.0,1.0,-1.0,-1.0,0.5754685745887881,-1.0,-1.0,1.0,-1.0,-1.0,0.5754685745887881,-1.0
56601.js,-1.0,1.0,-1.0,-1.0,0.3293165196071991,-1.0,0.9805401532823784,1.0,-1.0,0.8684168428648436,0.3293165196071991,-1.0
56923.js,-1.0,1.0,-1.0,-1.0,0.3811340418996142,-1.0,0.9895423583391305,1.0,-1.0,-1.0,0.3811340418996142,-1.0
57025.js,-1.0,1.0,-1.0,-1.0,0.2087381591813683,-1.0,1.0,1.0,-1.0,-1.0,0.2087381591813683,-1.0
57145.js,-1.0,1.0,-1.0,-1.0,-1.0,-1.0,-1.0,1.0,-1.0,-1.0,-1.0,-1.0
57223.js,-1.0,1.0,-1.0,-1.0,0.5071891492681453,-1.0,-1.0,1.0,-1.0,-1.0,0.5071891492681453,-1.0
57320.js,-1.0,1.0,-1.0,-1.0,0.06810052246069989,-1.0,1.0,1.0,-1.0,1.0,0.06810052246069989,1.0
57339.js,-1.0,1.0,-1.0,-1.0,0.0659380473395787,-1.0,1.0,1.0,-1.0,1.0,0.0659380473395787,1.0
57449.js,-1.0,1.0,-1.0,-1.0,0.3279024492370687,-1.0,-1.0,1.0,-1.0,-1.0,0.3279024492370687,-1.0
57481.js,-1.0,1.0,-1.0,-1.0,0.24509489202586757,-1.0,-1.0,1.0,-1.0,-1.0,0.24509489202586757,-1.0
57567.js,-1.0,1.0,-1.0,-1.0,0.13761249241123732,-1.0,0.79115480528524,1.0,-1.0,1.0,0.13761249241123732,-1.0
5758.js,-1.0,1.0,-1.0,-1.0,0.4781996949394318,-1.0,-1.0,1.0,-1.0,-1.0,0.4781996949394318,-1.0
57583.js,-1.0,1.0,-1.0,-1.0,0.32921770745077455,-1.0,-1.0,1.0,-1.0,-1.0,0.32921770745077455,-1.0
57591.js,-1.0,1.0,-1.0,-1.0,0.23455410770264046,-1.0,0.9617163101410254,1.0,-1.0,-1.0,0.23455410770264046,-1.0
57617.js,-1.0,1.0,-1.0,-1.0,0.2390998474697159,-1.0,0.9143368661286194,1.0,-1.0,-1.0,0.2390998474697159,-1.0
57674.js,1.0,1.0,-1.0,1.0,0.026919095102908276,1.0,1.0,1.0,-1.0,1.0,0.026919095102908276,1.0
57698.js,-1.0,1.0,-1.0,-1.0,0.2543615398613999,-1.0,0.9734894474315844,1.0,-1.0,1.0,0.2543615398613999,-1.0
57973.js,-1.0,1.0,-1.0,-1.0,-1.0,-1.0,-1.0,1.0,-1.0,-1.0,-1.0,-1.0
58032.js,-1.0,1.0,-1.0,-1.0,-1.0,-1.0,-1.0,1.0,-1.0,-1.0,-1.0,-1.0
58229.js,-1.0,1.0,-1.0,-1.0,0.35208769419070446,-1.0,-1.0,1.0,-1.0,-1.0,0.35208769419070446,-1.0
58412.js,-1.0,1.0,-1.0,-1.0,0.2782983390059016,-1.0,-1.0,1.0,-1.0,-1.0,0.2782983390059016,-1.0
58550.js,-1.0,1.0,-1.0,-1.0,0.2113334704886859,-1.0,1.0,1.0,-1.0,0.7352146220938077,0.2113334704886859,1.0
58570.js,-1.0,1.0,-1.0,-1.0,0.20997257457761503,-1.0,-1.0,1.0,-1.0,-1.0,0.20997257457761503,-1.0
58685.js,-1.0,1.0,-1.0,-1.0,0.35382101189719767,-1.0,-1.0,1.0,-1.0,-1.0,0.35382101189719767,-1.0
58800.js,-1.0,1.0,-1.0,-1.0,0.22278401623014055,-1.0,-1.0,1.0,-1.0,-1.0,0.22278401623014055,-1.0
58819.js,-1.0,1.0,-1.0,-1.0,0.08427009716003844,-1.0,1.0,1.0,-1.0,0.7826237921249264,0.08427009716003844,-1.0
58829.js,-1.0,1.0,-1.0,-1.0,0.2276723982774452,-1.0,0.865410983413526,1.0,-1.0,1.0,0.2276723982774452,-1.0
58867.js,-1.0,1.0,-1.0,-1.0,0.38420144744636686,-1.0,-1.0,1.0,-1.0,-1.0,0.38420144744636686,-1.0
58897.js,-1.0,1.0,-1.0,-1.0,0.21613026627973017,-1.0,0.9323653499856258,1.0,-1.0,0.7745966692414834,0.21613026627973017,0.7483470518571648
59029.js,-1.0,1.0,-1.0,-1.0,0.23207098589977526,-1.0,-1.0,1.0,-1.0,-1.0,0.23207098589977526,-1.0
5905.js,-1.0,1.0,-1.0,-1.0,0.5740273940089152,-1.0,0.9467573148904453,1.0,-1.0,-1.0,0.5740273940089152,0.8717487291852457
59093.js,-1.0,1.0,-1.0,-1.0,0.32406782282605645,-1.0,-1.0,1.0,-1.0,-1.0,0.32406782282605645,-1.0
59099.js,-1.0,1.0,-1.0,-1.0,0.30260753395009227,-1.0,0.9772453576069554,1.0,-1.0,0.9867766060134577,0.30260753395009227,-1.0
59106.js,-1.0,1.0,-1.0,-1.0,0.5503965189247735,-1.0,-1.0,1.0,-1.0,-1.0,0.5503965189247735,-1.0
59296.js,-1.0,1.0,-1.0,-1.0,0.43241461776437984,-1.0,-1.0,1.0,-1.0,-1.0,0.43241461776437984,-1.0
59309.js,-1.0,1.0,-1.0,-1.0,0.27331951505930374,-1.0,-1.0,1.0,-1.0,-1.0,0.27331951505930374,-1.0
59355.js,-1.0,1.0,-1.0,-1.0,0.0659380473395787,-1.0,1.0,1.0,-1.0,1.0,0.0659380473395787,1.0
59383.js,-1.0,1.0,-1.0,-1.0,0.17296584710575194,-1.0,-1.0,1.0,-1.0,-1.0,0.17296584710575194,-1.0
59534.js,-1.0,1.0,-1.0,-1.0,0.0761386987626881,-1.0,1.0,1.0,-1.0,1.0,0.0761386987626881,1.0
59540.js,-1.0,1.0,-1.0,-1.0,0.16409896784637873,-1.0,1.0,1.0,-1.0,1.0,0.16409896784637873,-1.0
59559.js,-1.0,1.0,-1.0,-1.0,0.0761386987626881,-1.0,1.0,1.0,-1.0,1.0,0.0761386987626881,1.0
59875.js,-1.0,1.0,-1.0,-1.0,0.14953343588376805,-1.0,0.7446687115861395,1.0,-1.0,1.0,0.14953343588376805,-1.0
6010.js,-1.0,1.0,-1.0,-1.0,0.26591467134349245,-1.0,1.0,1.0,-1.0,1.0,0.26591467134349245,0.9672041516493516
60128.js,-1.0,1.0,-1.0,-1.0,0.11907012119677525,-1.0,0.9363821838346235,1.0,-1.0,-1.0,0.11907012119677525,-1.0
60326.js,-1.0,1.0,-1.0,-1.0,0.07122123116119197,-1.0,1.0,1.0,-1.0,1.0,0.07122123116119197,1.0
60393.js,-1.0,1.0,-1.0,-1.0,0.18324851568672418,-1.0,1.0,1.0,-1.0,1.0,0.18324851568672418,0.8576492931439955
60820.js,-1.0,1.0,-1.0,-1.0,0.2238276440238091,-1.0,-1.0,1.0,-1.0,-1.0,0.2238276440238091,-1.0
61022.js,-1.0,1.0,-1.0,-1.0,0.27131897585215986,-1.0,-1.0,1.0,-1.0,-1.0,0.27131897585215986,-1.0
61201.js,-1.0,1.0,-1.0,-1.0,0.3836408422762512,-1.0,0.9595886907912932,1.0,-1.0,1.0,0.3836408422762512,0.838492070191254
61254.js,-1.0,1.0,-1.0,-1.0,0.08928053815224023,-1.0,0.9139076937674137,1.0,-1.0,1.0,0.08928053815224023,-1.0
61443.js,-1.0,1.0,-1.0,-1.0,0.2738612787525831,-1.0,-1.0,1.0,-1.0,-1.0,0.2738612787525831,-1.0
61535.js,-1.0,1.0,-1.0,-1.0,0.13761249241123732,-1.0,-1.0,1.0,-1.0,-1.0,0.13761249241123732,-1.0
61596.js,-1.0,1.0,-1.0,-1.0,0.23810961539292308,-1.0,0.9323653499856258,1.0,-1.0,1.0,0.23810961539292308,-1.0
61603.js,-1.0,1.0,-1.0,-1.0,0.2620440323938853,-1.0,-1.0,1.0,-1.0,-1.0,0.2620440323938853,-1.0
61618.js,-1.0,1.0,-1.0,-1.0,0.08512565307587486,-1.0,1.0,1.0,-1.0,1.0,0.08512565307587486,1.0
61642.js,-1.0,1.0,-1.0,-1.0,0.20330897929703434,-1.0,1.0,1.0,-1.0,1.0,0.20330897929703434,1.0
6175.js,-1.0,1.0,-1.0,-1.0,0.5152798430368777,-1.0,0.9664889370691633,1.0,-1.0,-1.0,0.5152798430368777,0.9338392188866194
61757.js,-1.0,1.0,-1.0,-1.0,0.21480429010345364,-1.0,0.9655810287305759,1.0,-1.0,1.0,0.21480429010345364,0.9120123092652647
61902.js,-1.0,1.0,-1.0,-1.0,0.31733139113174724,-1.0,0.9484168381883898,1.0,-1.0,0.9462916232627814,0.31733139113174724,0.8276011668322952
61999.js,-1.0,1.0,-1.0,-1.0,0.3030433475322798,-1.0,-1.0,1.0,-1.0,-1.0,0.3030433475322798,-1.0
62021.js,-1.0,1.0,-1.0,-1.0,0.0439586982263858,-1.0,1.0,1.0,-1.0,1.0,0.0439586982263858,0.8333333333333334
62048.js,-1.0,1.0,-1.0,-1.0,0.23078316568852547,-1.0,-1.0,1.0,-1.0,-1.0,0.23078316568852547,-1.0
62277.js,-1.0,1.0,-1.0,-1.0,0.33288610108579697,-1.0,0.7531879463332265,1.0,-1.0,0.9216001090621722,0.33288610108579697,0.7284442638947097
62461.js,-1.0,1.0,-1.0,-1.0,0.13210484783404447,-1.0,-1.0,1.0,-1.0,-1.0,0.13210484783404447,-1.0
62479.js,-1.0,1.0,-1.0,-1.0,0.29805774040039495,-1.0,-1.0,1.0,-1.0,-1.0,0.29805774040039495,-1.0
62519.js,-1.0,1.0,-1.0,-1.0,0.23312620206007845,-1.0,0.9389727394331632,1.0,-1.0,1.0,0.23312620206007845,0.753592220347252
62758.js,-1.0,1.0,-1.0,-1.0,0.16484511834894675,-1.0,-1.0,1.0,-1.0,-1.0,0.16484511834894675,-1.0
6279.js,-1.0,1.0,-1.0,-1.0,0.14837775545201629,-1.0,1.0,1.0,-1.0,1.0,0.14837775545201629,1.0
62802.js,-1.0,1.0,-1.0,-1.0,0.23883975507726818,-1.0,-1.0,1.0,-1.0,-1.0,0.23883975507726818,-1.0
62914.js,-1.0,1.0,-1.0,-1.0,0.4838315810463509,-1.0,-1.0,1.0,-1.0,-1.0,0.4838315810463509,-1.0
63048.js,-1.0,1.0,-1.0,-1.0,0.33778371097651455,-1.0,-1.0,1.0,-1.0,-1.0,0.33778371097651455,-1.0
63155.js,-1.0,1.0,-1.0,-1.0,0.2920811502902517,-1.0,-1.0,1.0,-1.0,-1.0,0.2920811502902517,-1.0
63225.js,-1.0,1.0,-1.0,-1.0,0.15552461556607852,-1.0,0.8280086818880266,1.0,-1.0,0.9672041516493516,0.15552461556607852,0.6896551724137931
63230.js,-1.0,1.0,-1.0,-1.0,0.2467843254621485,-1.0,-1.0,1.0,-1.0,-1.0,0.2467843254621485,-1.0
63301.js,-1.0,1.0,-1.0,-1.0,0.31701607979252555,-1.0,-1.0,1.0,-1.0,-1.0,0.31701607979252555,-1.0
634.js,-1.0,1.0,-1.0,-1.0,0.25560848870331004,-1.0,-1.0,1.0,-1.0,-1.0,0.25560848870331004,-1.0
63457.js,-1.0,1.0,-1.0,-1.0,0.14868490295947984,-1.0,-1.0,1.0,-1.0,-1.0,0.14868490295947984,-1.0
63628.js,-1.0,1.0,-1.0,-1.0,0.36191227860576686,-1.0,-1.0,1.0,-1.0,-1.0,0.36191227860576686,-1.0
63674.js,-1.0,1.0,-1.0,-1.0,0.29004514492165084,-1.0,-1.0,1.0,-1.0,-1.0,0.29004514492165084,-1.0
6370.js,-1.0,1.0,-1.0,-1.0,0.20892286579828317,-1.0,1.0,1.0,-1.0,1.0,0.20892286579828317,0.9304083928170915
63757.js,-1.0,1.0,-1.0,-1.0,0.335467176188214,-1.0,-1.0,1.0,-1.0,-1.0,0.335467176188214,-1.0
63819.js,-1.0,1.0,-1.0,-1.0,0.0761386987626881,-1.0,1.0,1.0,-1.0,1.0,0.0761386987626881,1.0
64206.js,-1.0,1.0,-1.0,-1.0,0.2718695339280605,-1.0,0.6354825969269967,1.0,-1.0,0.4950737714883372,0.2718695339280605,0.5766967882001443
6422.js,-1.0,1.0,-1.0,-1.0,0.21614823853578016,-1.0,-1.0,1.0,-1.0,-1.0,0.21614823853578016,-1.0
64731.js,-1.0,1.0,-1.0,-1.0,0.19862652384370802,-1.0,-1.0,1.0,-1.0,-1.0,0.19862652384370802,-1.0
6476.js,-1.0,1.0,-1.0,-1.0,0.5147287170674597,-1.0,0.9928086101192067,1.0,-1.0,-1.0,0.5147287170674597,0.8274605798682829
6500.js,-1.0,1.0,-1.0,-1.0,0.318783395246986,-1.0,-1.0,1.0,-1.0,-1.0,0.318783395246986,-1.0
65036.js,-1.0,1.0,-1.0,-1.0,0.35011907761491634,-1.0,0.87603069663883,1.0,-1.0,0.8580873749525448,0.35011907761491634,-1.0
65052.js,-1.0,1.0,-1.0,-1.0,0.4258111407187309,-1.0,-1.0,1.0,-1.0,-1.0,0.4258111407187309,-1.0
65219.js,-1.0,1.0,-1.0,-1.0,0.3035910393631302,-1.0,-1.0,1.0,-1.0,-1.0,0.3035910393631302,-1.0
65267.js,-1.0,1.0,-1.0,-1.0,0.2593563195356762,-1.0,0.9544318576724956,1.0,-1.0,1.0,0.2593563195356762,0.9451631252505216
65321.js,-1.0,1.0,-1.0,-1.0,0.2612136106550938,-1.0,1.0,1.0,-1.0,1.0,0.2612136106550938,1.0
65459.js,-1.0,1.0,-1.0,-1.0,0.3191866867690064,-1.0,1.0,1.0,-1.0,-1.0,0.3191866867690064,-1.0
65527.js,-1.0,1.0,-1.0,-1.0,-1.0,-1.0,-1.0,1.0,-1.0,-1.0,-1.0,-1.0
65727.js,-1.0,1.0,-1.0,-1.0,0.6015468563157885,-1.0,-1.0,1.0,-1.0,-1.0,0.6015468563157885,-1.0
6586.js,-1.0,1.0,-1.0,-1.0,0.6100644022202697,-1.0,-1.0,1.0,-1.0,-1.0,0.6100644022202697,-1.0
65944.js,-1.0,1.0,-1.0,-1.0,-1.0,-1.0,-1.0,1.0,-1.0,-1.0,-1.0,-1.0
66106.js,-1.0,1.0,-1.0,-1.0,0.6236578248000171,-1.0,-1.0,1.0,-1.0,-1.0,0.6236578248000171,-1.0
66225.js,-1.0,1.0,-1.0,-1.0,0.6741455943028257,-1.0,-1.0,1.0,-1.0,-1.0,0.6741455943028257,-1.0
66323.js,-1.0,1.0,-1.0,-1.0,0.5279189205320536,-1.0,-1.0,1.0,-1.0,-1.0,0.5279189205320536,-1.0
66363.js,-1.0,1.0,-1.0,-1.0,0.4453596199037843,-1.0,-1.0,1.0,-1.0,-1.0,0.4453596199037843,-1.0
66365.js,-1.0,1.0,-1.0,-1.0,0.43463151519321636,-1.0,0.9406867140316278,1.0,-1.0,1.0,0.43463151519321636,0.9020787108075697
66377.js,-1.0,1.0,-1.0,-1.0,0.27156181505873267,-1.0,1.0,1.0,-1.0,1.0,0.27156181505873267,-1.0
66386.js,-1.0,1.0,-1.0,-1.0,-1.0,-1.0,-1.0,1.0,-1.0,-1.0,-1.0,-1.0
66394.js,-1.0,1.0,-1.0,-1.0,0.3263766828841098,-1.0,-1.0,1.0,-1.0,-1.0,0.3263766828841098,-1.0
66399.js,-1.0,1.0,-1.0,-1.0,0.5277790490704241,-1.0,-1.0,1.0,-1.0,-1.0,0.5277790490704241,-1.0
66502.js,-1.0,1.0,-1.0,-1.0,0.38590927618769233,-1.0,-1.0,1.0,-1.0,-1.0,0.38590927618769233,-1.0
66680.js,-1.0,1.0,-1.0,-1.0,0.5484365645249877,-1.0,0.9802059012680104,1.0,-1.0,-1.0,0.5484365645249877,-1.0
6669.js,-1.0,1.0,-1.0,-1.0,-1.0,-1.0,-1.0,1.0,-1.0,-1.0,-1.0,-1.0
66716.js,-1.0,1.0,-1.0,-1.0,-1.0,-1.0,-1.0,1.0,-1.0,-1.0,-1.0,-1.0
66856.js,-1.0,1.0,-1.0,-1.0,-1.0,-1.0,-1.0,1.0,-1.0,-1.0,-1.0,-1.0
66877.js,-1.0,1.0,-1.0,-1.0,0.09325048082403138,-1.0,1.0,1.0,-1.0,1.0,0.09325048082403138,1.0
66945.js,-1.0,1.0,-1.0,-1.0,0.10151826501691746,-1.0,1.0,1.0,-1.0,1.0,0.10151826501691746,1.0
67353.js,-1.0,1.0,-1.0,-1.0,0.0731516955959455,-1.0,0.6818540988326046,1.0,-1.0,1.0,0.0731516955959455,0.6818540988326046
67476.js,-1.0,1.0,-1.0,-1.0,0.10229256139105145,-1.0,1.0,1.0,-1.0,1.0,0.10229256139105145,-1.0
67544.js,-1.0,1.0,-1.0,-1.0,0.07129088519364497,-1.0,0.6886097232073329,1.0,-1.0,1.0,0.07129088519364497,-1.0
67662.js,-1.0,1.0,-1.0,-1.0,-1.0,-1.0,-1.0,1.0,-1.0,-1.0,-1.0,-1.0
67717.js,-1.0,1.0,-1.0,-1.0,0.1608723630219467,-1.0,0.9714285714285714,1.0,-1.0,-1.0,0.1608723630219467,-1.0
67724.js,-1.0,1.0,-1.0,-1.0,0.23675884440201275,-1.0,1.0,1.0,-1.0,1.0,0.23675884440201275,0.8975881505553809
67737.js,-1.0,1.0,-1.0,-1.0,0.3794788631447508,-1.0,0.9879597745500736,1.0,-1.0,1.0,0.3794788631447508,0.9341714649148336
67871.js,-1.0,1.0,-1.0,-1.0,-1.0,-1.0,-1.0,1.0,-1.0,-1.0,-1.0,-1.0
67918.js,-1.0,1.0,-1.0,-1.0,0.15696394859782384,-1.0,1.0,1.0,-1.0,1.0,0.15696394859782384,0.8677218312746247
67961.js,-1.0,1.0,-1.0,-1.0,0.22528832841022725,-1.0,-1.0,1.0,-1.0,-1.0,0.22528832841022725,-1.0
67981.js,-1.0,1.0,-1.0,-1.0,0.08846517369293828,-1.0,-1.0,1.0,-1.0,-1.0,0.08846517369293828,-1.0
68040.js,-1.0,1.0,-1.0,-1.0,0.2937062989520456,-1.0,0.9470228904691078,1.0,-1.0,1.0,0.2937062989520456,0.7903637403538617
6806.js,-1.0,1.0,-1.0,-1.0,0.26648544566940835,-1.0,0.9767735348900166,1.0,-1.0,1.0,0.26648544566940835,-1.0
68119.js,-1.0,1.0,-1.0,-1.0,-1.0,-1.0,-1.0,1.0,-1.0,-1.0,-1.0,-1.0
68137.js,-1.0,1.0,-1.0,-1.0,-1.0,-1.0,-1.0,1.0,-1.0,-1.0,-1.0,-1.0
68181.js,-1.0,1.0,-1.0,-1.0,-1.0,-1.0,-1.0,1.0,-1.0,-1.0,-1.0,-1.0
68198.js,-1.0,1.0,-1.0,-1.0,-1.0,-1.0,-1.0,1.0,-1.0,-1.0,-1.0,-1.0
68538.js,-1.0,1.0,-1.0,-1.0,-1.0,-1.0,-1.0,1.0,-1.0,-1.0,-1.0,-1.0
68564.js,-1.0,1.0,-1.0,-1.0,-1.0,-1.0,-1.0,1.0,-1.0,-1.0,-1.0,-1.0
68706.js,-1.0,1.0,-1.0,-1.0,0.2824520455582285,-1.0,1.0,1.0,-1.0,-1.0,0.2824520455582285,0.8010018789148142
68773.js,-1.0,1.0,-1.0,-1.0,-1.0,-1.0,-1.0,1.0,-1.0,-1.0,-1.0,-1.0
68856.js,-1.0,1.0,-1.0,-1.0,0.17856107630448045,-1.0,1.0,1.0,-1.0,1.0,0.17856107630448045,0.8954430086935637
69198.js,-1.0,1.0,-1.0,-1.0,0.13710563068012332,-1.0,-1.0,1.0,-1.0,-1.0,0.13710563068012332,-1.0
69216.js,-1.0,1.0,-1.0,-1.0,0.0,-1.0,1.0,1.0,-1.0,1.0,0.0,1.0
69246.js,-1.0,1.0,-1.0,-1.0,0.09325048082403138,-1.0,-1.0,1.0,-1.0,-1.0,0.09325048082403138,-1.0
6944.js,-1.0,1.0,-1.0,-1.0,-1.0,-1.0,-1.0,1.0,-1.0,-1.0,-1.0,-1.0
69469.js,-1.0,1.0,-1.0,-1.0,-1.0,-1.0,-1.0,1.0,-1.0,-1.0,-1.0,-1.0
69472.js,-1.0,1.0,-1.0,-1.0,0.09325048082403138,-1.0,0.7216878364870323,1.0,-1.0,1.0,0.09325048082403138,0.7216878364870323
69578.js,-1.0,1.0,-1.0,-1.0,0.2888038350624617,-1.0,0.9333764264992419,1.0,-1.0,1.0,0.2888038350624617,0.8525338504573694
69604.js,-1.0,1.0,-1.0,-1.0,0.09325048082403138,-1.0,1.0,1.0,-1.0,1.0,0.09325048082403138,1.0
69635.js,-1.0,1.0,-1.0,-1.0,0.11296323660518738,-1.0,-1.0,1.0,-1.0,-1.0,0.11296323660518738,-1.0
69705.js,-1.0,1.0,-1.0,-1.0,0.14276006018004017,-1.0,1.0,1.0,-1.0,1.0,0.14276006018004017,1.0
6973.js,-1.0,1.0,-1.0,-1.0,-1.0,-1.0,-1.0,1.0,-1.0,-1.0,-1.0,-1.0
69826.js,-1.0,1.0,-1.0,-1.0,0.314613398134819,-1.0,-1.0,1.0,-1.0,-1.0,0.314613398134819,-1.0
7002.js,-1.0,1.0,-1.0,-1.0,-1.0,-1.0,-1.0,1.0,-1.0,-1.0,-1.0,-1.0
70040.js,-1.0,1.0,-1.0,-1.0,-1.0,-1.0,-1.0,1.0,-1.0,-1.0,-1.0,-1.0
70143.js,-1.0,1.0,-1.0,-1.0,-1.0,-1.0,-1.0,1.0,-1.0,-1.0,-1.0,-1.0
70353.js,-1.0,1.0,-1.0,-1.0,0.08427009716003844,-1.0,1.0,1.0,-1.0,1.0,0.08427009716003844,1.0
70364.js,-1.0,1.0,-1.0,-1.0,0.08059094674837397,-1.0,1.0,1.0,-1.0,1.0,0.08059094674837397,0.6024640760767094
70436.js,-1.0,1.0,-1.0,-1.0,-1.0,-1.0,-1.0,1.0,-1.0,-1.0,-1.0,-1.0
70645.js,-1.0,1.0,-1.0,-1.0,-1.0,-1.0,-1.0,1.0,-1.0,-1.0,-1.0,-1.0
70748.js,-1.0,1.0,-1.0,-1.0,0.2194550867878365,-1.0,1.0,1.0,-1.0,1.0,0.2194550867878365,0.7847849263290312
70775.js,-1.0,1.0,-1.0,-1.0,0.09968895725584535,-1.0,0.8645299348672512,1.0,-1.0,1.0,0.09968895725584535,0.8645299348672512
70800.js,-1.0,1.0,-1.0,-1.0,-1.0,-1.0,-1.0,1.0,-1.0,-1.0,-1.0,-1.0
70848.js,-1.0,1.0,-1.0,-1.0,0.09986187838711753,-1.0,0.8817334283548109,1.0,-1.0,1.0,0.09986187838711753,-1.0
7092.js,-1.0,1.0,-1.0,-1.0,-1.0,-1.0,-1.0,1.0,-1.0,-1.0,-1.0,-1.0
7096.js,-1.0,1.0,-1.0,-1.0,-1.0,-1.0,-1.0,1.0,-1.0,-1.0,-1.0,-1.0
71032.js,-1.0,1.0,-1.0,-1.0,0.08791739645277159,-1.0,1.0,1.0,-1.0,1.0,0.08791739645277159,1.0
71077.js,-1.0,1.0,-1.0,-1.0,0.11191907753901595,-1.0,1.0,1.0,-1.0,1.0,0.11191907753901595,0.3779644730092272
71214.js,-1.0,1.0,-1.0,-1.0,-1.0,-1.0,-1.0,1.0,-1.0,-1.0,-1.0,-1.0
7167.js,-1.0,1.0,-1.0,-1.0,0.25125770591687074,-1.0,-1.0,1.0,-1.0,-1.0,0.25125770591687074,-1.0
71688.js,-1.0,1.0,-1.0,-1.0,0.4500967614497697,-1.0,-1.0,1.0,-1.0,-1.0,0.4500967614497697,-1.0
71716.js,-1.0,1.0,-1.0,-1.0,0.24041376264867503,-1.0,-1.0,1.0,-1.0,-1.0,0.24041376264867503,-1.0
71738.js,-1.0,1.0,-1.0,-1.0,0.10834726777719228,-1.0,0.8215838362577491,1.0,-1.0,1.0,0.10834726777719228,0.8215838362577491
71744.js,-1.0,1.0,-1.0,-1.0,0.0761386987626881,-1.0,1.0,1.0,-1.0,1.0,0.0761386987626881,1.0
71750.js,-1.0,1.0,-1.0,-1.0,0.0761386987626881,-1.0,1.0,1.0,-1.0,1.0,0.0761386987626881,1.0
71963.js,-1.0,1.0,-1.0,-1.0,-1.0,-1.0,-1.0,1.0,-1.0,-1.0,-1.0,-1.0
72068.js,-1.0,1.0,-1.0,-1.0,0.16750513727791383,-1.0,1.0,1.0,-1.0,1.0,0.16750513727791383,1.0
72075.js,-1.0,1.0,-1.0,-1.0,-1.0,-1.0,-1.0,1.0,-1.0,-1.0,-1.0,-1.0
72259.js,-1.0,1.0,-1.0,-1.0,0.46457040780750397,-1.0,1.0,1.0,-1.0,1.0,0.46457040780750397,-1.0
72273.js,-1.0,1.0,-1.0,-1.0,0.5230346235110104,-1.0,-1.0,1.0,-1.0,-1.0,0.5230346235110104,-1.0
72470.js,-1.0,1.0,-1.0,-1.0,0.4321955400400864,-1.0,0.9922555154380908,1.0,-1.0,-1.0,0.4321955400400864,-1.0
72581.js,-1.0,1.0,-1.0,-1.0,0.40040968625853196,-1.0,0.9750487536565547,1.0,-1.0,-1.0,0.40040968625853196,-1.0
72663.js,-1.0,1.0,-1.0,-1.0,-1.0,-1.0,-1.0,1.0,-1.0,-1.0,-1.0,-1.0
72777.js,-1.0,1.0,-1.0,-1.0,0.10151826501691746,-1.0,1.0,1.0,-1.0,1.0,0.10151826501691746,1.0
72873.js,-1.0,1.0,-1.0,-1.0,-1.0,-1.0,-1.0,1.0,-1.0,-1.0,-1.0,-1.0
73020.js,-1.0,1.0,-1.0,-1.0,-1.0,-1.0,-1.0,1.0,-1.0,-1.0,-1.0,-1.0
73103.js,-1.0,1.0,-1.0,-1.0,0.19068736169791903,-1.0,-1.0,1.0,-1.0,-1.0,0.19068736169791903,-1.0
73109.js,-1.0,1.0,-1.0,-1.0,0.18611681919768203,-1.0,0.9756823110194697,1.0,-1.0,1.0,0.18611681919768203,-1.0
73132.js,-1.0,1.0,-1.0,-1.0,0.13987572123604708,-1.0,1.0,1.0,-1.0,1.0,0.13987572123604708,-1.0
73187.js,-1.0,1.0,-1.0,-1.0,0.3687583048411751,-1.0,1.0,1.0,-1.0,1.0,0.3687583048411751,-1.0
73243.js,-1.0,1.0,-1.0,-1.0,0.42050699807169634,-1.0,-1.0,1.0,-1.0,-1.0,0.42050699807169634,-1.0
73244.js,-1.0,1.0,-1.0,-1.0,0.389746915698534,-1.0,1.0,1.0,-1.0,1.0,0.389746915698534,-1.0
7325.js,-1.0,1.0,-1.0,-1.0,0.25449482547176483,-1.0,0.9218048263765137,1.0,-1.0,1.0,0.25449482547176483,-1.0
73300.js,-1.0,1.0,-1.0,-1.0,0.11478340719169698,-1.0,1.0,1.0,-1.0,1.0,0.11478340719169698,1.0
73351.js,-1.0,1.0,-1.0,-1.0,-1.0,-1.0,-1.0,1.0,-1.0,-1.0,-1.0,-1.0
73402.js,-1.0,1.0,-1.0,-1.0,-1.0,-1.0,-1.0,1.0,-1.0,-1.0,-1.0,-1.0
73432.js,-1.0,1.0,-1.0,-1.0,0.2441041781441177,-1.0,-1.0,1.0,-1.0,-1.0,0.2441041781441177,-1.0
73442.js,-1.0,1.0,-1.0,-1.0,0.3760601346479513,-1.0,0.9372694091932315,1.0,-1.0,1.0,0.3760601346479513,0.8413758413762621
73458.js,-1.0,1.0,-1.0,-1.0,-1.0,-1.0,-1.0,1.0,-1.0,-1.0,-1.0,-1.0
73592.js,-1.0,1.0,-1.0,-1.0,-1.0,-1.0,-1.0,1.0,-1.0,-1.0,-1.0,-1.0
73803.js,-1.0,1.0,-1.0,-1.0,-1.0,-1.0,-1.0,1.0,-1.0,-1.0,-1.0,-1.0
73809.js,-1.0,1.0,-1.0,-1.0,-1.0,-1.0,-1.0,1.0,-1.0,-1.0,-1.0,-1.0
73836.js,-1.0,1.0,-1.0,-1.0,-1.0,-1.0,-1.0,1.0,-1.0,-1.0,-1.0,-1.0
73964.js,-1.0,1.0,-1.0,-1.0,-1.0,-1.0,-1.0,1.0,-1.0,-1.0,-1.0,-1.0
74224.js,-1.0,1.0,-1.0,-1.0,-1.0,-1.0,-1.0,1.0,-1.0,-1.0,-1.0,-1.0
74229.js,-1.0,1.0,-1.0,-1.0,-1.0,-1.0,-1.0,1.0,-1.0,-1.0,-1.0,-1.0
74239.js,-1.0,1.0,-1.0,-1.0,-1.0,-1.0,-1.0,1.0,-1.0,-1.0,-1.0,-1.0
74289.js,-1.0,1.0,-1.0,-1.0,-1.0,-1.0,-1.0,1.0,-1.0,-1.0,-1.0,-1.0
74293.js,-1.0,1.0,-1.0,-1.0,-1.0,-1.0,-1.0,1.0,-1.0,-1.0,-1.0,-1.0
74771.js,-1.0,1.0,-1.0,-1.0,-1.0,-1.0,-1.0,1.0,-1.0,-1.0,-1.0,-1.0
7487.js,-1.0,1.0,-1.0,-1.0,-1.0,-1.0,-1.0,1.0,-1.0,-1.0,-1.0,-1.0
74944.js,-1.0,1.0,-1.0,-1.0,-1.0,-1.0,-1.0,1.0,-1.0,-1.0,-1.0,-1.0
7496.js,-1.0,1.0,-1.0,-1.0,-1.0,-1.0,-1.0,1.0,-1.0,-1.0,-1.0,-1.0
74971.js,-1.0,1.0,-1.0,-1.0,-1.0,-1.0,-1.0,1.0,-1.0,-1.0,-1.0,-1.0
74995.js,-1.0,1.0,-1.0,-1.0,-1.0,-1.0,-1.0,1.0,-1.0,-1.0,-1.0,-1.0
75102.js,-1.0,1.0,-1.0,-1.0,-1.0,-1.0,-1.0,1.0,-1.0,-1.0,-1.0,-1.0
75105.js,-1.0,1.0,-1.0,-1.0,-1.0,-1.0,-1.0,1.0,-1.0,-1.0,-1.0,-1.0
75299.js,-1.0,1.0,-1.0,-1.0,-1.0,-1.0,-1.0,1.0,-1.0,-1.0,-1.0,-1.0
75611.js,-1.0,1.0,-1.0,-1.0,-1.0,-1.0,-1.0,1.0,-1.0,-1.0,-1.0,-1.0
75651.js,-1.0,1.0,-1.0,-1.0,-1.0,-1.0,-1.0,1.0,-1.0,-1.0,-1.0,-1.0
75749.js,-1.0,1.0,-1.0,-1.0,-1.0,-1.0,-1.0,1.0,-1.0,-1.0,-1.0,-1.0
75809.js,-1.0,1.0,-1.0,-1.0,-1.0,-1.0,-1.0,1.0,-1.0,-1.0,-1.0,-1.0
75852.js,-1.0,1.0,-1.0,-1.0,-1.0,-1.0,-1.0,1.0,-1.0,-1.0,-1.0,-1.0
7605.js,-1.0,1.0,-1.0,-1.0,-1.0,-1.0,-1.0,1.0,-1.0,-1.0,-1.0,-1.0
76140.js,-1.0,1.0,-1.0,-1.0,-1.0,-1.0,-1.0,1.0,-1.0,-1.0,-1.0,-1.0
76186.js,-1.0,1.0,-1.0,-1.0,-1.0,-1.0,-1.0,1.0,-1.0,-1.0,-1.0,-1.0
76256.js,-1.0,1.0,-1.0,-1.0,-1.0,-1.0,-1.0,1.0,-1.0,-1.0,-1.0,-1.0
76359.js,-1.0,1.0,-1.0,-1.0,-1.0,-1.0,-1.0,1.0,-1.0,-1.0,-1.0,-1.0
7636.js,-1.0,1.0,-1.0,-1.0,-1.0,-1.0,-1.0,1.0,-1.0,-1.0,-1.0,-1.0
76371.js,-1.0,1.0,-1.0,-1.0,-1.0,-1.0,-1.0,1.0,-1.0,-1.0,-1.0,-1.0
76432.js,-1.0,1.0,-1.0,-1.0,-1.0,-1.0,-1.0,1.0,-1.0,-1.0,-1.0,-1.0
76534.js,-1.0,1.0,-1.0,-1.0,-1.0,-1.0,-1.0,1.0,-1.0,-1.0,-1.0,-1.0
76647.js,-1.0,1.0,-1.0,-1.0,-1.0,-1.0,-1.0,1.0,-1.0,-1.0,-1.0,-1.0
76686.js,-1.0,1.0,-1.0,-1.0,-1.0,-1.0,-1.0,1.0,-1.0,-1.0,-1.0,-1.0
76762.js,-1.0,1.0,-1.0,-1.0,-1.0,-1.0,-1.0,1.0,-1.0,-1.0,-1.0,-1.0
76775.js,-1.0,1.0,-1.0,-1.0,-1.0,-1.0,-1.0,1.0,-1.0,-1.0,-1.0,-1.0
76806.js,-1.0,1.0,-1.0,-1.0,-1.0,-1.0,-1.0,1.0,-1.0,-1.0,-1.0,-1.0
76895.js,-1.0,1.0,-1.0,-1.0,-1.0,-1.0,-1.0,1.0,-1.0,-1.0,-1.0,-1.0
77301.js,-1.0,1.0,-1.0,-1.0,-1.0,-1.0,-1.0,1.0,-1.0,-1.0,-1.0,-1.0
7745.js,-1.0,1.0,-1.0,-1.0,0.41242525798240337,-1.0,-1.0,1.0,-1.0,-1.0,0.41242525798240337,-1.0
7775.js,-1.0,1.0,-1.0,-1.0,0.6750878791469723,-1.0,-1.0,1.0,-1.0,-1.0,0.6750878791469723,-1.0
78018.js,-1.0,1.0,-1.0,-1.0,0.30352414981054454,-1.0,-1.0,1.0,-1.0,-1.0,0.30352414981054454,-1.0
78361.js,-1.0,1.0,-1.0,-1.0,0.30352414981054454,-1.0,-1.0,1.0,-1.0,-1.0,0.30352414981054454,-1.0
78393.js,-1.0,1.0,-1.0,-1.0,0.30352414981054454,-1.0,-1.0,1.0,-1.0,-1.0,0.30352414981054454,-1.0
78604.js,-1.0,1.0,-1.0,-1.0,0.30352414981054454,-1.0,-1.0,1.0,-1.0,-1.0,0.30352414981054454,-1.0
78626.js,-1.0,1.0,-1.0,-1.0,0.30352414981054454,-1.0,-1.0,1.0,-1.0,-1.0,0.30352414981054454,-1.0
78937.js,-1.0,1.0,-1.0,-1.0,0.30352414981054454,-1.0,-1.0,1.0,-1.0,-1.0,0.30352414981054454,-1.0
79119.js,-1.0,1.0,-1.0,-1.0,0.30352414981054454,-1.0,-1.0,1.0,-1.0,-1.0,0.30352414981054454,-1.0
79406.js,-1.0,1.0,-1.0,-1.0,0.3057633085053819,-1.0,-1.0,1.0,-1.0,-1.0,0.3057633085053819,-1.0
79496.js,-1.0,1.0,-1.0,-1.0,0.30352414981054454,-1.0,-1.0,1.0,-1.0,-1.0,0.30352414981054454,-1.0
79573.js,-1.0,1.0,-1.0,-1.0,-1.0,-1.0,-1.0,1.0,-1.0,-1.0,-1.0,-1.0
79644.js,-1.0,1.0,-1.0,-1.0,0.31186100323032806,-1.0,1.0,1.0,-1.0,-1.0,0.31186100323032806,-1.0
79783.js,-1.0,1.0,-1.0,-1.0,0.5578683108875849,-1.0,-1.0,1.0,-1.0,-1.0,0.5578683108875849,-1.0
79806.js,-1.0,1.0,-1.0,-1.0,0.38247874273772375,-1.0,-1.0,1.0,-1.0,-1.0,0.38247874273772375,-1.0
79827.js,-1.0,1.0,-1.0,-1.0,0.23396547436140555,-1.0,0.8813205599250316,1.0,-1.0,0.9316051410668054,0.23396547436140555,0.8813205599250316
80041.js,-1.0,1.0,-1.0,-1.0,0.08139569275564797,-1.0,1.0,1.0,-1.0,1.0,0.08139569275564797,-1.0
80045.js,-1.0,1.0,-1.0,-1.0,0.19312425554775103,-1.0,-1.0,1.0,-1.0,-1.0,0.19312425554775103,-1.0
80055.js,-1.0,1.0,-1.0,-1.0,0.5650535088027615,-1.0,-1.0,1.0,-1.0,-1.0,0.5650535088027615,-1.0
80121.js,-1.0,1.0,-1.0,-1.0,0.28199632506118644,-1.0,1.0,1.0,-1.0,1.0,0.28199632506118644,-1.0
80142.js,-1.0,1.0,-1.0,-1.0,-1.0,-1.0,-1.0,1.0,-1.0,-1.0,-1.0,-1.0
80144.js,-1.0,1.0,-1.0,-1.0,-1.0,-1.0,-1.0,1.0,-1.0,-1.0,-1.0,-1.0
80212.js,-1.0,1.0,-1.0,-1.0,-1.0,-1.0,-1.0,1.0,-1.0,-1.0,-1.0,-1.0
80227.js,-1.0,1.0,-1.0,-1.0,-1.0,-1.0,-1.0,1.0,-1.0,-1.0,-1.0,-1.0
80246.js,-1.0,1.0,-1.0,-1.0,-1.0,-1.0,-1.0,1.0,-1.0,-1.0,-1.0,-1.0
80280.js,-1.0,1.0,-1.0,-1.0,-1.0,-1.0,-1.0,1.0,-1.0,-1.0,-1.0,-1.0
80349.js,-1.0,1.0,-1.0,-1.0,-1.0,-1.0,-1.0,1.0,-1.0,-1.0,-1.0,-1.0
80408.js,-1.0,1.0,-1.0,-1.0,-1.0,-1.0,-1.0,1.0,-1.0,-1.0,-1.0,-1.0
80522.js,-1.0,1.0,-1.0,-1.0,-1.0,-1.0,-1.0,1.0,-1.0,-1.0,-1.0,-1.0
80657.js,-1.0,1.0,-1.0,-1.0,-1.0,-1.0,-1.0,1.0,-1.0,-1.0,-1.0,-1.0
80761.js,-1.0,1.0,-1.0,-1.0,0.28505444856613443,-1.0,0.9103897647763424,1.0,-1.0,0.9917694073609294,0.28505444856613443,0.7474093186836598
80781.js,-1.0,1.0,-1.0,-1.0,0.4503731536785894,-1.0,0.9232047348883585,1.0,-1.0,0.9813339133434427,0.4503731536785894,0.8603735770143464
80976.js,-1.0,1.0,-1.0,-1.0,-1.0,-1.0,-1.0,1.0,-1.0,-1.0,-1.0,-1.0
81381.js,-1.0,1.0,-1.0,-1.0,0.3981621737674995,-1.0,0.9930096908054176,1.0,-1.0,-1.0,0.3981621737674995,-1.0
81439.js,-1.0,1.0,-1.0,-1.0,0.3307203112643017,-1.0,-1.0,1.0,-1.0,-1.0,0.3307203112643017,-1.0
81583.js,-1.0,1.0,-1.0,-1.0,0.5270735018000847,-1.0,0.9934264273995562,1.0,-1.0,-1.0,0.5270735018000847,-1.0
81680.js,-1.0,1.0,-1.0,-1.0,0.2866057521105554,-1.0,-1.0,1.0,-1.0,-1.0,0.2866057521105554,-1.0
81791.js,-1.0,1.0,-1.0,-1.0,0.30971710838930916,-1.0,0.954759672657876,1.0,-1.0,1.0,0.30971710838930916,-1.0
8184.js,-1.0,1.0,-1.0,-1.0,0.13797901350800762,-1.0,1.0,1.0,-1.0,1.0,0.13797901350800762,-1.0
81895.js,-1.0,1.0,-1.0,-1.0,0.2907594586628823,-1.0,1.0,1.0,-1.0,1.0,0.2907594586628823,-1.0
81923.js,-1.0,1.0,-1.0,-1.0,0.48492194508339975,-1.0,0.9860456223085832,1.0,-1.0,-1.0,0.48492194508339975,-1.0
81975.js,-1.0,1.0,-1.0,-1.0,0.39160839860272745,-1.0,0.9903960614111554,1.0,-1.0,-1.0,0.39160839860272745,-1.0
82065.js,-1.0,1.0,-1.0,-1.0,0.31748879215447673,-1.0,0.9907083906300569,1.0,-1.0,-1.0,0.31748879215447673,-1.0
82079.js,-1.0,1.0,-1.0,-1.0,0.4114794555367686,-1.0,-1.0,1.0,-1.0,-1.0,0.4114794555367686,-1.0
82121.js,-1.0,1.0,-1.0,-1.0,0.3267619155232031,-1.0,-1.0,1.0,-1.0,-1.0,0.3267619155232031,-1.0
82246.js,-1.0,1.0,-1.0,-1.0,0.3501870817094908,-1.0,1.0,1.0,-1.0,1.0,0.3501870817094908,-1.0
82363.js,-1.0,1.0,-1.0,-1.0,0.40129614793551766,-1.0,-1.0,1.0,-1.0,-1.0,0.40129614793551766,-1.0
82510.js,-1.0,1.0,-1.0,-1.0,0.31165963730372087,-1.0,0.9583130072112516,1.0,-1.0,0.9679811975035697,0.31165963730372087,-1.0
82835.js,-1.0,1.0,-1.0,-1.0,0.38394584365133383,-1.0,-1.0,1.0,-1.0,-1.0,0.38394584365133383,-1.0
82848.js,-1.0,1.0,-1.0,-1.0,0.36575847797972755,-1.0,-1.0,1.0,-1.0,-1.0,0.36575847797972755,-1.0
82951.js,-1.0,1.0,-1.0,-1.0,0.2386466361816703,-1.0,1.0,1.0,-1.0,1.0,0.2386466361816703,1.0
83022.js,-1.0,1.0,-1.0,-1.0,0.4859271832585364,-1.0,-1.0,1.0,-1.0,-1.0,0.4859271832585364,-1.0
83042.js,-1.0,1.0,-1.0,-1.0,0.18316124260994082,-1.0,1.0,1.0,-1.0,1.0,0.18316124260994082,0.9135468796041984
83083.js,1.0,1.0,-1.0,1.0,0.026919095102908276,1.0,1.0,1.0,-1.0,1.0,0.026919095102908276,1.0
83096.js,-1.0,1.0,-1.0,-1.0,0.5520963737649588,-1.0,-1.0,1.0,-1.0,-1.0,0.5520963737649588,-1.0
83154.js,-1.0,1.0,-1.0,-1.0,0.08998997610878198,-1.0,-1.0,1.0,-1.0,-1.0,0.08998997610878198,-1.0
83287.js,-1.0,1.0,-1.0,-1.0,0.08998997610878198,-1.0,-1.0,1.0,-1.0,-1.0,0.08998997610878198,-1.0
83488.js,-1.0,1.0,-1.0,-1.0,0.26394451550016185,-1.0,-1.0,1.0,-1.0,-1.0,0.26394451550016185,-1.0
83510.js,-1.0,1.0,-1.0,-1.0,0.126522350350995,-1.0,-1.0,1.0,-1.0,-1.0,0.126522350350995,-1.0
83582.js,-1.0,1.0,-1.0,-1.0,0.126522350350995,-1.0,-1.0,1.0,-1.0,-1.0,0.126522350350995,-1.0
83628.js,-1.0,1.0,-1.0,-1.0,0.26394451550016185,-1.0,-1.0,1.0,-1.0,-1.0,0.26394451550016185,-1.0
83803.js,-1.0,1.0,-1.0,-1.0,0.26394451550016185,-1.0,-1.0,1.0,-1.0,-1.0,0.26394451550016185,-1.0
83881.js,-1.0,1.0,-1.0,-1.0,0.503550848359202,-1.0,-1.0,1.0,-1.0,-1.0,0.503550848359202,-1.0
83941.js,-1.0,1.0,-1.0,-1.0,0.4041514217640939,-1.0,-1.0,1.0,-1.0,-1.0,0.4041514217640939,-1.0
83992.js,-1.0,1.0,-1.0,-1.0,0.25897890495331327,-1.0,-1.0,1.0,-1.0,-1.0,0.25897890495331327,-1.0
84008.js,-1.0,1.0,-1.0,-1.0,0.40049015567578333,-1.0,0.9225791407360159,1.0,-1.0,1.0,0.40049015567578333,0.9046151396768508
84075.js,-1.0,1.0,-1.0,-1.0,0.21572631316094962,-1.0,-1.0,1.0,-1.0,-1.0,0.21572631316094962,-1.0
8420.js,-1.0,1.0,-1.0,-1.0,-1.0,-1.0,-1.0,1.0,-1.0,-1.0,-1.0,-1.0
84203.js,-1.0,1.0,-1.0,-1.0,0.09325048082403138,-1.0,1.0,1.0,-1.0,1.0,0.09325048082403138,1.0
8424.js,-1.0,1.0,-1.0,-1.0,0.09325048082403138,-1.0,-1.0,1.0,-1.0,-1.0,0.09325048082403138,-1.0
84248.js,-1.0,1.0,-1.0,-1.0,0.4419698682380594,-1.0,0.9658150586533685,1.0,-1.0,-1.0,0.4419698682380594,0.9077576856714812
84337.js,-1.0,1.0,-1.0,-1.0,0.13844373104863458,-1.0,-1.0,1.0,-1.0,-1.0,0.13844373104863458,-1.0
84365.js,-1.0,1.0,-1.0,-1.0,0.1631543544914745,-1.0,1.0,1.0,-1.0,-1.0,0.1631543544914745,-1.0
84574.js,-1.0,1.0,-1.0,-1.0,-1.0,-1.0,-1.0,1.0,-1.0,-1.0,-1.0,-1.0
84607.js,-1.0,1.0,-1.0,-1.0,-1.0,-1.0,-1.0,1.0,-1.0,-1.0,-1.0,-1.0
84732.js,-1.0,1.0,-1.0,-1.0,-1.0,-1.0,-1.0,1.0,-1.0,-1.0,-1.0,-1.0
84770.js,-1.0,1.0,-1.0,-1.0,-1.0,-1.0,-1.0,1.0,-1.0,-1.0,-1.0,-1.0
84901.js,-1.0,1.0,-1.0,-1.0,0.2401769624731362,-1.0,0.9247176302871054,1.0,-1.0,1.0,0.2401769624731362,-1.0
84950.js,-1.0,1.0,-1.0,-1.0,0.1098967455659645,-1.0,0.7284927963857741,1.0,-1.0,0.7284927963857741,0.1098967455659645,0.7284927963857741
84966.js,-1.0,1.0,-1.0,-1.0,0.5714433597613188,-1.0,0.9192529533574059,1.0,-1.0,0.9827742316193411,0.5714433597613188,-1.0
85252.js,-1.0,1.0,-1.0,-1.0,-1.0,-1.0,-1.0,1.0,-1.0,-1.0,-1.0,-1.0
85373.js,-1.0,1.0,-1.0,-1.0,0.11656310103003922,-1.0,1.0,1.0,-1.0,0.4166666666666667,0.11656310103003922,1.0
85388.js,-1.0,1.0,-1.0,-1.0,0.1397393236207338,-1.0,0.8510644963469901,1.0,0.5619514869490164,1.0,0.1397393236207338,0.7492686492653552
85464.js,-1.0,1.0,-1.0,-1.0,-1.0,-1.0,-1.0,1.0,-1.0,-1.0,-1.0,-1.0
85769.js,-1.0,1.0,-1.0,-1.0,0.3882327107305094,-1.0,0.9714726301433106,1.0,-1.0,1.0,0.3882327107305094,0.9052522329998256
85776.js,-1.0,1.0,-1.0,-1.0,0.3405285642575254,-1.0,0.9639253854237597,1.0,-1.0,1.0,0.3405285642575254,0.8324089477650336
86047.js,-1.0,1.0,-1.0,-1.0,0.21808847366422426,-1.0,1.0,1.0,-1.0,1.0,0.21808847366422426,0.8954430086935637
86050.js,-1.0,1.0,-1.0,-1.0,0.30922854322783677,-1.0,0.969438226960826,1.0,-1.0,1.0,0.30922854322783677,0.8354321969369594
86060.js,-1.0,1.0,-1.0,-1.0,0.5028846553521282,-1.0,0.965842305538098,1.0,-1.0,-1.0,0.5028846553521282,0.8530238635886257
86065.js,-1.0,1.0,-1.0,-1.0,0.46431375001620007,-1.0,-1.0,1.0,-1.0,-1.0,0.46431375001620007,-1.0
86229.js,-1.0,1.0,-1.0,-1.0,-1.0,-1.0,-1.0,1.0,-1.0,-1.0,-1.0,-1.0
86235.js,-1.0,1.0,-1.0,-1.0,0.19586518668589048,-1.0,1.0,1.0,-1.0,1.0,0.19586518668589048,0.8677218312746247
86436.js,-1.0,1.0,-1.0,-1.0,0.20144406207413396,-1.0,1.0,1.0,-1.0,1.0,0.20144406207413396,0.9164397149578765
86504.js,-1.0,1.0,-1.0,-1.0,0.20144406207413396,-1.0,1.0,1.0,-1.0,1.0,0.20144406207413396,0.9164397149578765
86507.js,-1.0,1.0,-1.0,-1.0,0.2315668119696713,-1.0,1.0,1.0,-1.0,1.0,0.2315668119696713,0.9357754408380655
86715.js,-1.0,1.0,-1.0,-1.0,0.40114832019492624,-1.0,0.9488565893658784,1.0,-1.0,0.9467682734133428,0.40114832019492624,0.8984058950017598
86735.js,-1.0,1.0,-1.0,-1.0,0.5358874621089029,-1.0,0.8719372047936628,1.0,-1.0,-1.0,0.5358874621089029,0.7860162293413259
86811.js,-1.0,1.0,-1.0,-1.0,0.21067524290009612,-1.0,0.9630363567333499,1.0,-1.0,1.0,0.21067524290009612,0.8049844718999243
86832.js,-1.0,1.0,-1.0,-1.0,0.47409186791129515,-1.0,-1.0,1.0,-1.0,-1.0,0.47409186791129515,-1.0
86969.js,-1.0,1.0,-1.0,-1.0,0.6139862706018431,-1.0,0.965777358948349,1.0,-1.0,0.9942692937888751,0.6139862706018431,0.8428542151869549
87032.js,-1.0,1.0,-1.0,-1.0,0.09325048082403138,-1.0,1.0,1.0,-1.0,1.0,0.09325048082403138,1.0
87083.js,-1.0,1.0,-1.0,-1.0,0.09325048082403138,-1.0,1.0,1.0,-1.0,1.0,0.09325048082403138,1.0
87103.js,-1.0,1.0,-1.0,-1.0,0.1504240538591805,-1.0,1.0,1.0,-1.0,1.0,0.1504240538591805,1.0
87319.js,-1.0,1.0,-1.0,-1.0,0.08371640269664737,-1.0,-1.0,1.0,-1.0,-1.0,0.08371640269664737,-1.0
87347.js,-1.0,1.0,-1.0,-1.0,0.07346632799674513,-1.0,-1.0,1.0,-1.0,-1.0,0.07346632799674513,-1.0
87349.js,-1.0,1.0,-1.0,-1.0,0.055566056558495114,-1.0,0.8792003816177455,1.0,-1.0,0.9670913609804876,0.055566056558495114,0.8792003816177455
87389.js,-1.0,1.0,-1.0,-1.0,0.13637151445459936,-1.0,-1.0,1.0,-1.0,-1.0,0.13637151445459936,-1.0
87599.js,-1.0,1.0,-1.0,-1.0,0.05152424082564255,-1.0,-1.0,1.0,-1.0,-1.0,0.05152424082564255,-1.0
87656.js,-1.0,1.0,-1.0,-1.0,-1.0,-1.0,-1.0,1.0,-1.0,-1.0,-1.0,-1.0
87741.js,-1.0,1.0,-1.0,-1.0,0.31926017360265524,-1.0,-1.0,1.0,-1.0,-1.0,0.31926017360265524,-1.0
87771.js,-1.0,1.0,-1.0,-1.0,-1.0,-1.0,-1.0,1.0,-1.0,-1.0,-1.0,-1.0
878.js,-1.0,1.0,-1.0,-1.0,-1.0,-1.0,-1.0,1.0,-1.0,-1.0,-1.0,-1.0
87836.js,-1.0,1.0,-1.0,-1.0,-1.0,-1.0,-1.0,1.0,-1.0,-1.0,-1.0,-1.0
87868.js,-1.0,1.0,-1.0,-1.0,0.12038585308576921,-1.0,1.0,1.0,-1.0,1.0,0.12038585308576921,1.0
87950.js,-1.0,1.0,-1.0,-1.0,0.14805502306599552,-1.0,1.0,1.0,-1.0,1.0,0.14805502306599552,1.0
88026.js,-1.0,1.0,-1.0,-1.0,0.44894799765406096,-1.0,-1.0,1.0,-1.0,-1.0,0.44894799765406096,-1.0
88048.js,-1.0,1.0,-1.0,-1.0,-1.0,-1.0,-1.0,1.0,-1.0,-1.0,-1.0,-1.0
88097.js,-1.0,1.0,-1.0,-1.0,-1.0,-1.0,-1.0,1.0,-1.0,-1.0,-1.0,-1.0
88158.js,-1.0,1.0,-1.0,-1.0,-1.0,-1.0,-1.0,1.0,-1.0,-1.0,-1.0,-1.0
88228.js,-1.0,1.0,-1.0,-1.0,-1.0,-1.0,-1.0,1.0,-1.0,-1.0,-1.0,-1.0
88245.js,-1.0,1.0,-1.0,-1.0,0.09890707100936806,-1.0,1.0,1.0,-1.0,1.0,0.09890707100936806,1.0
88281.js,-1.0,1.0,-1.0,-1.0,0.21535276082326618,-1.0,1.0,1.0,-1.0,1.0,0.21535276082326618,-1.0
88292.js,-1.0,1.0,-1.0,-1.0,-1.0,-1.0,-1.0,1.0,-1.0,-1.0,-1.0,-1.0
88338.js,-1.0,1.0,-1.0,-1.0,0.22665223903194512,-1.0,1.0,1.0,-1.0,1.0,0.22665223903194512,1.0
8835.js,-1.0,1.0,-1.0,-1.0,-1.0,-1.0,-1.0,1.0,-1.0,-1.0,-1.0,-1.0
88368.js,-1.0,1.0,-1.0,-1.0,0.69216998875171,-1.0,0.9744528098948064,1.0,-1.0,-1.0,0.69216998875171,0.8840158579048648
88502.js,-1.0,1.0,-1.0,-1.0,0.1076763804116331,-1.0,1.0,1.0,-1.0,1.0,0.1076763804116331,1.0
88562.js,-1.0,1.0,-1.0,-1.0,0.3872549644933096,-1.0,-1.0,1.0,-1.0,-1.0,0.3872549644933096,-1.0
88584.js,-1.0,1.0,-1.0,-1.0,0.21535276082326618,-1.0,1.0,1.0,-1.0,1.0,0.21535276082326618,-1.0
88669.js,-1.0,1.0,-1.0,-1.0,0.35713664590872174,-1.0,1.0,1.0,-1.0,1.0,0.35713664590872174,0.8968028318136245
88692.js,-1.0,1.0,-1.0,-1.0,0.2194550867878365,-1.0,0.9502970142326751,1.0,-1.0,1.0,0.2194550867878365,-1.0
88800.js,-1.0,1.0,-1.0,-1.0,0.5594052592982914,-1.0,-1.0,1.0,-1.0,-1.0,0.5594052592982914,-1.0
88889.js,-1.0,1.0,-1.0,-1.0,0.586693236724962,-1.0,-1.0,1.0,-1.0,-1.0,0.586693236724962,-1.0
88940.js,-1.0,1.0,-1.0,-1.0,-1.0,-1.0,-1.0,1.0,-1.0,-1.0,-1.0,-1.0
88949.js,-1.0,1.0,-1.0,-1.0,-1.0,-1.0,-1.0,1.0,-1.0,-1.0,-1.0,-1.0
89049.js,-1.0,1.0,-1.0,-1.0,-1.0,-1.0,-1.0,1.0,-1.0,-1.0,-1.0,-1.0
89104.js,-1.0,1.0,-1.0,-1.0,-1.0,-1.0,-1.0,1.0,-1.0,-1.0,-1.0,-1.0
89136.js,-1.0,1.0,-1.0,-1.0,-1.0,-1.0,-1.0,1.0,-1.0,-1.0,-1.0,-1.0
89236.js,-1.0,1.0,-1.0,-1.0,-1.0,-1.0,-1.0,1.0,-1.0,-1.0,-1.0,-1.0
89372.js,-1.0,1.0,-1.0,-1.0,0.10107236959411503,-1.0,1.0,1.0,-1.0,1.0,0.10107236959411503,-1.0
89411.js,-1.0,1.0,-1.0,-1.0,-1.0,-1.0,-1.0,1.0,-1.0,-1.0,-1.0,-1.0
89423.js,-1.0,1.0,-1.0,-1.0,-1.0,-1.0,-1.0,1.0,-1.0,-1.0,-1.0,-1.0
89559.js,-1.0,1.0,-1.0,-1.0,0.06344891563557342,-1.0,1.0,1.0,-1.0,1.0,0.06344891563557342,-1.0
89608.js,-1.0,1.0,-1.0,-1.0,0.3406146013255386,-1.0,1.0,1.0,-1.0,1.0,0.3406146013255386,-1.0
89708.js,-1.0,1.0,-1.0,-1.0,0.32747981579836366,-1.0,0.9965404552552896,1.0,-1.0,1.0,0.32747981579836366,-1.0
89812.js,-1.0,1.0,-1.0,-1.0,-1.0,-1.0,-1.0,1.0,-1.0,-1.0,-1.0,-1.0
89933.js,-1.0,1.0,-1.0,-1.0,0.2281367502433446,-1.0,1.0,1.0,-1.0,1.0,0.2281367502433446,-1.0
90007.js,-1.0,1.0,-1.0,-1.0,-1.0,-1.0,-1.0,1.0,-1.0,-1.0,-1.0,-1.0
9008.js,-1.0,1.0,-1.0,-1.0,-1.0,-1.0,-1.0,1.0,-1.0,-1.0,-1.0,-1.0
90247.js,-1.0,1.0,-1.0,-1.0,-1.0,-1.0,-1.0,1.0,-1.0,-1.0,-1.0,-1.0
90873.js,-1.0,1.0,-1.0,-1.0,0.42895854031539504,-1.0,0.9601780906967214,1.0,-1.0,0.9504541787915249,0.42895854031539504,-1.0
90997.js,-1.0,1.0,-1.0,-1.0,0.2885628266297543,-1.0,-1.0,1.0,-1.0,-1.0,0.2885628266297543,-1.0
9117.js,-1.0,1.0,-1.0,-1.0,0.13987572123604708,-1.0,-1.0,1.0,-1.0,-1.0,0.13987572123604708,-1.0
91212.js,-1.0,1.0,-1.0,-1.0,-1.0,-1.0,-1.0,1.0,-1.0,-1.0,-1.0,-1.0
91304.js,-1.0,1.0,-1.0,-1.0,-1.0,-1.0,-1.0,1.0,-1.0,-1.0,-1.0,-1.0
91307.js,-1.0,1.0,-1.0,-1.0,-1.0,-1.0,-1.0,1.0,-1.0,-1.0,-1.0,-1.0
91308.js,-1.0,1.0,-1.0,-1.0,-1.0,-1.0,-1.0,1.0,-1.0,-1.0,-1.0,-1.0
91312.js,-1.0,1.0,-1.0,-1.0,0.28928766789457944,-1.0,-1.0,1.0,-1.0,-1.0,0.28928766789457944,-1.0
91329.js,-1.0,1.0,-1.0,-1.0,-1.0,-1.0,-1.0,1.0,-1.0,-1.0,-1.0,-1.0
91373.js,-1.0,1.0,-1.0,-1.0,-1.0,-1.0,-1.0,1.0,-1.0,-1.0,-1.0,-1.0
91394.js,-1.0,1.0,-1.0,-1.0,0.14363447023631967,-1.0,1.0,1.0,-1.0,1.0,0.14363447023631967,-1.0
91446.js,-1.0,1.0,-1.0,-1.0,0.30138307522823254,-1.0,0.9651717370670134,1.0,-1.0,1.0,0.30138307522823254,-1.0
91599.js,-1.0,1.0,-1.0,-1.0,-1.0,-1.0,-1.0,1.0,-1.0,-1.0,-1.0,-1.0
91612.js,-1.0,1.0,-1.0,-1.0,-1.0,-1.0,-1.0,1.0,-1.0,-1.0,-1.0,-1.0
91677.js,-1.0,1.0,-1.0,-1.0,0.37411040099482024,-1.0,-1.0,1.0,-1.0,-1.0,0.37411040099482024,-1.0
91734.js,-1.0,1.0,-1.0,-1.0,0.35924946370366023,-1.0,-1.0,1.0,-1.0,-1.0,0.35924946370366023,-1.0
91748.js,-1.0,1.0,-1.0,-1.0,0.32489392741820605,-1.0,0.9582637808475339,1.0,-1.0,0.9926064865685956,0.32489392741820605,-1.0
91874.js,-1.0,1.0,-1.0,-1.0,-1.0,-1.0,-1.0,1.0,-1.0,-1.0,-1.0,-1.0
91909.js,-1.0,1.0,-1.0,-1.0,-1.0,-1.0,-1.0,1.0,-1.0,-1.0,-1.0,-1.0
92077.js,-1.0,1.0,-1.0,-1.0,0.35806233090198947,-1.0,-1.0,1.0,-1.0,-1.0,0.35806233090198947,-1.0
9218.js,-1.0,1.0,-1.0,-1.0,-1.0,-1.0,-1.0,1.0,-1.0,-1.0,-1.0,-1.0
92546.js,-1.0,1.0,-1.0,-1.0,0.40992258986345864,-1.0,-1.0,1.0,-1.0,-1.0,0.40992258986345864,-1.0
92794.js,-1.0,1.0,-1.0,-1.0,0.23207098589977526,-1.0,1.0,1.0,-1.0,1.0,0.23207098589977526,-1.0
93065.js,-1.0,1.0,-1.0,-1.0,-1.0,-1.0,-1.0,1.0,-1.0,-1.0,-1.0,-1.0
93155.js,-1.0,1.0,-1.0,-1.0,-1.0,-1.0,-1.0,1.0,-1.0,-1.0,-1.0,-1.0
93183.js,-1.0,1.0,-1.0,-1.0,-1.0,-1.0,-1.0,1.0,-1.0,-1.0,-1.0,-1.0
93312.js,-1.0,1.0,-1.0,-1.0,-1.0,-1.0,-1.0,1.0,-1.0,-1.0,-1.0,-1.0
93316.js,-1.0,1.0,-1.0,-1.0,-1.0,-1.0,-1.0,1.0,-1.0,-1.0,-1.0,-1.0
93366.js,-1.0,1.0,-1.0,-1.0,-1.0,-1.0,-1.0,1.0,-1.0,-1.0,-1.0,-1.0
93449.js,-1.0,1.0,-1.0,-1.0,0.06976366891387281,-1.0,1.0,1.0,-1.0,1.0,0.06976366891387281,1.0
9348.js,-1.0,1.0,-1.0,-1.0,-1.0,-1.0,-1.0,1.0,-1.0,-1.0,-1.0,-1.0
9375.js,-1.0,1.0,-1.0,-1.0,-1.0,-1.0,-1.0,1.0,-1.0,-1.0,-1.0,-1.0
93824.js,-1.0,1.0,-1.0,-1.0,0.4292182499267808,-1.0,0.9594274518721196,1.0,-1.0,1.0,0.4292182499267808,-1.0
93844.js,-1.0,1.0,-1.0,-1.0,0.544354485692598,-1.0,-1.0,1.0,-1.0,-1.0,0.544354485692598,-1.0
93979.js,-1.0,1.0,-1.0,-1.0,0.21155426075449818,-1.0,-1.0,1.0,-1.0,-1.0,0.21155426075449818,-1.0
94051.js,-1.0,1.0,-1.0,-1.0,0.17079681690715579,-1.0,-1.0,1.0,-1.0,-1.0,0.17079681690715579,-1.0
94210.js,-1.0,1.0,-1.0,-1.0,0.12003125481010059,-1.0,1.0,1.0,-1.0,1.0,0.12003125481010059,-1.0
94270.js,-1.0,1.0,-1.0,-1.0,0.22559706004894914,-1.0,-1.0,1.0,-1.0,-1.0,0.22559706004894914,-1.0
94309.js,-1.0,1.0,-1.0,-1.0,0.15023688577205055,-1.0,1.0,1.0,-1.0,1.0,0.15023688577205055,-1.0
94320.js,-1.0,1.0,-1.0,-1.0,0.4448794306469566,-1.0,-1.0,1.0,-1.0,-1.0,0.4448794306469566,-1.0
94449.js,-1.0,1.0,-1.0,-1.0,0.32136047869915835,-1.0,-1.0,1.0,-1.0,-1.0,0.32136047869915835,-1.0
94637.js,-1.0,1.0,-1.0,-1.0,0.07194430788361927,-1.0,1.0,1.0,-1.0,1.0,0.07194430788361927,-1.0
94660.js,-1.0,1.0,-1.0,-1.0,-1.0,-1.0,-1.0,1.0,-1.0,-1.0,-1.0,-1.0
94680.js,-1.0,1.0,-1.0,-1.0,-1.0,-1.0,-1.0,1.0,-1.0,-1.0,-1.0,-1.0
94705.js,-1.0,1.0,-1.0,-1.0,0.12209353913347196,-1.0,1.0,1.0,-1.0,1.0,0.12209353913347196,1.0
94749.js,-1.0,1.0,-1.0,-1.0,0.1564640621416698,-1.0,1.0,1.0,-1.0,1.0,0.1564640621416698,-1.0
94934.js,-1.0,1.0,-1.0,-1.0,0.2085764626863479,-1.0,0.9650608087224452,1.0,-1.0,1.0,0.2085764626863479,-1.0
94937.js,-1.0,1.0,-1.0,-1.0,0.28032884544444253,-1.0,1.0,1.0,-1.0,1.0,0.28032884544444253,-1.0
95059.js,-1.0,1.0,-1.0,-1.0,0.1098967455659645,-1.0,1.0,1.0,-1.0,1.0,0.1098967455659645,1.0
95121.js,-1.0,1.0,-1.0,-1.0,0.4580020592613372,-1.0,-1.0,1.0,-1.0,-1.0,0.4580020592613372,-1.0
95177.js,-1.0,1.0,-1.0,-1.0,0.47556545696092745,-1.0,0.943639260234055,1.0,-1.0,0.8179481315508174,0.47556545696092745,0.9038922925856513
95188.js,-1.0,1.0,-1.0,-1.0,0.16750513727791383,-1.0,1.0,1.0,-1.0,1.0,0.16750513727791383,1.0
95239.js,-1.0,1.0,-1.0,-1.0,0.21576175375273055,-1.0,-1.0,1.0,-1.0,-1.0,0.21576175375273055,-1.0
95304.js,-1.0,1.0,-1.0,-1.0,0.43035636259760984,-1.0,0.9920459302734672,1.0,-1.0,0.7583313849246266,0.43035636259760984,0.9321702417618587
95349.js,-1.0,1.0,-1.0,-1.0,0.00669212034525919,-1.0,-1.0,1.0,-1.0,-1.0,0.00669212034525919,-1.0
95354.js,-1.0,1.0,-1.0,-1.0,0.005236092508992905,-1.0,-1.0,1.0,-1.0,-1.0,0.005236092508992905,-1.0
95511.js,-1.0,1.0,-1.0,-1.0,0.4710143940963384,-1.0,0.9153041117001774,1.0,-1.0,-1.0,0.4710143940963384,0.8417940229384004
95745.js,-1.0,1.0,-1.0,-1.0,0.13205912890281402,-1.0,0.9752399172382472,1.0,-1.0,0.9916666666666667,0.13205912890281402,0.9752399172382472
95768.js,-1.0,1.0,-1.0,-1.0,0.29151697481940136,-1.0,0.9948368341427666,1.0,-1.0,0.644857801502328,0.29151697481940136,0.9922705197292414
96010.js,-1.0,1.0,-1.0,-1.0,0.32533418180804907,-1.0,-1.0,1.0,-1.0,-1.0,0.32533418180804907,-1.0
96163.js,-1.0,1.0,-1.0,-1.0,-1.0,-1.0,-1.0,1.0,-1.0,-1.0,-1.0,-1.0
96286.js,-1.0,1.0,-1.0,-1.0,0.33832659213124794,-1.0,-1.0,1.0,-1.0,-1.0,0.33832659213124794,-1.0
96412.js,-1.0,1.0,-1.0,-1.0,0.2986153793171013,-1.0,-1.0,1.0,-1.0,-1.0,0.2986153793171013,-1.0
96460.js,-1.0,1.0,-1.0,-1.0,0.1554174680400523,-1.0,1.0,1.0,-1.0,1.0,0.1554174680400523,0.6805446536716203
96609.js,-1.0,1.0,-1.0,-1.0,0.3789986943934858,-1.0,1.0,1.0,-1.0,1.0,0.3789986943934858,1.0
9680.js,-1.0,1.0,-1.0,-1.0,-1.0,-1.0,-1.0,1.0,-1.0,-1.0,-1.0,-1.0
96866.js,-1.0,1.0,-1.0,-1.0,0.07134520206643413,-1.0,-1.0,1.0,-1.0,-1.0,0.07134520206643413,-1.0
96992.js,-1.0,1.0,-1.0,-1.0,0.5461811769737356,-1.0,0.9692952954736466,1.0,-1.0,0.9961089494163424,0.5461811769737356,-1.0
97023.js,-1.0,1.0,-1.0,-1.0,0.29117453304788204,-1.0,0.9669223820363338,1.0,-1.0,-1.0,0.29117453304788204,-1.0
971.js,-1.0,1.0,-1.0,-1.0,0.16173874084416223,-1.0,1.0,1.0,-1.0,1.0,0.16173874084416223,1.0
97154.js,-1.0,1.0,-1.0,-1.0,0.32590394700028863,-1.0,0.8615521921784256,1.0,-1.0,1.0,0.32590394700028863,0.8615521921784256
97160.js,-1.0,1.0,-1.0,-1.0,0.19084265763920608,-1.0,1.0,1.0,-1.0,-1.0,0.19084265763920608,-1.0
97327.js,-1.0,1.0,-1.0,-1.0,-1.0,-1.0,-1.0,1.0,-1.0,-1.0,-1.0,-1.0
97352.js,-1.0,1.0,-1.0,-1.0,-1.0,-1.0,-1.0,1.0,-1.0,-1.0,-1.0,-1.0
97548.js,-1.0,1.0,-1.0,-1.0,-1.0,-1.0,-1.0,1.0,-1.0,-1.0,-1.0,-1.0
97966.js,-1.0,1.0,-1.0,-1.0,0.5148431663683,-1.0,0.9580321170475256,1.0,-1.0,-1.0,0.5148431663683,-1.0
97999.js,-1.0,1.0,-1.0,-1.0,0.18577668333271666,-1.0,0.9655810287305759,1.0,-1.0,1.0,0.18577668333271666,-1.0
9814.js,-1.0,1.0,-1.0,-1.0,0.22232390249394532,-1.0,1.0,1.0,-1.0,1.0,0.22232390249394532,-1.0
98605.js,-1.0,1.0,-1.0,-1.0,0.22348212152185867,-1.0,1.0,1.0,-1.0,1.0,0.22348212152185867,-1.0
98613.js,-1.0,1.0,-1.0,-1.0,0.17369473597638527,-1.0,1.0,1.0,-1.0,1.0,0.17369473597638527,0.9240616554505461
98791.js,-1.0,1.0,-1.0,-1.0,0.318965719842717,-1.0,-1.0,1.0,-1.0,-1.0,0.318965719842717,-1.0
98837.js,-1.0,1.0,-1.0,-1.0,-1.0,-1.0,-1.0,1.0,-1.0,-1.0,-1.0,-1.0
98858.js,-1.0,1.0,-1.0,-1.0,-1.0,-1.0,-1.0,1.0,-1.0,-1.0,-1.0,-1.0
98893.js,-1.0,1.0,-1.0,-1.0,0.26763518543610687,-1.0,1.0,1.0,-1.0,1.0,0.26763518543610687,-1.0
98898.js,-1.0,1.0,-1.0,-1.0,0.4036215821086899,-1.0,0.9982005395322788,1.0,-1.0,1.0,0.4036215821086899,-1.0
98983.js,-1.0,1.0,-1.0,-1.0,0.39858739994341835,-1.0,0.9821820073972781,1.0,-1.0,1.0,0.39858739994341835,-1.0
99018.js,-1.0,1.0,-1.0,-1.0,0.44815391258797493,-1.0,-1.0,1.0,-1.0,-1.0,0.44815391258797493,-1.0
99031.js,-1.0,1.0,-1.0,-1.0,0.31432908317045705,-1.0,-1.0,1.0,-1.0,-1.0,0.31432908317045705,-1.0
99032.js,-1.0,1.0,-1.0,-1.0,0.464455327527442,-1.0,0.9706795967137768,1.0,-1.0,-1.0,0.464455327527442,-1.0
99044.js,-1.0,1.0,-1.0,-1.0,0.40678120943013046,-1.0,-1.0,1.0,-1.0,-1.0,0.40678120943013046,-1.0
99156.js,-1.0,1.0,-1.0,-1.0,0.19773180522348602,-1.0,0.8287256152776996,1.0,-1.0,1.0,0.19773180522348602,-1.0
99219.js,-1.0,1.0,-1.0,-1.0,-1.0,-1.0,-1.0,1.0,-1.0,-1.0,-1.0,-1.0
99227.js,-1.0,1.0,-1.0,-1.0,-1.0,-1.0,-1.0,1.0,-1.0,-1.0,-1.0,-1.0
99288.js,-1.0,1.0,-1.0,-1.0,0.03152285806473993,-1.0,-1.0,1.0,-1.0,-1.0,0.03152285806473993,-1.0
99502.js,-1.0,1.0,-1.0,-1.0,0.16567557760157167,-1.0,1.0,1.0,-1.0,1.0,0.16567557760157167,1.0
9958.js,-1.0,1.0,-1.0,-1.0,0.13726099121798926,-1.0,1.0,1.0,-1.0,1.0,0.13726099121798926,1.0
99582.js,-1.0,1.0,-1.0,-1.0,0.2826870049415003,-1.0,1.0,1.0,-1.0,1.0,0.2826870049415003,-1.0
99601.js,-1.0,1.0,-1.0,-1.0,0.34822326272405196,-1.0,1.0,1.0,-1.0,1.0,0.34822326272405196,-1.0
99611.js,-1.0,1.0,-1.0,-1.0,0.5433132109944441,-1.0,-1.0,1.0,-1.0,-1.0,0.5433132109944441,-1.0
99912.js,-1.0,1.0,-1.0,-1.0,-1.0,-1.0,-1.0,1.0,-1.0,-1.0,-1.0,-1.0
99925.js,-1.0,1.0,-1.0,-1.0,-1.0,-1.0,-1.0,1.0,-1.0,-1.0,-1.0,-1.0
99957.js,-1.0,1.0,-1.0,-1.0,-1.0,-1.0,-1.0,1.0,-1.0,-1.0,-1.0,-1.0
99986.js,-1.0,1.0,-1.0,-1.0,0.12088642012256096,-1.0,1.0,1.0,-1.0,1.0,0.12088642012256096,1.0
99988.js,-1.0,1.0,-1.0,-1.0,0.10028769511517294,-1.0,1.0,1.0,-1.0,1.0,0.10028769511517294,-1.0
