FileName,rename_unweighted,jsjiami_unweighted,jsjiami_recover_unweighted
10007.js,-1.0,-1.0,-1.0
100217.js,-1.0,-1.0,-1.0
100402.js,-1.0,-1.0,-1.0
100420.js,-1.0,-1.0,-1.0
100516.js,-1.0,-1.0,-1.0
100601.js,-1.0,-1.0,-1.0
100610.js,-1.0,-1.0,-1.0
100691.js,1.0,1.6,1.0
10085.js,-1.0,-1.0,-1.0
100896.js,1.0,1.2307692307692308,1.0
101009.js,1.0,4.0,1.0
101261.js,-1.0,-1.0,-1.0
101576.js,1.0,1.0,-1.0
101611.js,-1.0,-1.0,-1.0
104155.js,1.0,1.75,1.0
104250.js,-1.0,-1.0,-1.0
104310.js,-1.0,-1.0,-1.0
104333.js,-1.0,-1.0,-1.0
104359.js,1.0,2.0,-1.0
104431.js,-1.0,-1.0,-1.0
104510.js,-1.0,-1.0,-1.0
10805.js,-1.0,-1.0,-1.0
11062.js,1.0,1.2,1.0
1111.js,-1.0,-1.0,-1.0
1115.js,-1.0,-1.0,-1.0
11245.js,-1.0,-1.0,-1.0
1130.js,-1.0,-1.0,-1.0
1225.js,-1.0,-1.0,-1.0
1255.js,1.0,1.5,-1.0
12627.js,-1.0,-1.0,-1.0
1263.js,-1.0,-1.0,-1.0
1281.js,1.0,2.0,-1.0
13025.js,-1.0,-1.0,-1.0
13048.js,-1.0,-1.0,-1.0
13070.js,1.0,4.0,1.0
13131.js,-1.0,-1.0,-1.0
13134.js,-1.0,-1.0,-1.0
13201.js,-1.0,-1.0,-1.0
13312.js,1.0,2.5,1.0
13476.js,-1.0,-1.0,-1.0
13501.js,-1.0,-1.0,-1.0
13522.js,-1.0,-1.0,-1.0
13554.js,-1.0,-1.0,-1.0
13560.js,-1.0,-1.0,-1.0
1363.js,-1.0,-1.0,-1.0
13693.js,1.0,1.75,-1.0
138.js,1.0,1.5,1.0
1407.js,1.0,1.375,1.0
14959.js,-1.0,-1.0,-1.0
15193.js,-1.0,-1.0,-1.0
15741.js,-1.0,-1.0,-1.0
15783.js,1.0,1.0,-1.0
1590.js,1.0,1.1428571428571428,-1.0
1616.js,1.0,1.6,-1.0
1689.js,-1.0,-1.0,-1.0
17294.js,1.0,4.0,1.0
17302.js,-1.0,-1.0,-1.0
17395.js,-1.0,-1.0,-1.0
1798.js,-1.0,-1.0,-1.0
1804.js,-1.0,-1.0,-1.0
1836.js,-1.0,-1.0,-1.0
18831.js,1.0,4.0,1.0
18884.js,-1.0,-1.0,-1.0
18887.js,1.0,4.0,1.0
1891.js,-1.0,-1.0,-1.0
19194.js,-1.0,-1.0,-1.0
19199.js,-1.0,-1.0,-1.0
19250.js,-1.0,-1.0,-1.0
19689.js,-1.0,-1.0,-1.0
19742.js,-1.0,-1.0,-1.0
19764.js,1.0,2.5,1.0
1988.js,-1.0,-1.0,-1.0
19942.js,-1.0,-1.0,-1.0
19970.js,1.0,2.0,1.0
19974.js,-1.0,-1.0,-1.0
20055.js,-1.0,-1.0,-1.0
20087.js,1.0,2.5,1.0
20200.js,-1.0,-1.0,-1.0
2023.js,-1.0,-1.0,-1.0
20278.js,-1.0,-1.0,-1.0
20351.js,-1.0,-1.0,-1.0
20358.js,-1.0,-1.0,-1.0
2039.js,-1.0,-1.0,-1.0
20447.js,-1.0,-1.0,-1.0
20458.js,-1.0,-1.0,-1.0
20473.js,1.0,4.0,1.0
20481.js,-1.0,-1.0,-1.0
20524.js,1.0,4.0,1.0
20688.js,-1.0,-1.0,-1.0
2096.js,-1.0,-1.0,-1.0
21.js,1.0,2.5,1.0
2101.js,-1.0,-1.0,-1.0
21166.js,1.0,2.0,-1.0
2122.js,-1.0,-1.0,-1.0
2125.js,-1.0,-1.0,-1.0
21279.js,-1.0,-1.0,-1.0
21552.js,1.0,2.5,1.0
21674.js,-1.0,-1.0,-1.0
21744.js,-1.0,-1.0,-1.0
21789.js,-1.0,-1.0,-1.0
218.js,-1.0,-1.0,-1.0
21808.js,-1.0,-1.0,-1.0
22074.js,-1.0,-1.0,-1.0
22080.js,-1.0,-1.0,-1.0
22366.js,-1.0,-1.0,-1.0
22499.js,1.0,2.0,1.0
22516.js,1.0,2.5,1.0
22586.js,-1.0,-1.0,-1.0
22601.js,-1.0,-1.0,-1.0
23434.js,-1.0,-1.0,-1.0
23633.js,-1.0,-1.0,-1.0
23660.js,-1.0,-1.0,-1.0
23866.js,1.0,1.0,-1.0
23895.js,1.0,1.0,-1.0
23938.js,-1.0,-1.0,-1.0
24171.js,-1.0,-1.0,-1.0
24176.js,-1.0,-1.0,-1.0
24270.js,1.0,1.2,1.0
24347.js,-1.0,-1.0,-1.0
24432.js,-1.0,-1.0,-1.0
24438.js,-1.0,-1.0,-1.0
24506.js,1.0,1.0,-1.0
24615.js,-1.0,-1.0,-1.0
24860.js,1.0,4.0,-1.0
24862.js,1.0,4.0,-1.0
24907.js,1.0,1.6,-1.0
24913.js,1.0,2.5,-1.0
24988.js,-1.0,-1.0,-1.0
25001.js,-1.0,-1.0,-1.0
26383.js,-1.0,-1.0,-1.0
26398.js,-1.0,-1.0,-1.0
26541.js,-1.0,-1.0,-1.0
27178.js,-1.0,-1.0,-1.0
27182.js,-1.0,-1.0,-1.0
27247.js,-1.0,-1.0,-1.0
27258.js,-1.0,-1.0,-1.0
27353.js,-1.0,-1.0,-1.0
27441.js,-1.0,-1.0,-1.0
27443.js,-1.0,-1.0,-1.0
29491.js,-1.0,-1.0,-1.0
300.js,-1.0,-1.0,-1.0
320.js,-1.0,-1.0,-1.0
337.js,-1.0,-1.0,-1.0
39287.js,1.0,1.2727272727272727,1.0
4041.js,1.0,4.0,-1.0
4075.js,1.0,4.0,-1.0
4089.js,-1.0,-1.0,-1.0
4139.js,-1.0,-1.0,-1.0
4165.js,1.0,4.0,-1.0
4307.js,-1.0,-1.0,-1.0
43149.js,-1.0,-1.0,-1.0
44354.js,1.0,1.2727272727272727,1.0
448.js,-1.0,-1.0,-1.0
45485.js,-1.0,-1.0,-1.0
45491.js,-1.0,-1.0,-1.0
45493.js,-1.0,-1.0,-1.0
45502.js,1.0,1.75,-1.0
45505.js,-1.0,-1.0,-1.0
45510.js,-1.0,-1.0,-1.0
45545.js,-1.0,-1.0,-1.0
45639.js,-1.0,-1.0,-1.0
45681.js,-1.0,-1.0,-1.0
45730.js,-1.0,-1.0,-1.0
45919.js,-1.0,-1.0,-1.0
46104.js,-1.0,-1.0,-1.0
46413.js,-1.0,-1.0,-1.0
46432.js,1.0,2.5,1.0
4676.js,1.0,2.0,-1.0
4677.js,-1.0,-1.0,-1.0
46860.js,-1.0,-1.0,-1.0
4698.js,-1.0,-1.0,-1.0
471.js,-1.0,-1.0,-1.0
47113.js,-1.0,-1.0,-1.0
47250.js,-1.0,-1.0,-1.0
473.js,-1.0,-1.0,-1.0
47409.js,-1.0,-1.0,-1.0
4764.js,-1.0,-1.0,-1.0
4861.js,-1.0,-1.0,-1.0
48748.js,-1.0,-1.0,-1.0
48769.js,-1.0,-1.0,-1.0
48940.js,-1.0,-1.0,-1.0
490.js,-1.0,-1.0,-1.0
49416.js,-1.0,-1.0,-1.0
4945.js,-1.0,-1.0,-1.0
49662.js,1.0,4.0,1.0
49663.js,-1.0,-1.0,-1.0
49711.js,1.0,4.0,-1.0
49847.js,-1.0,-1.0,-1.0
4998.js,-1.0,-1.0,-1.0
50055.js,1.0,4.0,-1.0
50084.js,1.0,4.0,-1.0
50130.js,-1.0,-1.0,-1.0
50145.js,1.0,4.0,-1.0
50198.js,-1.0,-1.0,-1.0
50341.js,-1.0,-1.0,-1.0
50345.js,-1.0,-1.0,-1.0
50370.js,-1.0,-1.0,-1.0
50382.js,0.5,2.5,-1.0
50402.js,-1.0,-1.0,-1.0
50435.js,1.0,4.0,-1.0
50441.js,-1.0,-1.0,-1.0
50453.js,1.0,4.0,1.0
50524.js,-1.0,-1.0,-1.0
50529.js,1.0,4.0,1.0
50552.js,-1.0,-1.0,-1.0
50562.js,1.0,4.0,1.0
50570.js,1.0,4.0,1.0
50600.js,-1.0,-1.0,-1.0
50605.js,1.0,4.0,1.0
50635.js,-1.0,-1.0,-1.0
50646.js,-1.0,-1.0,-1.0
50674.js,1.0,4.0,1.0
50693.js,-1.0,-1.0,-1.0
50721.js,1.0,4.0,-1.0
50732.js,1.0,4.0,-1.0
50735.js,-1.0,-1.0,-1.0
50818.js,-1.0,-1.0,-1.0
50889.js,-1.0,-1.0,-1.0
51012.js,-1.0,-1.0,-1.0
51042.js,1.0,1.4285714285714286,1.0
51051.js,1.0,1.75,1.0
51070.js,-1.0,-1.0,-1.0
51083.js,-1.0,-1.0,-1.0
5111.js,-1.0,-1.0,-1.0
51151.js,-1.0,-1.0,-1.0
51153.js,1.0,1.5,1.0
51188.js,-1.0,-1.0,-1.0
5133.js,-1.0,-1.0,-1.0
5134.js,-1.0,-1.0,-1.0
51378.js,-1.0,-1.0,-1.0
51515.js,1.0,1.6,1.0
51603.js,-1.0,-1.0,-1.0
51738.js,-1.0,-1.0,-1.0
5200.js,-1.0,-1.0,-1.0
5213.js,-1.0,-1.0,-1.0
5214.js,-1.0,-1.0,-1.0
5217.js,1.0,2.0,1.0
524.js,-1.0,-1.0,-1.0
5246.js,1.0,1.3,1.0
5259.js,-1.0,-1.0,-1.0
5262.js,-1.0,-1.0,-1.0
52707.js,1.0,1.4285714285714286,-1.0
52733.js,1.0,1.4285714285714286,-1.0
52883.js,1.0,1.3,-1.0
53082.js,-1.0,-1.0,-1.0
53089.js,-1.0,-1.0,-1.0
53097.js,-1.0,-1.0,-1.0
53217.js,-1.0,-1.0,-1.0
5323.js,-1.0,-1.0,-1.0
53346.js,-1.0,-1.0,-1.0
53380.js,-1.0,-1.0,-1.0
53384.js,-1.0,-1.0,-1.0
53399.js,1.0,1.6,-1.0
53473.js,-1.0,-1.0,-1.0
53509.js,-1.0,-1.0,-1.0
53531.js,-1.0,-1.0,-1.0
53628.js,1.0,1.2142857142857142,1.0
53651.js,-1.0,-1.0,-1.0
53741.js,1.0,1.3333333333333333,1.0
53868.js,1.0,1.2307692307692308,-1.0
5394.js,-1.0,-1.0,-1.0
5396.js,1.0,1.065217391304348,-1.0
5403.js,-1.0,-1.0,-1.0
54129.js,1.0,1.1875,1.0
54238.js,-1.0,-1.0,-1.0
5431.js,-1.0,-1.0,-1.0
54354.js,1.0,1.3,1.0
5449.js,-1.0,-1.0,-1.0
54815.js,1.0,1.6,1.0
54874.js,-1.0,-1.0,-1.0
55065.js,-1.0,-1.0,-1.0
55073.js,-1.0,-1.0,-1.0
5525.js,-1.0,-1.0,-1.0
55287.js,1.0,1.3,1.0
55289.js,-1.0,-1.0,-1.0
55350.js,-1.0,-1.0,-1.0
55447.js,1.0,1.0769230769230769,1.0
55483.js,-1.0,-1.0,-1.0
55560.js,1.0,1.2727272727272727,-1.0
55570.js,1.0,1.3333333333333333,1.0
5565.js,1.0,2.0,1.0
55685.js,1.0,1.0365853658536586,1.0
55725.js,-1.0,-1.0,-1.0
55733.js,-1.0,-1.0,-1.0
55856.js,1.0,1.3,1.0
56047.js,-1.0,-1.0,-1.0
56167.js,-1.0,-1.0,-1.0
56216.js,-1.0,-1.0,-1.0
5623.js,-1.0,-1.0,-1.0
56348.js,-1.0,-1.0,-1.0
56372.js,1.0,1.5,1.0
56410.js,1.0,1.2727272727272727,1.0
56418.js,-1.0,-1.0,-1.0
5646.js,-1.0,-1.0,-1.0
56467.js,-1.0,-1.0,-1.0
56478.js,-1.0,-1.0,-1.0
56487.js,-1.0,-1.0,-1.0
5649.js,-1.0,-1.0,-1.0
56547.js,1.0,1.3333333333333333,-1.0
56601.js,1.0,1.375,-1.0
56727.js,-1.0,-1.0,-1.0
56892.js,-1.0,-1.0,-1.0
56923.js,1.0,1.15,-1.0
57025.js,1.0,2.5,1.0
5711.js,-1.0,-1.0,-1.0
57194.js,-1.0,-1.0,-1.0
57223.js,1.0,1.2307692307692308,-1.0
57426.js,-1.0,-1.0,-1.0
57449.js,1.0,2.5,1.0
57455.js,-1.0,-1.0,-1.0
57567.js,1.0,1.0,-1.0
5758.js,1.0,1.375,-1.0
57583.js,1.0,1.1111111111111112,1.0
57617.js,1.0,2.0,-1.0
57698.js,1.0,1.5,1.0
5784.js,-1.0,-1.0,-1.0
57951.js,-1.0,-1.0,-1.0
57964.js,-1.0,-1.0,-1.0
57973.js,-1.0,-1.0,-1.0
58032.js,-1.0,-1.0,-1.0
58229.js,1.0,1.4285714285714286,1.0
58294.js,-1.0,-1.0,-1.0
58412.js,1.0,1.4285714285714286,-1.0
58487.js,-1.0,-1.0,-1.0
58550.js,1.0,1.3,1.0
58570.js,1.0,2.0,1.0
58616.js,-1.0,-1.0,-1.0
58645.js,-1.0,-1.0,-1.0
58685.js,1.0,1.0666666666666667,1.0
5888.js,-1.0,-1.0,-1.0
59012.js,-1.0,-1.0,-1.0
5905.js,1.0,4.0,-1.0
59075.js,-1.0,-1.0,-1.0
59093.js,1.0,2.5,1.0
59099.js,1.0,2.0,1.0
59106.js,1.0,1.1764705882352942,-1.0
59117.js,-1.0,-1.0,-1.0
59156.js,-1.0,-1.0,-1.0
59164.js,-1.0,-1.0,-1.0
59167.js,-1.0,-1.0,-1.0
59261.js,-1.0,-1.0,-1.0
59294.js,-1.0,-1.0,-1.0
59296.js,1.0,1.3,-1.0
59309.js,1.0,1.4285714285714286,1.0
59540.js,1.0,1.6,-1.0
59730.js,-1.0,-1.0,-1.0
59875.js,1.0,1.0,-1.0
6010.js,1.0,4.0,1.0
6014.js,-1.0,-1.0,-1.0
60275.js,-1.0,-1.0,-1.0
60326.js,1.0,2.5,1.0
60393.js,1.0,1.4285714285714286,1.0
60544.js,-1.0,-1.0,-1.0
60633.js,-1.0,-1.0,-1.0
60774.js,-1.0,-1.0,-1.0
60820.js,1.0,2.5,1.0
60881.js,-1.0,-1.0,-1.0
60966.js,-1.0,-1.0,-1.0
61006.js,-1.0,-1.0,-1.0
61022.js,1.0,2.0,1.0
61136.js,-1.0,-1.0,-1.0
61201.js,1.0,1.4285714285714286,1.0
61344.js,-1.0,-1.0,-1.0
61443.js,1.0,1.2,1.0
61603.js,0.8571428571428571,1.4285714285714286,1.0
6162.js,-1.0,-1.0,-1.0
61642.js,1.0,1.375,1.0
61708.js,-1.0,-1.0,-1.0
61733.js,-1.0,-1.0,-1.0
61748.js,-1.0,-1.0,-1.0
6175.js,1.0,2.5,-1.0
61757.js,1.0,1.6,1.0
61844.js,-1.0,-1.0,-1.0
61902.js,1.0,1.1578947368421053,1.0
61980.js,-1.0,-1.0,-1.0
61999.js,1.0,1.25,1.0
62048.js,1.0,1.6,1.0
62225.js,-1.0,-1.0,-1.0
62277.js,1.0,2.0,-1.0
6233.js,-1.0,-1.0,-1.0
62368.js,-1.0,-1.0,-1.0
62461.js,0.75,1.75,1.0
62479.js,1.0,1.09375,-1.0
62696.js,-1.0,-1.0,-1.0
62703.js,-1.0,-1.0,-1.0
62758.js,1.0,1.0535714285714286,1.0
6279.js,1.0,4.0,1.0
62860.js,-1.0,-1.0,-1.0
62914.js,1.0,1.2142857142857142,-1.0
62961.js,-1.0,-1.0,-1.0
62996.js,-1.0,-1.0,-1.0
63048.js,1.0,1.6,1.0
63067.js,-1.0,-1.0,-1.0
63121.js,-1.0,-1.0,-1.0
63155.js,1.0,1.375,1.0
63163.js,-1.0,-1.0,-1.0
63189.js,-1.0,-1.0,-1.0
6329.js,-1.0,-1.0,-1.0
63301.js,1.0,4.0,-1.0
63316.js,-1.0,-1.0,-1.0
634.js,1.0,4.0,1.0
63436.js,-1.0,-1.0,-1.0
63481.js,-1.0,-1.0,-1.0
63520.js,-1.0,-1.0,-1.0
63540.js,-1.0,-1.0,-1.0
63628.js,1.0,1.1764705882352942,1.0
63663.js,-1.0,-1.0,-1.0
63674.js,1.0,1.0128755364806867,-1.0
63698.js,-1.0,-1.0,-1.0
6370.js,1.0,4.0,1.0
63735.js,-1.0,-1.0,-1.0
63757.js,1.0,1.25,1.0
63832.js,-1.0,-1.0,-1.0
63886.js,-1.0,-1.0,-1.0
63991.js,-1.0,-1.0,-1.0
64206.js,1.0,2.5,1.0
6422.js,1.0,4.0,1.0
64381.js,-1.0,-1.0,-1.0
64405.js,-1.0,-1.0,-1.0
64486.js,-1.0,-1.0,-1.0
64731.js,1.0,2.0,1.0
6476.js,1.0,4.0,-1.0
64890.js,-1.0,-1.0,-1.0
64988.js,-1.0,-1.0,-1.0
6500.js,1.0,2.5,-1.0
65036.js,0.9393939393939394,1.0909090909090908,-1.0
65052.js,1.0,-1.0,-1.0
65083.js,-1.0,-1.0,-1.0
65192.js,-1.0,-1.0,-1.0
65219.js,1.0,1.25,-1.0
65234.js,-1.0,-1.0,-1.0
65267.js,1.0,1.3,-1.0
65290.js,-1.0,-1.0,-1.0
65321.js,1.0,1.25,1.0
65545.js,-1.0,-1.0,-1.0
6566.js,-1.0,-1.0,-1.0
65663.js,-1.0,-1.0,-1.0
65828.js,-1.0,-1.0,-1.0
6586.js,1.0,4.0,-1.0
65949.js,-1.0,-1.0,-1.0
66144.js,-1.0,-1.0,-1.0
66199.js,-1.0,-1.0,-1.0
66225.js,1.0,1.25,1.0
66260.js,-1.0,-1.0,-1.0
66323.js,1.0,1.3333333333333333,-1.0
66363.js,1.0,1.4285714285714286,-1.0
66365.js,1.0,1.6,-1.0
66377.js,1.0,1.5,1.0
66394.js,1.0,1.75,1.0
66399.js,1.0,1.75,-1.0
66479.js,-1.0,-1.0,-1.0
66502.js,1.0,2.5,-1.0
66716.js,-1.0,-1.0,-1.0
6682.js,-1.0,-1.0,-1.0
66894.js,-1.0,-1.0,-1.0
6704.js,-1.0,-1.0,-1.0
67717.js,1.0,4.0,1.0
67724.js,1.0,4.0,-1.0
67737.js,1.0,2.5,-1.0
67871.js,-1.0,-1.0,-1.0
67894.js,-1.0,-1.0,-1.0
67918.js,1.0,2.5,1.0
68040.js,1.0,2.0,-1.0
6806.js,1.0,1.4285714285714286,1.0
68139.js,-1.0,-1.0,-1.0
68198.js,-1.0,-1.0,-1.0
68297.js,-1.0,-1.0,-1.0
68505.js,-1.0,-1.0,-1.0
68564.js,-1.0,-1.0,-1.0
68624.js,-1.0,-1.0,-1.0
68647.js,-1.0,-1.0,-1.0
68706.js,1.0,2.5,1.0
68856.js,1.0,2.5,1.0
69433.js,-1.0,-1.0,-1.0
6944.js,-1.0,-1.0,-1.0
69469.js,-1.0,-1.0,-1.0
69578.js,1.0,2.0,1.0
69705.js,1.0,4.0,1.0
6973.js,-1.0,-1.0,-1.0
69826.js,1.0,4.0,-1.0
70143.js,-1.0,-1.0,-1.0
70158.js,-1.0,-1.0,-1.0
70346.js,-1.0,-1.0,-1.0
70353.js,1.0,4.0,1.0
70745.js,-1.0,-1.0,-1.0
70748.js,1.0,4.0,1.0
70840.js,-1.0,-1.0,-1.0
7091.js,-1.0,-1.0,-1.0
71056.js,-1.0,-1.0,-1.0
7124.js,-1.0,-1.0,-1.0
71310.js,-1.0,-1.0,-1.0
71371.js,-1.0,-1.0,-1.0
7156.js,-1.0,-1.0,-1.0
71664.js,-1.0,-1.0,-1.0
7167.js,1.0,4.0,-1.0
71716.js,1.0,1.1578947368421053,1.0
71739.js,-1.0,-1.0,-1.0
71855.js,-1.0,-1.0,-1.0
72068.js,1.0,2.5,1.0
72075.js,-1.0,-1.0,-1.0
72137.js,-1.0,-1.0,-1.0
72227.js,-1.0,-1.0,-1.0
72273.js,1.0,1.1764705882352942,-1.0
72470.js,1.0,2.0,1.0
72620.js,-1.0,-1.0,-1.0
72663.js,-1.0,-1.0,-1.0
7270.js,-1.0,-1.0,-1.0
72841.js,-1.0,-1.0,-1.0
72930.js,-1.0,-1.0,-1.0
72949.js,-1.0,-1.0,-1.0
72951.js,-1.0,-1.0,-1.0
72989.js,-1.0,-1.0,-1.0
72997.js,-1.0,-1.0,-1.0
73020.js,-1.0,-1.0,-1.0
73026.js,-1.0,-1.0,-1.0
73243.js,1.0,2.0,1.0
73244.js,1.0,1.75,-1.0
7325.js,1.0,2.0,1.0
73351.js,-1.0,-1.0,-1.0
73385.js,-1.0,-1.0,-1.0
73402.js,-1.0,-1.0,-1.0
73432.js,1.0,4.0,-1.0
73442.js,1.0,2.5,1.0
73458.js,-1.0,-1.0,-1.0
73506.js,-1.0,-1.0,-1.0
73540.js,-1.0,-1.0,-1.0
73570.js,-1.0,-1.0,-1.0
73592.js,-1.0,-1.0,-1.0
73627.js,-1.0,-1.0,-1.0
73772.js,-1.0,-1.0,-1.0
73790.js,-1.0,-1.0,-1.0
73795.js,-1.0,-1.0,-1.0
738.js,-1.0,-1.0,-1.0
73803.js,-1.0,-1.0,-1.0
73809.js,-1.0,-1.0,-1.0
73836.js,-1.0,-1.0,-1.0
73839.js,-1.0,-1.0,-1.0
73943.js,-1.0,-1.0,-1.0
73946.js,-1.0,-1.0,-1.0
73964.js,-1.0,-1.0,-1.0
74047.js,-1.0,-1.0,-1.0
74079.js,-1.0,-1.0,-1.0
74119.js,-1.0,-1.0,-1.0
74220.js,-1.0,-1.0,-1.0
74229.js,-1.0,-1.0,-1.0
74239.js,-1.0,-1.0,-1.0
74275.js,-1.0,-1.0,-1.0
74281.js,-1.0,-1.0,-1.0
74289.js,-1.0,-1.0,-1.0
74293.js,-1.0,-1.0,-1.0
74294.js,-1.0,-1.0,-1.0
74363.js,-1.0,-1.0,-1.0
74386.js,-1.0,-1.0,-1.0
74448.js,-1.0,-1.0,-1.0
74507.js,-1.0,-1.0,-1.0
74521.js,-1.0,-1.0,-1.0
74578.js,-1.0,-1.0,-1.0
74588.js,-1.0,-1.0,-1.0
74617.js,-1.0,-1.0,-1.0
74638.js,-1.0,-1.0,-1.0
74685.js,-1.0,-1.0,-1.0
74690.js,-1.0,-1.0,-1.0
74771.js,-1.0,-1.0,-1.0
7487.js,-1.0,-1.0,-1.0
7496.js,-1.0,-1.0,-1.0
75102.js,-1.0,-1.0,-1.0
75107.js,-1.0,-1.0,-1.0
75184.js,-1.0,-1.0,-1.0
75237.js,-1.0,-1.0,-1.0
75273.js,-1.0,-1.0,-1.0
75299.js,-1.0,-1.0,-1.0
75611.js,-1.0,-1.0,-1.0
75651.js,-1.0,-1.0,-1.0
75809.js,-1.0,-1.0,-1.0
75829.js,-1.0,-1.0,-1.0
75852.js,-1.0,-1.0,-1.0
75988.js,-1.0,-1.0,-1.0
7612.js,-1.0,-1.0,-1.0
76140.js,-1.0,-1.0,-1.0
76186.js,-1.0,-1.0,-1.0
76195.js,-1.0,-1.0,-1.0
76321.js,-1.0,-1.0,-1.0
7634.js,-1.0,-1.0,-1.0
76359.js,-1.0,-1.0,-1.0
7636.js,-1.0,-1.0,-1.0
76391.js,-1.0,-1.0,-1.0
76400.js,-1.0,-1.0,-1.0
76669.js,-1.0,-1.0,-1.0
76686.js,-1.0,-1.0,-1.0
7670.js,-1.0,-1.0,-1.0
76895.js,-1.0,-1.0,-1.0
7691.js,-1.0,-1.0,-1.0
77100.js,-1.0,-1.0,-1.0
7745.js,1.0,1.2307692307692308,1.0
7775.js,1.0,4.0,-1.0
79573.js,-1.0,-1.0,-1.0
79736.js,-1.0,-1.0,-1.0
79754.js,-1.0,-1.0,-1.0
79783.js,1.0,1.6,1.0
79806.js,1.0,1.25,1.0
79827.js,1.0,1.4285714285714286,1.0
79838.js,-1.0,-1.0,-1.0
79855.js,-1.0,-1.0,-1.0
79897.js,-1.0,-1.0,-1.0
79935.js,-1.0,-1.0,-1.0
79940.js,-1.0,-1.0,-1.0
80024.js,-1.0,-1.0,-1.0
80045.js,1.0,1.008849557522124,-1.0
80055.js,1.0,1.3,-1.0
80121.js,1.0,2.0,1.0
80142.js,-1.0,-1.0,-1.0
80144.js,-1.0,-1.0,-1.0
80212.js,-1.0,-1.0,-1.0
80227.js,-1.0,-1.0,-1.0
80280.js,-1.0,-1.0,-1.0
80314.js,-1.0,-1.0,-1.0
80348.js,-1.0,-1.0,-1.0
80349.js,-1.0,-1.0,-1.0
80373.js,-1.0,-1.0,-1.0
80408.js,-1.0,-1.0,-1.0
80509.js,-1.0,-1.0,-1.0
80522.js,-1.0,-1.0,-1.0
80559.js,-1.0,-1.0,-1.0
80694.js,-1.0,-1.0,-1.0
80761.js,1.0,2.5,1.0
80781.js,1.0,2.0,-1.0
80919.js,-1.0,-1.0,-1.0
81210.js,-1.0,-1.0,-1.0
81329.js,-1.0,-1.0,-1.0
81381.js,1.0,1.3333333333333333,1.0
81439.js,1.0,1.75,1.0
81520.js,-1.0,-1.0,-1.0
81524.js,-1.0,-1.0,-1.0
81531.js,-1.0,-1.0,-1.0
81543.js,-1.0,-1.0,-1.0
81582.js,-1.0,-1.0,-1.0
81583.js,1.0,2.5,-1.0
82079.js,1.0,1.4285714285714286,-1.0
82121.js,1.0,1.6,1.0
82363.js,1.0,1.4285714285714286,-1.0
82367.js,-1.0,-1.0,-1.0
82430.js,-1.0,-1.0,-1.0
82492.js,-1.0,-1.0,-1.0
82510.js,1.0,1.4285714285714286,-1.0
82540.js,-1.0,-1.0,-1.0
82642.js,-1.0,-1.0,-1.0
82701.js,-1.0,-1.0,-1.0
82739.js,-1.0,-1.0,-1.0
82803.js,-1.0,-1.0,-1.0
82835.js,1.0,2.5,-1.0
82848.js,1.0,2.0,-1.0
82877.js,-1.0,-1.0,-1.0
82921.js,-1.0,-1.0,-1.0
82945.js,-1.0,-1.0,-1.0
82951.js,1.0,2.5,1.0
82964.js,-1.0,-1.0,-1.0
83022.js,1.0,2.0,-1.0
83042.js,1.0,2.5,1.0
83089.js,-1.0,-1.0,-1.0
83096.js,1.0,1.2727272727272727,-1.0
83152.js,-1.0,-1.0,-1.0
83154.js,1.0,2.5,1.0
83197.js,-1.0,-1.0,-1.0
83217.js,-1.0,-1.0,-1.0
83287.js,1.0,2.5,1.0
83302.js,-1.0,-1.0,-1.0
83401.js,-1.0,-1.0,-1.0
83433.js,-1.0,-1.0,-1.0
83466.js,-1.0,-1.0,-1.0
83488.js,1.0,2.5,-1.0
83510.js,1.0,2.5,1.0
83524.js,-1.0,-1.0,-1.0
83553.js,-1.0,-1.0,-1.0
83582.js,1.0,2.5,1.0
83602.js,-1.0,-1.0,-1.0
83628.js,1.0,2.5,1.0
83697.js,-1.0,-1.0,-1.0
83708.js,-1.0,-1.0,-1.0
83724.js,-1.0,-1.0,-1.0
83803.js,1.0,2.5,-1.0
83869.js,-1.0,-1.0,-1.0
83881.js,1.0,1.6,1.0
83941.js,1.0,2.5,-1.0
84008.js,1.0,1.75,-1.0
84067.js,-1.0,-1.0,-1.0
84075.js,1.0,2.0,1.0
8420.js,-1.0,-1.0,-1.0
84248.js,1.0,1.0612244897959184,-1.0
84253.js,-1.0,-1.0,-1.0
84574.js,-1.0,-1.0,-1.0
84607.js,-1.0,-1.0,-1.0
84651.js,-1.0,-1.0,-1.0
84696.js,-1.0,-1.0,-1.0
84720.js,-1.0,-1.0,-1.0
84732.js,-1.0,-1.0,-1.0
84770.js,-1.0,-1.0,-1.0
84824.js,-1.0,-1.0,-1.0
84841.js,-1.0,-1.0,-1.0
84966.js,1.0,1.2727272727272727,-1.0
84993.js,-1.0,-1.0,-1.0
84997.js,-1.0,-1.0,-1.0
85263.js,-1.0,-1.0,-1.0
85375.js,-1.0,-1.0,-1.0
85565.js,-1.0,-1.0,-1.0
85601.js,-1.0,-1.0,-1.0
85630.js,-1.0,-1.0,-1.0
85675.js,-1.0,-1.0,-1.0
85769.js,1.0,2.0,1.0
85776.js,1.0,2.0,1.0
85945.js,-1.0,-1.0,-1.0
86050.js,1.0,1.6,1.0
86052.js,-1.0,-1.0,-1.0
86060.js,1.0,1.3333333333333333,1.0
86065.js,1.0,1.6,1.0
86142.js,-1.0,-1.0,-1.0
86222.js,-1.0,-1.0,-1.0
86243.js,-1.0,-1.0,-1.0
86282.js,-1.0,-1.0,-1.0
86298.js,-1.0,-1.0,-1.0
86313.js,-1.0,-1.0,-1.0
86374.js,-1.0,-1.0,-1.0
86416.js,-1.0,-1.0,-1.0
86436.js,1.0,2.5,1.0
86441.js,-1.0,-1.0,-1.0
86484.js,-1.0,-1.0,-1.0
86504.js,1.0,1.0,-1.0
86507.js,1.0,2.5,1.0
86511.js,-1.0,-1.0,-1.0
86550.js,-1.0,-1.0,-1.0
86633.js,-1.0,-1.0,-1.0
86715.js,1.0,2.5,1.0
86735.js,1.0,1.75,1.0
86737.js,-1.0,-1.0,-1.0
86832.js,1.0,1.375,1.0
86834.js,-1.0,-1.0,-1.0
8684.js,-1.0,-1.0,-1.0
86904.js,-1.0,-1.0,-1.0
86969.js,1.0,1.5,1.0
87389.js,1.0,4.0,1.0
87524.js,-1.0,-1.0,-1.0
87656.js,-1.0,-1.0,-1.0
87741.js,1.0,2.5,1.0
87771.js,-1.0,-1.0,-1.0
87950.js,1.0,2.5,1.0
87981.js,-1.0,-1.0,-1.0
88026.js,1.0,4.0,-1.0
88048.js,-1.0,-1.0,-1.0
88276.js,-1.0,-1.0,-1.0
88338.js,1.0,2.0,1.0
8835.js,-1.0,-1.0,-1.0
88368.js,1.0,1.2727272727272727,1.0
88465.js,-1.0,-1.0,-1.0
88546.js,-1.0,-1.0,-1.0
88562.js,1.0,1.375,-1.0
88593.js,-1.0,-1.0,-1.0
88669.js,1.0,2.0,1.0
88800.js,1.0,1.4285714285714286,-1.0
88889.js,1.0,2.0,-1.0
8919.js,-1.0,-1.0,-1.0
89498.js,-1.0,-1.0,-1.0
89559.js,1.0,4.0,1.0
898.js,-1.0,-1.0,-1.0
89812.js,-1.0,-1.0,-1.0
90125.js,-1.0,-1.0,-1.0
90247.js,-1.0,-1.0,-1.0
90423.js,-1.0,-1.0,-1.0
90882.js,-1.0,-1.0,-1.0
90957.js,-1.0,-1.0,-1.0
90997.js,1.0,2.5,1.0
91037.js,-1.0,-1.0,-1.0
91212.js,-1.0,-1.0,-1.0
91294.js,-1.0,-1.0,-1.0
91329.js,-1.0,-1.0,-1.0
91361.js,-1.0,-1.0,-1.0
91446.js,1.0,2.0,1.0
91641.js,-1.0,-1.0,-1.0
91654.js,-1.0,-1.0,-1.0
91677.js,1.0,1.6,1.0
92077.js,1.0,1.6,-1.0
92320.js,-1.0,-1.0,-1.0
92366.js,-1.0,-1.0,-1.0
92546.js,1.0,1.4285714285714286,-1.0
9261.js,-1.0,-1.0,-1.0
93086.js,-1.0,-1.0,-1.0
93155.js,-1.0,-1.0,-1.0
93297.js,-1.0,-1.0,-1.0
933.js,-1.0,-1.0,-1.0
93316.js,-1.0,-1.0,-1.0
93418.js,-1.0,-1.0,-1.0
93590.js,-1.0,-1.0,-1.0
93597.js,-1.0,-1.0,-1.0
9375.js,-1.0,-1.0,-1.0
93824.js,1.0,1.0731707317073171,-1.0
93974.js,-1.0,-1.0,-1.0
93975.js,-1.0,-1.0,-1.0
93979.js,1.0,1.3333333333333333,-1.0
94051.js,1.0,1.0555555555555556,-1.0
94154.js,-1.0,-1.0,-1.0
94197.js,-1.0,-1.0,-1.0
94320.js,1.0,4.0,1.0
94743.js,-1.0,-1.0,-1.0
94926.js,-1.0,-1.0,-1.0
94937.js,1.0,1.4285714285714286,1.0
95121.js,1.0,4.0,-1.0
95176.js,-1.0,-1.0,-1.0
95177.js,1.0,4.0,-1.0
95188.js,1.0,4.0,1.0
95192.js,-1.0,-1.0,-1.0
95219.js,-1.0,-1.0,-1.0
95239.js,1.0,4.0,-1.0
95281.js,-1.0,-1.0,-1.0
95304.js,1.0,4.0,1.0
95405.js,-1.0,-1.0,-1.0
95435.js,-1.0,-1.0,-1.0
95511.js,1.0,1.1764705882352942,1.0
95523.js,-1.0,-1.0,-1.0
95572.js,-1.0,-1.0,-1.0
95679.js,-1.0,-1.0,-1.0
95694.js,-1.0,-1.0,-1.0
95721.js,-1.0,-1.0,-1.0
95745.js,1.0,4.0,1.0
95768.js,1.0,4.0,-1.0
9587.js,-1.0,-1.0,-1.0
95904.js,-1.0,-1.0,-1.0
95931.js,-1.0,-1.0,-1.0
95998.js,-1.0,-1.0,-1.0
96010.js,1.0,1.5,1.0
96081.js,-1.0,-1.0,-1.0
96123.js,-1.0,-1.0,-1.0
96227.js,-1.0,-1.0,-1.0
96231.js,-1.0,-1.0,-1.0
9627.js,-1.0,-1.0,-1.0
96273.js,-1.0,-1.0,-1.0
96286.js,1.0,1.6,1.0
9633.js,-1.0,-1.0,-1.0
96349.js,-1.0,-1.0,-1.0
96402.js,-1.0,-1.0,-1.0
96412.js,1.0,1.5,1.0
96460.js,1.0,1.6,1.0
96628.js,-1.0,-1.0,-1.0
96629.js,-1.0,-1.0,-1.0
96632.js,-1.0,-1.0,-1.0
96733.js,-1.0,-1.0,-1.0
96992.js,1.0,1.75,-1.0
97008.js,-1.0,-1.0,-1.0
97015.js,-1.0,-1.0,-1.0
97018.js,-1.0,-1.0,-1.0
97023.js,1.0,1.4285714285714286,1.0
97154.js,1.0,2.5,1.0
97238.js,-1.0,-1.0,-1.0
97548.js,-1.0,-1.0,-1.0
97844.js,-1.0,-1.0,-1.0
97865.js,-1.0,-1.0,-1.0
97887.js,-1.0,-1.0,-1.0
97965.js,-1.0,-1.0,-1.0
97966.js,1.0,1.3333333333333333,1.0
97999.js,1.0,1.75,1.0
9814.js,1.0,4.0,1.0
98376.js,-1.0,-1.0,-1.0
98573.js,-1.0,-1.0,-1.0
98605.js,1.0,1.4285714285714286,1.0
98660.js,-1.0,-1.0,-1.0
98837.js,-1.0,-1.0,-1.0
98850.js,-1.0,-1.0,-1.0
98858.js,-1.0,-1.0,-1.0
98878.js,-1.0,-1.0,-1.0
98893.js,1.0,1.5,1.0
98898.js,1.0,1.375,1.0
98963.js,-1.0,-1.0,-1.0
99018.js,1.0,1.3333333333333333,-1.0
99031.js,1.0,1.4285714285714286,-1.0
99032.js,1.0,1.2727272727272727,-1.0
99044.js,1.0,1.3,-1.0
99092.js,-1.0,-1.0,-1.0
99152.js,-1.0,-1.0,-1.0
99502.js,1.0,2.5,1.0
9958.js,1.0,4.0,1.0
99611.js,1.0,1.1764705882352942,-1.0
99759.js,-1.0,-1.0,-1.0
99805.js,-1.0,-1.0,-1.0
99912.js,-1.0,-1.0,-1.0
