FileName,jsjiami_unweighted_old,jsjiami_unweighted,jsjiami_recover_unweighted_old,jsjiami_recover_unweighted
10007.js,0.4338235294117647,0.43589223723721,0.6272288912583204,0.5788077248559673
100111.js,-1.0,-1.0,-1.0,-1.0
100217.js,-1.0,-1.0,-1.0,-1.0
100402.js,-1.0,-1.0,-1.0,-1.0
100420.js,-1.0,-1.0,-1.0,-1.0
100516.js,0.54915531079096,0.4940983520393731,0.5498113458084207,0.638862339996998
100601.js,-1.0,-1.0,-1.0,-1.0
100610.js,-1.0,-1.0,-1.0,-1.0
100691.js,0.42976369493381883,0.3762333183465121,0.5160661630703737,0.5886901361934788
10085.js,-1.0,-1.0,-1.0,-1.0
100896.js,0.5479944475976151,0.4528487857140193,0.4570269739786432,0.5768299699
101009.js,1.0,0.19462473604038075,0.37529331252040077,1.0
101261.js,0.4096266733795683,0.36188558929814757,0.35670027159622814,0.5518518105610333
101576.js,1.0,1.0,1.0,1.0
101611.js,-1.0,-1.0,-1.0,-1.0
102055.js,0.2102353324910547,0.19900743804199783,0.6123724356957946,0.7826237921249264
102202.js,0.1889822365046136,0.17631812981527,0.7216878364870323,0.7216878364870323
104155.js,0.3650942876334266,0.33081081854342315,0.510527470242631,0.6047078979069521
104250.js,0.5218865252122433,0.41628019648606546,0.42085199348037344,0.5407650988831487
104310.js,-1.0,-1.0,-1.0,-1.0
104333.js,0.5615133416826303,0.4409505482467614,0.4738066970035767,0.627168602403258
104359.js,0.5370224368241068,0.4578273535594224,-1.0,0.5774388894547795
104431.js,0.5877002397338558,0.5079635174749383,0.5255227762706548,0.6237938490344254
104510.js,0.6551054036254625,0.46479641217678813,0.476263034249636,0.6747368690610746
10485.js,-1.0,-1.0,-1.0,-1.0
10805.js,-1.0,-1.0,-1.0,-1.0
10884.js,-1.0,-1.0,-1.0,-1.0
11062.js,0.6658349131346742,0.5878538776275501,0.6369412225912846,0.7605615515607493
1111.js,0.592598313923154,0.52230061024389,0.6681830074676633,0.7452413135250994
1115.js,0.5188572589322774,0.48374383424080136,0.413653852981518,0.4828582280160388
11216.js,-1.0,-1.0,-1.0,-1.0
11245.js,-1.0,-1.0,-1.0,-1.0
1130.js,-1.0,-1.0,-1.0,-1.0
11429.js,0.49769174231796226,0.4782278706466677,0.6039868454933643,0.6484855122483151
1225.js,0.6058389854656864,0.545112551744441,0.5890629701620008,0.6827180049382298
12339.js,-1.0,-1.0,-1.0,-1.0
12476.js,-1.0,-1.0,-1.0,-1.0
1255.js,0.5605869109792716,0.4544565881883851,0.528429301251276,0.7180617249077063
12627.js,0.5821822356407036,0.5301216100817044,0.634254957405895,0.6881123757766691
1263.js,-1.0,-1.0,-1.0,-1.0
1281.js,0.5962324174563287,0.5092683708246454,0.5203623692247205,0.608966250258143
13025.js,0.4698436867388789,0.3962720528736322,0.6223784555853381,0.8590539918613641
13048.js,0.43372665571900015,0.36217963646349016,0.6529286250990105,0.9048645778823592
13070.js,0.9591663046625439,0.282842712474619,0.49613893835683387,0.9591663046625439
13131.js,0.3576408488192953,0.33166247903553997,0.6177432843242373,-1.0
13134.js,0.43319888204508766,0.35341536466937484,0.4265529343797823,0.7489308618940975
13201.js,0.42152091588164103,0.36959261324273435,0.5511070751355519,0.6506195976189627
13312.js,0.3772808497506149,0.3523084048404354,0.48576827737528583,0.5990422978731538
13476.js,0.3319911746852412,0.3195175377505382,0.6864064729836441,0.7063064336961281
13501.js,0.3451183851258305,0.31661277257078557,0.6864064729836441,0.7063064336961281
13522.js,0.3396831102433787,0.31589887589559384,0.6864064729836441,0.6864064729836441
13554.js,1.0,1.0,1.0,1.0
13560.js,0.4566296511374095,0.35993089990019206,0.4806805852526056,0.6506683853846716
1363.js,-1.0,-1.0,-1.0,-1.0
13693.js,0.45581888395185716,0.4435524480514142,0.8326739387426164,0.8651809126974002
138.js,0.6103065421607243,0.545895903027294,0.5942556782572574,0.6930222435846859
1407.js,0.4892901935485829,0.46510878400342154,0.4902648365990073,0.5183411879910561
14959.js,1.0,1.0,1.0,1.0
14977.js,1.0,0.45226701686664544,0.45226701686664544,1.0
15193.js,1.0,1.0,1.0,1.0
15741.js,1.0,1.0,1.0,1.0
15783.js,0.5714285714285714,0.5714285714285714,0.5714285714285714,0.5714285714285714
1590.js,0.5994533232787619,0.5524184321323491,-1.0,-1.0
1616.js,0.5784419843427032,0.5169515184340335,0.5380905359300854,0.6062841508772326
1689.js,-1.0,-1.0,-1.0,-1.0
17034.js,1.0,1.0,1.0,1.0
17041.js,1.0,1.0,1.0,1.0
17294.js,0.6384423980690614,0.18398330652094833,0.2561358820277077,0.6384423980690614
17302.js,1.0,1.0,1.0,1.0
17395.js,-1.0,-1.0,-1.0,-1.0
17569.js,0.10141851056742199,0.12344267996967354,1.0,0.6761234037828132
1798.js,-1.0,-1.0,-1.0,-1.0
1804.js,-1.0,-1.0,-1.0,-1.0
1836.js,-1.0,-1.0,-1.0,-1.0
18831.js,0.49412640823862275,0.40786244847753844,0.5090278103806222,0.6595027802594725
18884.js,0.5063033103498311,0.4543556144588112,0.5837823967819283,0.6976532089799344
18887.js,0.5114809706645144,0.43650732392664976,0.5189394449518459,0.6804727251769879
1891.js,-1.0,-1.0,-1.0,-1.0
19194.js,0.382028723980208,0.341249666748535,0.6285393610547089,0.9629629629629629
19199.js,0.6611893494121082,0.4466468825771256,0.5189417233780385,0.8525206472344534
19250.js,-1.0,-1.0,-1.0,-1.0
19689.js,-1.0,-1.0,-1.0,-1.0
19742.js,1.0,1.0,1.0,1.0
19764.js,0.5138665425277382,0.4963099126672413,0.6519456811446811,0.7465089026901592
1988.js,0.4969124919176444,0.48161464130764703,0.5178312794598465,0.5513179784348925
19942.js,0.49365724849494175,0.4895604370122276,0.814517543415082,0.8259099504401415
19970.js,0.4537093826396549,0.42155733940829815,0.5662313721553172,0.635998728003816
19974.js,0.4912653423781008,0.4688620223704167,0.5885488788398021,0.6120401995159958
20055.js,0.4385134366138728,0.44187374197405516,0.6349812749303676,0.6273764344284781
20087.js,0.512592350463457,0.47378917016529076,0.7671455149152694,0.7466846138618736
20200.js,-1.0,-1.0,-1.0,-1.0
2023.js,-1.0,-1.0,-1.0,-1.0
20278.js,1.0,1.0,1.0,1.0
20351.js,0.3263807066703995,0.27156181505873267,0.4573419124593349,0.7519206177414045
20358.js,0.33575956834390847,0.282921312646339,0.40389034790078004,0.8224396186997113
2039.js,-1.0,-1.0,-1.0,-1.0
20447.js,0.33371907505060533,0.31013193673309136,0.608511063404532,0.608511063404532
20458.js,0.37968989510078377,0.31960138605029653,0.49582120605504526,0.634795895148782
20473.js,0.37417352592858233,0.2980540977541438,0.4220534530833175,0.6487491201346025
20481.js,0.3504998186163908,0.3336424046406527,0.4885042104591972,0.5276448530110863
20524.js,0.3287610565978418,0.3019298199277709,0.6577935144802719,0.6577935144802719
20688.js,0.4676380012435252,0.45169470114724225,0.6054758337222674,0.6314040674128691
2096.js,-1.0,-1.0,-1.0,-1.0
21.js,0.5266972292480777,0.5286568887912632,0.5305537993786001,0.5315127093205839
2101.js,-1.0,-1.0,-1.0,-1.0
21166.js,0.4679370666965094,0.4517471324735921,0.8551110042132816,0.840492644913007
2122.js,-1.0,-1.0,-1.0,-1.0
2125.js,-1.0,-1.0,-1.0,-1.0
21279.js,-1.0,-1.0,-1.0,-1.0
21552.js,0.4236093433535166,0.39243640270526536,0.6520393235864732,0.6520393235864732
21674.js,0.2193817272381392,0.2080125735844609,0.8040302522073697,0.8040302522073697
21744.js,0.2603778219616477,0.23145502494313785,0.5773502691896257,0.8486684247915055
21789.js,0.22360679774997896,0.21821789023599236,0.8040302522073697,0.8040302522073697
218.js,0.6979734738536546,0.5848336035539382,0.6114977133548253,0.7491463540698073
21808.js,0.23284515771189987,0.21320071635561041,0.8040302522073697,0.8040302522073697
22074.js,0.48364246567281094,0.47296062867050725,0.6272925433634212,0.6334307917217433
22080.js,0.49137331423993574,0.4830562117099593,0.6960115361312843,0.7100837803370506
22366.js,0.4328225498697881,0.4057145436492438,0.715581398296974,0.7278144450826871
22499.js,0.4800153607373193,0.45950374864049015,0.6573492427977321,0.699259856097678
22516.js,0.5187557724858725,0.5009020894156835,0.6700914726605537,0.6649293550088461
22586.js,0.442939211093979,0.3878987617119057,0.6210590034081188,0.7418318309487705
22601.js,0.46825245223363227,0.44662980013443065,0.6834301871819679,0.6553801504889959
23434.js,0.8703882797784892,0.3144140727612662,0.4402254531628119,0.8703882797784892
23633.js,-1.0,-1.0,-1.0,-1.0
23660.js,1.0,0.5103103630798288,0.5103103630798288,1.0
23866.js,1.0,0.5103103630798288,0.5103103630798288,1.0
23895.js,1.0,0.5103103630798288,0.5103103630798288,1.0
23938.js,0.9797958971132713,0.7462185372015077,0.6324555320336759,0.6324555320336759
24171.js,1.0,1.0,1.0,1.0
24176.js,0.34977965041189135,0.3293501744756828,0.917463421851129,-1.0
24270.js,0.5782873088397665,0.5045869848981968,0.5526958280435147,0.709412570288236
24292.js,0.25699812243379877,0.27031025295064476,0.3941203906840411,0.3192211990345307
24340.js,0.2458445859472208,0.23629973222959152,0.3692744729379982,0.8181818181818182
24347.js,0.37037555468977446,0.360537469000769,0.6073937153988942,0.6073937153988942
24371.js,0.3540141667442247,0.3370361710776118,0.4297588526078306,0.4811252243246881
24432.js,0.5820855000871991,0.44556639433950346,0.6040686963408963,0.7448452997421311
24438.js,0.48801561674960797,0.4513702962229503,0.581470418729523,0.669042329269638
24506.js,0.3641382774206427,0.32954102182865386,0.8718127501157389,0.9583333333333334
24615.js,0.4756363960460635,0.40206805453677713,0.5519037064102987,0.8280086818880266
24860.js,0.5507835008603895,0.4682651738968304,0.5067069653814235,0.6290245103533908
24862.js,0.5520176648479173,0.43767775825804395,0.4696462739607978,0.6212382261834989
24907.js,0.6302421069590115,0.5164753761418319,0.5285352905124228,0.6486214706721323
24913.js,0.4908790553924815,0.4016778378213112,0.44279420976793193,0.5853507195673464
2496.js,0.20739033894608505,0.2,0.472455591261534,0.472455591261534
24988.js,-1.0,-1.0,-1.0,-1.0
25001.js,-1.0,-1.0,-1.0,-1.0
26383.js,-1.0,-1.0,-1.0,-1.0
26398.js,-1.0,-1.0,-1.0,-1.0
26541.js,-1.0,-1.0,-1.0,-1.0
2656.js,0.35892848432904445,0.3272295758553762,0.5242965552319167,0.6351073488299558
27178.js,-1.0,-1.0,-1.0,-1.0
27182.js,-1.0,-1.0,-1.0,-1.0
27247.js,-1.0,-1.0,-1.0,-1.0
27258.js,-1.0,-1.0,-1.0,-1.0
27353.js,-1.0,-1.0,-1.0,-1.0
27441.js,-1.0,-1.0,-1.0,-1.0
27443.js,-1.0,-1.0,-1.0,-1.0
28688.js,0.49924726537690073,0.4496445542360021,0.542282389159539,0.7194422834315752
28808.js,0.49343059383913107,0.4385587595948434,0.5404595860553039,0.7107214486154393
29258.js,0.5052746136433719,0.4329717956806225,0.5810103308397406,0.6352162959701053
29491.js,0.65625,0.5477895125858748,0.5804433138326061,0.7360840388666621
29533.js,0.5254938542453881,0.45873490213598356,0.5885574975382131,0.6576267002770807
29651.js,0.49631336769748996,0.4262794022032839,0.5265098886067064,0.6352162959701053
29913.js,-1.0,-1.0,-1.0,-1.0
300.js,-1.0,-1.0,-1.0,-1.0
30403.js,-1.0,-1.0,-1.0,-1.0
3062.js,0.27888667551135854,0.26326209505561055,0.29277002188455997,0.3535533905932738
30876.js,-1.0,-1.0,-1.0,-1.0
30894.js,-1.0,-1.0,-1.0,-1.0
320.js,-1.0,-1.0,-1.0,-1.0
32279.js,-1.0,-1.0,-1.0,-1.0
32369.js,-1.0,-1.0,-1.0,-1.0
32556.js,-1.0,-1.0,-1.0,-1.0
32745.js,-1.0,-1.0,-1.0,-1.0
32843.js,-1.0,-1.0,-1.0,-1.0
32846.js,-1.0,-1.0,-1.0,-1.0
33031.js,-1.0,-1.0,-1.0,-1.0
3354.js,0.238667185252719,0.20652851724645427,0.8040302522073697,0.647150228929434
337.js,-1.0,-1.0,-1.0,-1.0
34209.js,-1.0,-1.0,-1.0,-1.0
34522.js,-1.0,-1.0,-1.0,-1.0
34526.js,-1.0,-1.0,-1.0,-1.0
34553.js,-1.0,-1.0,-1.0,-1.0
34631.js,-1.0,-1.0,-1.0,-1.0
34651.js,-1.0,-1.0,-1.0,-1.0
34903.js,-1.0,-1.0,-1.0,-1.0
34947.js,-1.0,-1.0,-1.0,-1.0
35829.js,-1.0,-1.0,-1.0,-1.0
36516.js,-1.0,-1.0,-1.0,-1.0
3659.js,0.20115274729832736,0.18802535827258873,0.7559289460184544,0.7559289460184544
3718.js,0.35729480050524814,0.3285021599088021,0.26967994498529685,0.296683051981965
37277.js,-1.0,-1.0,-1.0,-1.0
37699.js,-1.0,-1.0,-1.0,-1.0
38411.js,-1.0,-1.0,-1.0,-1.0
38607.js,-1.0,-1.0,-1.0,-1.0
38617.js,-1.0,-1.0,-1.0,-1.0
38815.js,0.4814946913935923,0.44811774319169484,0.5536205293892904,0.6352162959701053
38970.js,0.5042548858357878,0.4527455879086606,0.5404595860553039,0.7284922276531108
39287.js,0.651678382385265,0.5628590807898424,0.5993109149214744,0.7259099126834695
4041.js,0.5687268355786063,0.5321322993768163,0.568288346140775,0.633105310033134
40486.js,0.5012323517972443,0.4385587595948434,0.5248410733513448,0.6464599351554542
4075.js,0.6155565806605146,0.5361154994073273,0.546323728109192,0.6306409483143167
4089.js,0.23145502494313785,0.228747855498907,0.8888888888888888,0.6885303726590963
41351.js,0.4887356193828627,0.44071032815756844,0.5785005552584888,0.6583225748013584
4139.js,0.7287096923661733,0.6125200078021524,0.6261503195752195,0.7474671026905699
4165.js,0.5196406296152579,0.49823207893519394,0.5373940792297405,0.5668640822876476
41759.js,0.4953468363660058,0.4567136356244625,0.5940683731875563,0.6464599351554542
42622.js,0.5115771579541613,0.4643985104794606,0.5490953875836762,0.6576267002770807
42722.js,0.49924726537690073,0.43998962394980895,0.5967872357821932,0.6407641418804345
42892.js,0.48689480071615676,0.4519643179772631,0.5404595860553039,0.6464599351554542
4307.js,0.5259547057403532,0.4472135954999579,0.5682229830714048,0.6935498903335502
43149.js,0.6430572539051573,0.5348275467760657,0.5696588727310389,0.7211680340484687
43898.js,0.4771292822271742,0.4519643179772631,0.5536205293892904,0.6352162959701053
44169.js,0.5557942554235333,0.47368468976175,0.5462412913535083,0.6783175216037546
44354.js,0.6418450808124422,0.5386540040325908,0.5654408551349448,0.7361555654441468
44431.js,0.5022338160360663,0.43927244397191534,0.5913863352318782,0.6352162959701053
44471.js,0.479734193025852,0.4385587595948434,0.5199282562769257,0.6245396314436588
44575.js,0.48417216166193555,0.43927244397191534,0.5265098886067064,0.6407641418804345
44685.js,0.5032413071509942,0.43927244397191534,0.5298958391846184,0.6352162959701053
448.js,-1.0,-1.0,-1.0,-1.0
45063.js,0.4887356193828627,0.4436289714983179,0.5316134963284709,0.6352162959701053
45107.js,0.48598215736323147,0.44811774319169484,0.5404595860553039,0.6464599351554542
45220.js,0.5002368545845777,0.44811774319169484,0.5333479658513638,0.6407641418804345
45324.js,0.5282859011668849,0.45429507546807274,0.5374638954082765,0.723827491299917
45485.js,0.5917918587612346,0.44465061215863616,0.4346273241963064,0.5957590557215168
45491.js,0.6472385518328283,0.45236793626141203,0.4379174750458389,0.6761084985569309
45493.js,0.645529228142622,0.4542818271713309,0.4233802403271515,0.6557149870544813
45502.js,0.6681924561723188,0.5034262178483325,0.5055556011809749,0.6889554925222836
45505.js,0.5992883916529267,0.46091725918574333,0.44403783103743166,0.5945366450132299
45510.js,0.645942027209468,0.44994566832349736,0.4328812786897519,0.681914384411521
45545.js,0.5261261190680144,0.3813531622883041,0.43563439709832674,0.6733904744719801
45639.js,-1.0,-1.0,-1.0,-1.0
45681.js,-1.0,-1.0,-1.0,-1.0
45730.js,-1.0,-1.0,-1.0,-1.0
45919.js,-1.0,-1.0,-1.0,-1.0
46104.js,-1.0,-1.0,-1.0,-1.0
46413.js,-1.0,-1.0,-1.0,-1.0
46432.js,0.34168884827505414,0.3148617649612013,0.5201809639866857,0.59947894041409
4676.js,0.5495287409239886,0.4091827168533754,0.4837420214457772,0.6757807447167391
4677.js,0.5509495534015749,0.4286482508993253,0.4740423259426233,0.7010963201705881
46860.js,-1.0,-1.0,-1.0,-1.0
4698.js,0.5894917288691196,0.4879872263707784,0.5587415486847215,0.7407437469876467
471.js,-1.0,-1.0,-1.0,-1.0
47113.js,-1.0,-1.0,-1.0,-1.0
47250.js,-1.0,-1.0,-1.0,-1.0
473.js,-1.0,-1.0,-1.0,-1.0
47409.js,-1.0,-1.0,-1.0,-1.0
4764.js,0.7341605596156635,0.5063022901150934,0.5129446980259748,0.7594377000865
4861.js,0.6481199831541714,0.4906407131370584,0.5399259872211702,0.7376668659562908
48748.js,0.5309318732018989,0.5118958295600734,0.6744014203332525,0.7025668254494387
48769.js,0.54152543106181,0.50971876758215,0.5975573971486497,0.6544265237733367
48940.js,-1.0,-1.0,-1.0,-1.0
490.js,-1.0,-1.0,-1.0,-1.0
49416.js,-1.0,-1.0,-1.0,-1.0
4945.js,0.6266541367080762,0.5441893166051687,0.5432029762203684,0.6385711989831322
49662.js,0.5294787415946195,0.4967915605613605,0.6649307864291382,0.7656639446725211
49663.js,0.5473218337172187,0.514135078062342,0.6965451903188581,0.7447353027526654
49711.js,0.7126191873962184,0.5563004464183351,0.5653200914626352,0.724548441978195
49847.js,0.5006983075472923,0.467243867464484,0.5705597791103589,0.6332955795986899
4998.js,0.5209229880641388,0.4679136311423201,0.5606372908431021,0.7099925506851135
50055.js,0.6734976271167176,0.4637910163918602,0.41693153026172247,0.6282832349436454
50084.js,0.6051627237081759,0.5333684368010758,0.5836049453209674,0.6673214864937389
50130.js,0.5931929686986726,0.49520093222245726,0.4800189094326665,0.5824898712645196
50145.js,0.6346532107512148,0.4475793364075862,0.458881140135084,0.6809582652014946
50198.js,0.6899749072188657,0.5302783055642813,0.5458998702027746,0.7269629583590245
50341.js,0.5431542520420111,0.390394496495429,-1.0,0.632202701509068
50345.js,0.5619616349916836,0.40813213364273976,-1.0,-1.0
50370.js,0.5854286767301651,0.4292043146032094,0.46898542219756223,0.6639285266569064
50382.js,0.5233560390912068,0.4028741250225005,0.45192618041366384,-1.0
50402.js,0.5752159198878918,0.4746792922266694,0.4844076588253571,0.5898280856732449
50435.js,0.608685946484028,0.4719163668261598,0.5071288897125638,0.6656528178518915
50441.js,0.6057208267750185,0.4839308236120146,0.5295443714408133,0.669860708301495
50453.js,0.6079900368644822,0.48239114156588436,0.5208318902175527,0.6705506319484231
50524.js,0.4137552605561168,0.3669166549983938,0.5594978191628446,0.7258583814244266
50529.js,0.3862160813477717,0.33591401701605744,0.48312575363683574,0.6066758241067098
50552.js,0.3831670748930857,0.3462218680194802,0.5316742625738918,0.6446583712203042
50562.js,0.3773611773764385,0.3456753453930148,0.5739170359584849,0.6298366572977736
50570.js,0.407728559775151,0.332065097916916,0.491384911800656,0.6246109900481169
50600.js,0.6625986218715223,0.5379322915031035,0.5455759773482016,0.6724603733614459
50605.js,0.5450223121950311,0.43252129957175306,0.49167910711241425,0.6853599679691527
50635.js,0.617990718516509,0.49982756004740736,0.5515393046780074,0.7236197916181096
50646.js,0.5392473615660454,0.4712359555612545,0.5733936292058875,0.7245837023592675
50674.js,0.49657295481485086,0.4237896897630065,0.48695385833811394,0.6227085654194975
50693.js,0.5517456570873644,0.4826102991082711,0.5917139261607611,0.7327250922734165
50721.js,0.5966117438211492,0.4065558500387157,0.4604194080584422,0.729722204077862
50732.js,0.5176429781435545,0.4695655931376546,0.5464536206978421,0.66023263903334
50735.js,0.5259628359132466,0.3929863234628102,0.4511205568947482,0.6392106166746003
50818.js,0.4752796572236479,0.4379813407456458,0.5313683115155846,0.6195582431419406
50889.js,0.46012289680994617,0.4155784877156839,0.4734978128048849,0.554815746730852
51012.js,0.7398932083959143,0.5132150836841114,0.5193680847023946,0.7490976713846899
51042.js,0.6454936856419901,0.5042641981297619,0.5091666601960282,0.7083456624799839
51051.js,0.6762010270557979,0.48306676047447916,0.4904757187199935,0.7529787938910787
51070.js,0.5925594612784836,0.4761026500737135,0.5275942369293999,0.7468172500402314
51083.js,0.7001429938556184,0.5790505083570422,0.6113375648449904,0.7516454541039777
5111.js,0.42320736951515897,0.4,0.7863570994927848,0.6543303050815759
51151.js,0.5806313162675587,0.4857910124749309,0.5505050505050505,0.6890633673370792
51153.js,0.654928174327176,0.5410496323271555,0.6074365169659124,0.8044518336207519
51188.js,0.515807088761353,0.47074300860377655,0.5724603421840625,0.6818325569182101
5133.js,0.5800948854807711,0.47461867163254373,0.5302155193107522,0.7070892479470753
5134.js,0.6003791079045995,0.5743235420857361,0.5425562407572928,0.566233619082796
51378.js,0.6152558160672138,0.500190575663841,0.527775645383229,0.7124294988662305
51515.js,0.48961824659346614,0.47099250424510375,0.6099695022873094,0.7195675338281823
51603.js,0.647391400989099,0.5003399708340295,0.47479932106186673,0.6266543811940112
51738.js,0.5463019011460304,0.5096447293679518,0.6072576922212717,0.6986913788341337
51803.js,0.7998227780444157,0.7832810811602282,0.9214850395180821,0.9309949409583227
51903.js,0.8008075518142515,0.8008075518142515,0.9283444198266944,0.9302845356729105
5200.js,0.4887875212474438,0.45099443776956777,0.4976475049189594,0.5747135901738303
52115.js,0.5335532672816418,0.5081495473197969,0.764502961175819,0.7547636722824669
5213.js,0.5281426177627938,0.5116817192534651,0.5974880525680448,0.6390096504226938
5214.js,0.6468543945519359,0.5445305220982354,0.572450072915462,0.7038167763896358
5217.js,0.46529209323407145,0.4177206794470868,0.47073610068596633,0.5658537586607304
524.js,-1.0,-1.0,-1.0,-1.0
5246.js,0.5613002004791331,0.5117014675406305,0.5720172349101253,0.6329365896470348
5259.js,0.5842055537314523,0.5140245427412791,0.5872615755043966,0.6753595086074997
5262.js,0.5562282988345731,0.4743763015912545,0.5606475892269155,0.7410050695294241
52707.js,0.5593874200536563,0.44044959075454027,0.48495273284564805,0.6492675774261134
52733.js,0.576592871182957,0.5220933863989423,0.5471905375301127,0.6091725198268202
52883.js,0.6044022718633678,0.5373170405605073,0.5996056606482814,0.7052896314113345
53082.js,-1.0,-1.0,-1.0,-1.0
53089.js,-1.0,-1.0,-1.0,-1.0
53097.js,0.6991872978664945,0.5874390936941181,0.6076080679535238,0.7274367254601443
53217.js,0.586932841153704,0.5194629544288812,0.5509410968796224,0.6346245572927527
5323.js,0.43588989435406733,0.37240586916274737,0.6128364798273251,0.6470396333157187
53346.js,0.6000042720285372,0.5149946605197113,0.5463091552342016,0.6531113346931683
53380.js,0.5254922758516013,0.46365527180510346,0.5484828774918568,0.6221367203018424
53384.js,0.5593035962878415,0.5040158767658058,0.5443646577456545,0.6065283938908331
53399.js,0.5524755653734127,0.46842334954308495,0.5200673489554837,0.6378204048199342
53473.js,0.6358737680991728,0.5559105538212299,0.5569655384338853,0.6380731420812084
53509.js,0.5249704621536643,0.47526667888930013,0.5550692315845401,0.6180982563844154
53531.js,0.5854111818065871,0.5299062387273881,0.5947903181225452,0.6551835230623123
53620.js,0.5078333750770082,0.46706116865534913,0.5216078007035071,0.6404522570553183
53628.js,0.5456205114798499,0.5096406641520838,0.5658453862522874,0.6221170232998383
53651.js,0.5843448847055349,0.5792164540092518,0.6547481176018678,0.652906347096591
53701.js,0.4763834872675867,0.45634235249679045,0.5257192487960105,0.5527855607955495
53741.js,0.5252626970392061,0.48503570125382245,0.6191391873668903,0.6175347814894367
53868.js,0.5488246381070708,0.47709362855178444,0.5116993000990183,0.6227000409044046
5394.js,0.6247380465859057,0.5272773330436693,0.574932578457342,0.6949098694127783
5396.js,0.7241662731514996,0.5945696839851663,0.6081995639634937,0.7456507689931183
53980.js,0.5027433750506074,0.456821384068605,0.5275349613399974,0.5951397006436155
5403.js,0.7598041890547041,0.5595364422273603,0.5640329784391918,0.7634018099165261
54129.js,0.48219796863153724,0.5014858873767988,0.5826952292225587,0.570925331725996
54238.js,-1.0,-1.0,-1.0,-1.0
5431.js,0.7037296374952652,0.5590560391865214,0.5696630758510516,0.7218012278297363
54354.js,0.562744960743904,0.5358377428853472,0.6006506702264135,0.6148463076322371
54409.js,0.47331560056216504,0.44662812444507866,0.5375170309743496,0.5578077846648168
5449.js,0.6639069184215148,0.6227061155230061,0.728548122900465,0.8010913320184704
54815.js,0.5324631671588296,0.5085254200275651,0.6172133998483676,0.6786230666958762
54874.js,0.5107594702187939,0.4718505465515052,0.5010101201714671,0.5721124983307259
55065.js,0.6231687426020417,0.5955186343039847,0.633571601058088,0.6788447999971385
55073.js,0.5582375988894844,0.5381727330009445,0.6217414802663334,0.666559434473219
5525.js,0.8015774545912412,0.4455842636283638,0.445739464026309,0.8315741255387182
55287.js,0.5435445975108967,0.4968939267060325,0.548219132908616,0.6393285086940715
55289.js,0.5304175133210224,0.49600239016639797,0.579310717171259,0.6218984729061796
55350.js,0.6630336777227525,0.610535173397164,0.6224099783754101,0.6801798550213006
55447.js,0.6075336195939312,0.5334818094184295,0.5600417353226111,0.6507297681978368
55483.js,0.5022560567049593,0.4649882785799124,0.5321520841901914,0.6109431509906067
55560.js,0.5284483646904755,0.4960783708246107,0.5526071733924931,0.6076696011809581
55570.js,0.5695588643007569,0.5455502291660094,0.6259633800667798,0.7490166301329757
5565.js,0.3754671886544782,0.3187276291558383,0.511207720338155,0.7407971974871922
55685.js,0.7610319280002963,0.5221254462821635,0.5162110357087343,0.7724816873776205
55725.js,0.5678082839465158,0.5348614311269492,0.6130426658693098,0.6396074737046374
55733.js,0.5891496001229517,0.49124020846302013,0.5362388668914799,0.681601944072622
55856.js,0.6083086787657493,0.5272055318686204,0.5729566105651467,0.6945282936964717
55876.js,0.517080005697383,0.4786612787914793,0.5367818005431721,0.5999728402326547
56047.js,0.5916793828004354,0.5853882310799909,0.6199052374267413,0.6403046888276577
56064.js,0.573144754872518,0.5384131153174351,0.6638095611410568,0.6576267002770807
56167.js,0.4859622889398989,0.4675078272312255,0.5438521314539233,0.5980141374974343
56216.js,0.575669344743692,0.4699741635708303,0.5132649025747364,0.6723482842905733
5623.js,0.6067552881474891,0.5325662239387536,0.5457340591003104,0.6303815724196021
56348.js,0.5819970441264571,0.533703838006189,0.5610410146230717,0.6195074817194084
56372.js,0.544156617528208,0.48533417309414406,0.5488075287891329,0.6274277990944326
56410.js,0.4836320066162118,0.4849897460394816,0.5474376369547795,0.5814999169501999
56418.js,0.5869270357419194,0.5290739681932959,0.5672484381640401,0.6466059824356607
5646.js,0.3425943549137658,0.3526728079292991,0.48867777742522095,0.6266795614405122
56467.js,0.6197728835993972,0.5849298723058767,0.6541280073975372,0.7019441711838399
56478.js,0.6040112303867757,0.38439180176594345,0.379872842643964,0.6619648067873551
56487.js,0.4674937935403238,0.44075737543331567,0.5278092479201452,0.6207385527205413
5649.js,0.5010407225941581,0.3678959403996888,0.38275421767855816,0.5622818717661691
56547.js,0.6658634430706608,0.570025718875549,0.5975975423662716,0.7128309867982546
56601.js,0.5636872706325001,0.4854388277980002,0.524218670010585,0.6362737544936452
56727.js,0.5700498563042968,0.5056380741724665,0.5573320636855501,0.6490449514602229
56892.js,0.4386595048236857,0.3747458063565059,0.5892556509887896,0.6383106423916777
56923.js,0.5467363979275766,0.5092795100645843,0.5836633290639656,0.6366633912526511
57025.js,0.4826075369806459,0.21142160142856206,0.20682270209776205,0.5426815966680748
5711.js,0.37274965820548744,0.36003538237824917,0.4643412291122284,0.4920016531283318
57194.js,0.5319435759914719,0.512300865782438,0.5880697254195578,0.6179898234691426
57223.js,0.6394898822177755,0.5520231392069974,0.5705524972480968,0.6663294867995798
57339.js,1.0,1.0,1.0,1.0
57426.js,0.3674386451462853,0.32834601841823485,0.5111372235136679,0.6199874066337029
57449.js,0.49758277530303785,0.39132133197223323,0.44999765689817156,0.6232979933389715
57455.js,0.6755467744659481,0.6175385434989672,0.7081798134684076,0.7784863469893094
57481.js,0.5282713743382661,0.3970748041302515,0.4466195163901084,0.6408842369364233
57567.js,1.0,0.6233022919309994,-1.0,-1.0
5758.js,0.5874503291877292,0.45131110136332425,0.48184180006876803,0.6909004046085438
57583.js,0.6007095756679872,0.5229305912896267,0.5360506863771696,0.6755579144593347
57591.js,0.4419798505224398,0.4145106664496631,0.6647306880234359,0.5823232315653921
57617.js,0.41778190403918203,0.35936806781246616,0.4739317177407109,0.6660795536803288
57674.js,0.10314212462587934,0.1111111111111111,-1.0,0.0
57698.js,0.4527754678612379,0.38645236380454967,0.48388437531082845,0.5710915448162815
5784.js,0.6288188242968412,0.5443940286795762,0.6086639255429577,0.7490960434006941
57951.js,0.6382547966846474,0.5424551623061786,0.6617652560460731,0.7835869383762951
57964.js,0.5428236087251411,0.4472613059172804,0.47734874491757107,0.6261123374762286
57973.js,-1.0,-1.0,-1.0,-1.0
58032.js,-1.0,-1.0,-1.0,-1.0
58229.js,0.587887136503647,0.4494886071107485,0.532768198281301,0.7841254701136304
58294.js,0.5031546054266276,0.3239909020848915,0.395598527481901,0.78065375798434
58412.js,0.44619488439222715,0.35805743701971643,0.38490592625421544,0.5686301830004429
58487.js,0.6321869573578803,0.47633681732015487,0.49806297621081136,0.6836047264637507
58550.js,0.41475753100312657,0.370970413401187,0.48517229605857043,0.6173419725817378
58570.js,0.4112634591286107,0.3468237654391204,0.5357154679137662,0.8559529790779073
58616.js,0.48759870378913744,0.4102776489993293,0.5277677640642597,0.7836630295299893
58645.js,0.327688243033196,0.3143362289673598,0.46812867892071136,0.7184212081070995
58685.js,0.5661726545885873,0.5339592420468298,0.6156244584043444,0.6634367299237829
5888.js,0.65319498215121,0.5663453238425276,0.6185431343610207,0.7423661408282782
59012.js,0.45905289227685336,0.4551212211758813,0.49658715075397486,0.5156217172353675
5905.js,0.6487213843693337,0.49574019407410885,0.5420715887307687,0.7557041321255358
59075.js,0.5411542940505754,0.44240407873862786,0.46241841011898205,0.6571944811392155
59093.js,0.4384622894591557,0.4242846703943094,0.48426292076412053,0.550265487534402
59099.js,0.4678703820523233,0.46411365470155247,0.5430001524833296,0.5749785824466984
59106.js,0.6195803763426853,0.5408638730641564,0.5944906162048191,0.6917945685934805
59117.js,0.5572359719449413,0.4515483881873179,0.4627362214574948,0.6089544995258612
59156.js,0.5052882454514837,0.47420070662160324,0.5821543981758689,0.6451144631913278
59164.js,0.4729720132872059,0.4490328972931288,0.49932456975452344,0.5520529996320691
59167.js,0.6237723208263992,0.5370870986091143,0.5763172923806329,0.6936163249754617
59261.js,0.5619925526662449,0.517041717209749,0.5527091277834639,0.6353202953011299
59294.js,0.5070470583297672,0.4597080174757249,0.5269301976647275,0.5791741477731337
59296.js,0.5674607138891469,0.5014603059302354,0.5447844781636288,0.6486188461361767
59309.js,0.5484352742120076,0.4731143723269518,0.588548265374026,0.7521659219593344
59534.js,0.1529438225803745,0.13968605915391563,0.8164965809277261,0.8164965809277261
59540.js,0.36580217411248955,0.36580217411248955,0.8525735865191388,0.8525735865191388
59730.js,0.6034468361014631,0.4182022487631781,0.44850428055483904,0.5679618342470648
59875.js,0.3415650255319866,0.27458482368263804,-1.0,-1.0
6010.js,0.46438253090095205,0.4236308559074623,0.5428678198656854,0.5890423491258752
60128.js,1.0,0.6915640748081247,0.6915640748081247,1.0
6014.js,0.6100180933094724,0.5163673359093185,0.5433836045985719,0.6567596269603954
60275.js,0.33995518326276325,0.3441163563272295,0.7060180864974626,0.24019223070763068
60326.js,0.24506500885340862,0.23862250691966452,-1.0,-1.0
60393.js,0.4534055639932327,0.43043320410066527,0.800044325013193,0.6486724673997295
60544.js,0.5325307099644252,0.4228955576942817,0.4668785571652417,0.6658532031278307
60633.js,0.5892090238159523,0.4747277384354357,0.5030898187704941,0.698089303940071
60774.js,0.6543748064470948,0.40149563508986413,0.3645455367717005,0.7723121610059371
60820.js,0.40234769438916557,0.3782699898525082,0.5626178834732709,0.6318176543806739
60881.js,0.5971360218337431,0.4684971235917963,0.48624588136842045,0.7585674494892168
60966.js,0.5995321253691568,0.4392340229155236,0.41292327806542534,0.8267179278930278
61006.js,0.4999308102120814,0.4110310016060315,0.47189497126610486,0.679659059783796
61022.js,0.5854245867939722,0.44389676161847524,0.4296575720189952,0.7749816138918312
61136.js,0.3740272357155222,0.3055148229611527,0.6061608062110899,1.0
61201.js,0.5338758651855171,0.5022754800964512,0.5539466343396735,0.6001467265067061
61254.js,0.755742181606458,0.755742181606458,0.755742181606458,0.755742181606458
61344.js,0.9192547197409877,0.528395949267478,0.528395949267478,0.9192547197409877
61443.js,0.5069104148101036,0.4121127958723669,0.4790633439456709,0.6845985036963388
61603.js,0.5186945647905927,0.47493077156530816,0.6381976468422642,0.6489244089395512
61618.js,0.16395645894598823,0.1662056238286334,1.0,0.8451542547285166
6162.js,0.5950159816034264,0.4846318485521527,0.5199569381773087,0.6893239981033032
61642.js,0.3338333222509756,0.3163569176522069,0.577615534661554,0.6049193494630823
61708.js,0.88,0.5544123631672286,0.2,0.25819888974716115
61733.js,0.2574846452537247,0.24077170617153842,0.6454972243679028,0.6454972243679028
61748.js,0.3810003810005715,0.36028834606144605,-1.0,0.9629629629629629
6175.js,0.5389289205446554,0.4729608850459865,-1.0,-1.0
61757.js,0.3952120146278698,0.39613433096884765,0.6897007348075542,0.5634885800483992
61844.js,0.4354088713302235,0.3758076605445355,0.56489512459834,-1.0
61902.js,0.3983168173951488,0.33384893044479436,0.3680624919114669,0.5256574830378468
61980.js,0.7186465387601138,0.5318881406989298,0.5804942698551719,0.8043856411449077
61999.js,0.5081809190094551,0.475487779317517,0.6357259640476466,0.6093861016271797
62048.js,0.46499055497527714,0.4273433683788184,0.5404361177891456,0.6105686838080208
62225.js,0.5921880121193587,0.41753744434930834,0.5091783478586432,0.848769464884178
62277.js,0.5980512947197338,0.4302841120100258,0.46211766168714113,0.8166252339783832
6233.js,0.5358234587157019,0.3825419922656499,0.47672583500272686,0.85779415410156
62368.js,1.0,1.0,1.0,1.0
62461.js,0.3548977049128114,0.3000495990744895,0.3535533905932738,0.3535533905932738
62479.js,0.5316021862883523,0.42494539477300797,0.4844377500412291,0.6306208365051118
62696.js,0.4959735487827453,0.38274521870171596,0.40370309693658596,0.5509265966919085
62703.js,0.5360074745334994,0.4536480327727562,0.512998518661226,0.6740938478604225
62758.js,0.502165550805563,0.4949811240151619,0.5849403152577134,0.5791445853189213
6279.js,0.6580957562018618,0.4308248024748908,0.5017649190071499,0.8797232766491181
62860.js,0.5294590818601381,0.46497573004837894,0.5252184306375632,0.6551364737591175
62914.js,0.6351930461188563,0.5138111123438479,0.5344455265327788,0.682420397892084
62961.js,0.6324183171647707,0.5188275585184078,0.5546698938463464,0.7047892303502701
62996.js,0.645636000319759,0.45797337451373665,0.44673527044507455,0.6672557181605263
63048.js,0.7179709412210146,0.3548077204536307,0.26844948174696526,0.18970956017989812
63067.js,0.6611574855889151,0.41403641472390074,0.44889345160181027,0.9377035167721793
63121.js,0.6215586304342917,0.4040975349255385,0.42279062163513687,0.6373893517304866
63155.js,0.4452717925709372,0.3915408265468613,0.4903682792397757,0.5776573540840528
63163.js,0.2493084357429501,0.2261335084333227,0.570087712549569,0.65
63189.js,0.9057408266581033,0.3942053334321036,0.4001975403173317,0.9057408266581033
63225.js,0.35364436020512097,0.3284632643505557,0.5612527593092492,0.7324692185932543
63230.js,0.4642210308690953,0.3825142957631412,0.5060453993692575,0.7169281790988649
6329.js,0.551888052663045,0.45359977290334724,0.5962153132020875,0.8410956309868196
63301.js,0.4983419219790906,0.33140234918861644,0.37936175863592775,0.7323388499587475
63316.js,0.4154381211291396,0.3680464200758884,0.7862453931068965,0.7123641530615954
634.js,0.4276222105099753,0.2857142857142857,0.4166666666666667,0.6506264523193301
63436.js,0.4483219332480461,0.3884709767064651,0.4982392488040265,0.7686792486917918
63481.js,0.3115884764248779,0.29617443887954614,0.8028965419920907,-1.0
63520.js,0.6615374894205267,0.5244735584597063,0.5337186110913662,0.6857689379739719
63540.js,0.7281282494719612,0.5796915674444827,0.5702583558179328,0.7320360859760037
63628.js,0.49581390474244963,0.4751310967331989,0.5870728018468458,0.5679076368296747
63663.js,0.6908226558458785,0.4415936900065027,0.4731177309279842,0.8223824245469624
63674.js,0.6830229075801557,0.4897049381534105,0.486314643371671,0.687931346398486
63698.js,0.6750771941957887,0.45355122837110595,0.46937190711408117,0.7401382772470931
6370.js,0.3931226965534482,0.37026581558867727,0.6642111641550715,0.7674213798361965
63735.js,0.4668682038475671,0.40498145160488946,0.5742311201165823,0.6959240941565296
63757.js,0.46899494528038815,0.44424052406461395,0.5324001358221934,0.5671577111278887
63832.js,-1.0,-1.0,-1.0,-1.0
63886.js,0.3004547820472601,0.28715366150263205,0.6078306738548308,0.6546536707079772
63991.js,0.5408484138857403,0.40813968884418345,0.4443502860925813,0.7081286943702075
64206.js,1.0,0.3140054773024037,-1.0,1.0
6422.js,0.39195320067840794,0.3722401819208093,0.5630522744622295,0.7496587917803454
64381.js,0.43630594682922724,0.3597492877122255,0.6231040443042886,0.31234752377721214
64405.js,0.8374357893586237,0.8374357893586237,-1.0,-1.0
64486.js,0.5809475019311126,0.4526697369315134,0.5957898833096117,0.8288931628802789
64731.js,0.47316022340738384,0.39010392199880245,0.7078728775988725,0.7595545253127499
6476.js,0.6182986515868726,0.5351377183701198,0.6085979965970669,0.7537525635036115
64890.js,0.5881141300295125,0.5272166917053898,0.5964120712447727,0.7390753528892843
64988.js,0.5519619078946105,0.38362649836958834,0.47912045743114123,0.7721262749151064
6500.js,0.6441428162871586,0.5240498628740035,0.5320512507250872,-1.0
65036.js,0.5226586139145026,0.4225039961576197,0.46690062816076744,0.6317529214573386
65052.js,0.5491817420811971,0.4480285768840982,0.4714788825731216,0.629511580291707
65083.js,0.5478302826277507,0.43197801915712747,0.49870565034867403,0.6900047150483294
65192.js,0.4369387843096416,0.3973534903602978,0.49869766426277895,0.5990721002312167
65219.js,0.5704948696393595,0.4791261779148722,0.4287464628562721,0.7306491470890562
65234.js,0.3893957789726338,0.36805975098557914,0.4374495699458935,0.49777020365227576
65267.js,0.4490887131390719,0.36464227527765836,0.4665709401699331,0.579750904364203
65290.js,0.45839700400577127,0.4117222032564464,0.565496219703624,0.7642647488487281
65321.js,0.4269941830167299,0.39080459770114945,0.47880026812822524,0.5567121061632835
65545.js,0.6015773412842584,0.5353905697744881,0.5704728670654313,0.6431362795747324
6566.js,0.5925262423428699,0.48744427422965997,0.5052541190514859,0.6336295150683247
65663.js,0.6710445438385071,0.6062141076044808,0.6190332554160741,0.6859401108469572
65828.js,0.7356829607524198,0.5668348523494106,0.5793264938117377,0.7531997047655526
6586.js,0.6350916289694839,0.538882975538752,0.5617175727894982,0.6728703179464003
65949.js,0.5805489101161392,0.503758341469851,0.6523205667899797,0.7592209766004284
66144.js,0.6132916369330076,0.4526336887657054,0.44363661941539906,0.6475914471279074
66199.js,0.6489968489295104,0.5250422542095805,0.5517337696993877,0.683613476193003
66225.js,0.6184832877068139,0.535428390196796,0.5604181596518156,0.6734136452501127
66260.js,0.6602382455685707,0.55576902033997,0.5791502260943916,0.7005552611743332
66323.js,0.7119370500314948,0.5948106688204466,0.6235257955053228,0.7656509624546951
66363.js,0.6103896103896104,0.532201955917242,0.6097555020128849,0.6884165565788644
66365.js,0.6357224185656275,0.44252097795280326,0.4525248507099613,0.6596563071135182
66377.js,0.49573908496461816,0.46794871794871795,0.6154574548966637,0.6838840072295843
66394.js,0.4854565927539515,0.43082021842766455,0.5339934229851842,0.6063156384438996
66399.js,0.6821335077893327,0.47489824664995534,0.50843741424732,0.8003963661268947
66479.js,0.5571998376416811,0.3581795394531268,0.3639507606254184,0.5820142933225666
66502.js,0.5815488499791335,0.4032081957021537,0.411261034482726,0.6016087367753269
66680.js,0.68070279905152,0.5742836017606123,-1.0,-1.0
66716.js,-1.0,-1.0,-1.0,-1.0
6682.js,-1.0,-1.0,-1.0,-1.0
66894.js,0.39577285860251626,0.353682589717116,0.5104177855340404,0.6748819059987713
66945.js,0.20573779994945587,0.19145550896473015,0.647150228929434,0.7035264706814485
6704.js,-1.0,-1.0,-1.0,-1.0
67717.js,0.31841227573029346,0.3246359055587426,0.568057281997381,0.5572361522550865
67724.js,0.5547809831299315,0.3590372143394089,0.4030353880606758,0.8944271909999159
67737.js,0.5374436239385747,0.3819691685197383,0.4368816429860059,0.6645043626166537
67871.js,-1.0,-1.0,-1.0,-1.0
67894.js,0.2991215208080594,0.26839131562903584,0.447213595499958,0.5717718748968655
67918.js,0.28867513459481287,0.28251054240996026,0.47609522856952335,0.8902638145194516
68040.js,0.5203864899769447,0.4100780953869295,0.5120432591419758,0.6857971462119891
6806.js,0.49846184347621775,0.46664242178860477,0.6124736793826392,0.6709313001521165
68139.js,0.4012176588288426,0.3509050132987686,0.6909336273400487,0.9121593238215745
68198.js,-1.0,-1.0,-1.0,-1.0
68297.js,0.338271873936509,0.29742484506432626,0.5465357250000211,0.719870728700614
68505.js,-1.0,-1.0,-1.0,-1.0
68564.js,-1.0,-1.0,-1.0,-1.0
68624.js,-1.0,-1.0,-1.0,-1.0
68647.js,0.6092101118019949,0.45936374858404616,0.47976344280607264,0.6461185435277055
68706.js,0.5154323951168185,0.45159173912253425,0.6034931772102391,0.8160150140436475
68856.js,0.33166247903553997,0.32063022053099893,-1.0,0.5817744738827396
69216.js,0.15476464650682736,0.14784425419091457,1.0,1.0
69246.js,0.19069251784911845,0.14769904781684778,0.3849001794597505,0.7216878364870323
69433.js,0.27789338971674993,0.2575624771681344,0.4648790509038985,0.6067880364121376
6944.js,-1.0,-1.0,-1.0,-1.0
69469.js,-1.0,-1.0,-1.0,-1.0
69578.js,0.4984357816592108,0.42728280326149215,0.5235014078813198,0.6954358003302334
69705.js,0.26450460594697434,0.24307639633206166,0.5342967087424112,0.5883484054145521
6973.js,-1.0,-1.0,-1.0,-1.0
69826.js,0.5966135973301423,0.5550244746199643,0.6246044040265878,0.689494555920583
70040.js,-1.0,-1.0,-1.0,-1.0
70143.js,-1.0,-1.0,-1.0,-1.0
70158.js,0.41147559989891175,0.3516899742266649,0.530858818415757,0.7091357861639692
70346.js,0.43233349300788637,0.4112137045980936,0.4919520370144727,0.558862162417743
70353.js,0.2350502473611342,0.22032632461961588,0.8215838362577491,0.8215838362577491
70745.js,0.18516401995451032,0.1777046633277277,0.8660254037844387,1.0
70748.js,0.43939652585187,0.37122659829159865,0.588348405414552,0.7858252779857412
70840.js,-1.0,-1.0,-1.0,-1.0
70848.js,0.35947150516081233,0.34296226851232137,0.7427460754004671,0.727430078392719
7091.js,0.6823606517457641,0.5616991311563291,-1.0,0.7036827094874297
71056.js,0.1918588438173238,0.1736397240519698,0.8660254037844387,0.8660254037844387
7124.js,0.5535548804227178,0.5232095043929219,0.599575888935812,0.6579161930112215
71310.js,0.36220239859880937,0.3578810105803187,0.45845460404900223,0.4917841771562759
71371.js,0.2969112462610471,0.28887525602931263,0.6847367880174606,0.6847367880174606
7156.js,0.39553275626014406,0.30958973141152235,0.4661398235549228,0.7496587917803454
71664.js,-1.0,-1.0,-1.0,-1.0
7167.js,0.3981609097987184,0.3354434697956892,0.42491829279939874,0.5722930891116554
71716.js,0.8423722870086247,0.6361638129624726,0.6448803601757516,0.8519187800431789
71739.js,0.379777262656375,0.34367169831173533,0.5934424260562083,0.6531972647421808
71750.js,0.1543033499620919,0.14824986333222023,0.8164965809277261,0.8164965809277261
71855.js,0.3708990935094579,0.31562138431599956,0.4005963724010763,0.58723935936639
71963.js,-1.0,-1.0,-1.0,-1.0
72068.js,0.30958291968132845,0.27662562992324985,0.43980999968269885,0.4803844614152614
72075.js,-1.0,-1.0,-1.0,-1.0
72137.js,0.6114016066921787,0.520378421706435,0.55280107282656,0.6665814758981584
72227.js,0.7722876074928474,0.5628596421530259,0.5761895601801809,0.8026269132612397
72273.js,0.6783634653712142,0.586907696206639,0.607707445009606,0.7105429980104027
72470.js,0.59738818643891,0.534429889710601,0.6072986207040931,0.6886247009338473
72620.js,0.5643144336176787,0.39755038822901145,0.43447387804335036,0.6923076923076923
72663.js,-1.0,-1.0,-1.0,-1.0
7270.js,-1.0,-1.0,-1.0,-1.0
72841.js,0.5344393702975746,0.4347681407536061,0.5444426912280064,0.6767475884593818
72930.js,0.5143992426411189,0.46849419090322086,0.48630167006683694,0.5381912009071458
72949.js,0.44927428012267284,0.3562626515972126,0.2436014182491697,0.3751666916571099
72951.js,0.5254794812793083,0.3466529179938123,0.37223639886179016,0.603951838857425
72989.js,0.4472135954999579,0.40019526483955303,0.6051201657116566,0.6451822708364094
72997.js,-1.0,-1.0,-1.0,-1.0
73020.js,-1.0,-1.0,-1.0,-1.0
73026.js,-1.0,-1.0,-1.0,-1.0
73243.js,0.48718611174430526,0.4754396422971086,0.5074692932700856,0.5292707486301516
73244.js,0.48756926191695105,0.44874596396029415,0.49739807427316945,0.5565486686376672
7325.js,0.509093321655698,0.4688577462374879,0.6221521151756758,0.6747072587852241
73351.js,-1.0,-1.0,-1.0,-1.0
73385.js,-1.0,-1.0,-1.0,-1.0
73402.js,-1.0,-1.0,-1.0,-1.0
73432.js,0.686802136456232,0.5426004864315156,0.5516518243042368,0.6985101641916257
73442.js,0.5015758928072974,0.4216104556863907,0.46639116023266813,0.6184732615060987
73458.js,-1.0,-1.0,-1.0,-1.0
73506.js,0.45779604503042093,0.39551622030122596,0.4505598607780435,0.5646491508792347
73540.js,-1.0,-1.0,-1.0,-1.0
73570.js,-1.0,-1.0,-1.0,-1.0
73592.js,-1.0,-1.0,-1.0,-1.0
73627.js,-1.0,-1.0,-1.0,-1.0
73772.js,-1.0,-1.0,-1.0,-1.0
73790.js,-1.0,-1.0,-1.0,-1.0
73795.js,-1.0,-1.0,-1.0,-1.0
738.js,0.5586780934681547,0.5043648886789843,0.6392900718835458,0.7239596998858593
73803.js,-1.0,-1.0,-1.0,-1.0
73809.js,-1.0,-1.0,-1.0,-1.0
73836.js,-1.0,-1.0,-1.0,-1.0
73839.js,-1.0,-1.0,-1.0,-1.0
73943.js,-1.0,-1.0,-1.0,-1.0
73946.js,-1.0,-1.0,-1.0,-1.0
73964.js,-1.0,-1.0,-1.0,-1.0
74047.js,-1.0,-1.0,-1.0,-1.0
74079.js,0.5802051329750934,0.41454316352781856,-1.0,-1.0
74119.js,0.5209385130440338,0.4060311497704132,-1.0,0.65159804917101
74220.js,-1.0,-1.0,-1.0,-1.0
74229.js,-1.0,-1.0,-1.0,-1.0
74239.js,-1.0,-1.0,-1.0,-1.0
74275.js,-1.0,-1.0,-1.0,-1.0
74281.js,-1.0,-1.0,-1.0,-1.0
74289.js,-1.0,-1.0,-1.0,-1.0
74293.js,-1.0,-1.0,-1.0,-1.0
74294.js,-1.0,-1.0,-1.0,-1.0
74363.js,0.5219835030042979,0.4399083766478666,0.49436571786695943,0.6407693851706187
74386.js,-1.0,-1.0,-1.0,-1.0
74448.js,-1.0,-1.0,-1.0,-1.0
74507.js,-1.0,-1.0,-1.0,-1.0
74521.js,-1.0,-1.0,-1.0,-1.0
74578.js,-1.0,-1.0,-1.0,-1.0
74588.js,-1.0,-1.0,-1.0,-1.0
74617.js,-1.0,-1.0,-1.0,-1.0
74638.js,-1.0,-1.0,-1.0,-1.0
74685.js,-1.0,-1.0,-1.0,-1.0
74690.js,-1.0,-1.0,-1.0,-1.0
74771.js,-1.0,-1.0,-1.0,-1.0
7487.js,-1.0,-1.0,-1.0,-1.0
7496.js,-1.0,-1.0,-1.0,-1.0
75102.js,-1.0,-1.0,-1.0,-1.0
75107.js,-1.0,-1.0,-1.0,-1.0
75184.js,-1.0,-1.0,-1.0,-1.0
75237.js,-1.0,-1.0,-1.0,-1.0
75273.js,-1.0,-1.0,-1.0,-1.0
75299.js,-1.0,-1.0,-1.0,-1.0
75611.js,-1.0,-1.0,-1.0,-1.0
75651.js,-1.0,-1.0,-1.0,-1.0
75809.js,-1.0,-1.0,-1.0,-1.0
75829.js,-1.0,-1.0,-1.0,-1.0
75852.js,-1.0,-1.0,-1.0,-1.0
75988.js,-1.0,-1.0,-1.0,-1.0
7612.js,-1.0,-1.0,-1.0,-1.0
76140.js,-1.0,-1.0,-1.0,-1.0
76186.js,-1.0,-1.0,-1.0,-1.0
76195.js,-1.0,-1.0,-1.0,-1.0
76321.js,-1.0,-1.0,-1.0,-1.0
7634.js,-1.0,-1.0,-1.0,-1.0
76359.js,-1.0,-1.0,-1.0,-1.0
7636.js,-1.0,-1.0,-1.0,-1.0
76391.js,-1.0,-1.0,-1.0,-1.0
76400.js,-1.0,-1.0,-1.0,-1.0
76669.js,-1.0,-1.0,-1.0,-1.0
76686.js,-1.0,-1.0,-1.0,-1.0
7670.js,-1.0,-1.0,-1.0,-1.0
76895.js,-1.0,-1.0,-1.0,-1.0
7691.js,-1.0,-1.0,-1.0,-1.0
77100.js,0.5972425783684434,0.4305798241799327,-1.0,-1.0
7745.js,0.5435110199097319,0.5095697425439013,0.5987306952278583,0.6291447431891929
7775.js,0.6131216027214613,0.47895749524368064,0.49289107628409856,0.6483590279970118
78361.js,0.4530303372694664,0.410668538664272,0.4751281926291156,0.563653670761225
78393.js,0.4211491910107849,0.4020992510581272,0.5220368976638745,0.5302573833883512
79119.js,0.43509829078480183,0.384658766699697,0.47974243583243714,0.5757492726264166
79496.js,0.4530303372694664,0.40941074539250494,0.47388276927436473,0.563653670761225
79573.js,-1.0,-1.0,-1.0,-1.0
79736.js,0.3912540225287499,0.36575847797972755,0.5815485859014491,0.5897678246195885
79754.js,0.783383753281272,0.6158316129918868,0.6233624038088553,0.7907443375909361
79783.js,0.5357169004363797,0.48370988362768763,0.5391935216499316,0.5936017608492677
79806.js,0.6040060833255874,0.5211573930123518,0.576838388364465,0.7070420386876385
79827.js,0.4876199586191236,0.42428478981954315,0.5293112673169,0.6062842188159794
79838.js,-1.0,-1.0,-1.0,-1.0
79855.js,0.5717760905826765,0.5215382782657484,0.544008087094827,0.608117652220419
79897.js,0.5829756722881907,0.5432955415050796,0.583878810974171,0.6437118376274069
79935.js,0.5929807554381827,0.5368615787165377,0.6043415949198832,0.7095903492253737
79940.js,0.5662537615553384,0.50709255283711,0.637058989297032,0.6496264379846093
80024.js,0.33646329245522655,0.2755891273047752,0.6188527477552761,0.9444444444444444
80045.js,0.6753779793736256,0.5310369910789944,0.5394216191579946,0.6839621267884034
80055.js,0.6451203854194713,0.5125888762228763,0.5261402302777908,0.6741925747221236
80121.js,0.4763515446851294,0.47483573524849143,0.6235445624749614,0.7171371656006362
80142.js,-1.0,-1.0,-1.0,-1.0
80144.js,-1.0,-1.0,-1.0,-1.0
80212.js,-1.0,-1.0,-1.0,-1.0
80227.js,-1.0,-1.0,-1.0,-1.0
80280.js,-1.0,-1.0,-1.0,-1.0
80314.js,-1.0,-1.0,-1.0,-1.0
80348.js,-1.0,-1.0,-1.0,-1.0
80349.js,-1.0,-1.0,-1.0,-1.0
80373.js,-1.0,-1.0,-1.0,-1.0
80408.js,-1.0,-1.0,-1.0,-1.0
80509.js,-1.0,-1.0,-1.0,-1.0
80522.js,-1.0,-1.0,-1.0,-1.0
80559.js,-1.0,-1.0,-1.0,-1.0
80657.js,-1.0,-1.0,-1.0,-1.0
80694.js,-1.0,-1.0,-1.0,-1.0
80761.js,0.4908806936738159,0.447213595499958,0.586487237852282,0.7348469228349533
80781.js,0.591586850585429,0.46143228491873156,0.48301743534763775,0.6295351848473512
80919.js,-1.0,-1.0,-1.0,-1.0
81210.js,0.4323488942313165,0.4027991944024168,0.541662895914477,0.5788582927426393
81329.js,0.5477984351196474,0.4987974071295611,0.580438360955827,0.6296296296296297
81381.js,0.5851754570625594,0.5416251025879091,0.642194267598034,0.704374585686271
81439.js,0.5164070892427297,0.4462779436075436,0.5503463931570592,0.6734350297014738
81520.js,0.4915423862620585,0.46945495840283136,0.517701149606925,0.56358197720188
81524.js,0.5151523343195358,0.4850941368248964,0.5065753319645107,0.5380720071972984
81531.js,0.543688880215508,0.5439316444702709,0.5406036728142527,0.5501125605857593
81543.js,0.5213163272989438,0.5010405536697671,0.5672806025856287,0.5870101931617381
81582.js,0.5050757464285934,0.47411275323002383,0.5230457881601088,0.5756455115137539
81583.js,0.5495947842692621,0.5364323427225218,0.6073003666276803,0.6230525082484533
82079.js,0.5397157853405172,0.5232270747482929,0.5715816941783418,0.6042236398028066
82121.js,0.5511070751355519,0.4644753347609615,0.5778127044012803,0.6898234278008323
82363.js,0.5256163651366469,0.49917621330862294,0.5155874602563697,0.5536286710444338
82367.js,0.5375120196536189,0.46668287121436214,0.5431970408701469,0.6537510348945611
82430.js,0.5981461615319753,0.542573132310905,0.556149388808937,0.6236544034874578
82492.js,0.5511996034313258,0.4849814273149421,0.4943424741807542,0.5622293705742332
82510.js,0.5772889387310749,0.5475857209243216,0.5680544267064013,0.5974098725113067
82540.js,0.5638435373095992,0.5065467673155021,0.5355076220704822,0.6172879780575106
82642.js,0.5515063087604898,0.5099062680066959,0.5324558068807532,0.5823492529282375
82701.js,0.5326863437656224,0.4848317369838872,0.5254354030417719,0.6173531515539622
82739.js,0.5057780700110256,0.46208192697233497,0.4707352341475102,0.5149023811920057
82803.js,0.5628361675886648,0.4367448934387336,0.4482170255177369,0.5804064539954987
82835.js,0.5673424132791887,0.44827716341053153,0.46224997524579303,0.591102555672978
82848.js,0.6135742855898175,0.43370136054763875,0.4525502253888505,0.6636955837281494
82877.js,0.43267007041221195,0.3806987087570892,0.4381780460041329,0.5142857142857142
82921.js,0.6070858895355161,0.541952636035591,0.5715584513948522,0.6544417417896208
82945.js,0.32134229345857573,0.28994964469744916,0.8421052631578947,0.5408420485294111
82951.js,0.4424884746445433,0.28435166752101443,0.19945115640342823,0.4975185951049946
82964.js,0.37362414557178164,0.3102526139970115,0.5151515151515151,0.5495319562599505
83022.js,0.5906596445401002,0.5281258699292904,0.5723930085222781,0.6594041855758468
83042.js,0.35740730949833976,0.3381188696777105,0.43669364506197,0.6180700462007377
83089.js,0.5626832382334311,0.47008102411887565,0.5051692967036098,0.6405617631224942
83096.js,0.6085082771502428,0.5314387544966966,0.5470562121282022,0.6337945351204625
83152.js,0.635959663215991,0.4771166655572955,0.4128004643812236,0.6240986333521813
83154.js,0.6716460455552423,0.5842577836856203,0.6260721286989681,0.7742694173125835
83197.js,0.6870616777523297,0.5068117601787951,0.4598271768680663,0.6733469292400592
83217.js,0.6766187123840142,0.4975092835957415,0.4648325867625811,0.7010681840159741
83287.js,0.623498554567242,0.5053351059495566,0.458329555319892,0.6251719243101858
83302.js,0.6713568397747833,0.48255292148456724,0.4418223304424075,0.6842150415272846
83401.js,0.7019095887850025,0.5017104336398964,0.4692078133452692,0.7046335102680249
83433.js,0.6767606550117158,0.5010556336380273,0.46189625369451326,0.6893332470884621
83466.js,0.6163138658834855,0.4711578860544915,0.41212577559854363,0.6181092924811341
83488.js,0.6721290069547082,0.5005464809169916,0.468316995390064,0.6738897535560496
83510.js,0.6260652170744704,0.47997238070919457,0.4155411154201846,0.6400760637412812
83524.js,0.6890529901111524,0.4930001505504435,0.45034115421316945,0.6880329612324521
83553.js,0.6224784895611692,0.46381682852195877,0.4016506023440475,0.6287252567665311
83582.js,0.6189665026201829,0.4933418530533657,0.4420925668762335,0.6021960028520003
83602.js,0.6717400377143457,0.5151611634275599,0.47747308348430667,0.6776441299130275
83628.js,0.6701579541483894,0.5021913864370854,0.4628912662069651,0.69814095543149
83697.js,0.6199017786900576,0.5183359553648265,0.4840893965358691,0.6079813277051732
83708.js,0.695450841566302,0.4581286072332107,0.41949980966859435,0.705767688123242
83724.js,0.6311773193555374,0.5118230676286025,0.4475177190274564,0.6161192483016359
83803.js,0.6742934814961137,0.48238152992473565,0.44618522237192193,0.6928443805417699
83869.js,0.547478161928755,0.5318072942824913,0.5818562810288935,0.6057043359581107
83881.js,0.6251497865086791,0.5243527153215438,0.5534151970302502,0.6933093272029536
83941.js,0.779043363352729,0.5755027850825439,0.5859311750427258,0.7962934858365109
84008.js,0.5060679865762853,0.4228873026561269,0.4525562741181756,0.5759632052762531
84067.js,0.595254212236016,0.5028847349681698,0.5159112295668704,0.6664556123955429
84075.js,0.4160251471689218,0.355005361345941,0.5776938278449569,0.7624928516630234
8420.js,-1.0,-1.0,-1.0,-1.0
84248.js,0.6315291085545455,0.4991537664442859,0.5067628072957824,0.648789314306451
84253.js,0.6350757476127887,0.49725842533569203,0.5042218471112713,0.6512621053178494
84574.js,-1.0,-1.0,-1.0,-1.0
84607.js,-1.0,-1.0,-1.0,-1.0
84651.js,0.39223227027636803,0.37252585172586566,0.6534102628035481,0.6896946665240163
84696.js,-1.0,-1.0,-1.0,-1.0
84720.js,-1.0,-1.0,-1.0,-1.0
84732.js,-1.0,-1.0,-1.0,-1.0
84770.js,-1.0,-1.0,-1.0,-1.0
84824.js,-1.0,-1.0,-1.0,-1.0
84841.js,-1.0,-1.0,-1.0,-1.0
84901.js,0.4976019046410417,0.4605263157894737,0.6152512862892338,0.6090263361710396
84950.js,0.21398024625545645,0.2041241452319315,0.40032038451271784,0.4351941398892446
84966.js,0.5713786308369714,0.4907161075465062,0.5228454695218322,0.6300668143154323
84993.js,-1.0,-1.0,-1.0,-1.0
84997.js,0.4143110851759093,0.40012505862428427,0.5032265660855084,0.5301006944323646
85263.js,0.4135455240931915,0.4206693202061174,0.251259453814803,0.577896743774047
85375.js,0.5667166645688235,0.4647886502364975,0.47205085477389463,0.5794198677804117
85565.js,0.5480616982036975,0.4549027245412979,0.48339438070993385,0.6119949967459246
85601.js,0.55844316680051,0.45154937316634375,0.46202941535987474,0.5782325282836861
85630.js,0.6190411382273614,0.4183661290774093,0.4579538536978934,0.15843106263111947
85675.js,0.5074277179628568,0.44728662785048967,0.715786305600921,0.7845573930760598
85769.js,0.5662564503132547,0.48169388662443424,0.6341080922628122,0.7462025072446365
85776.js,0.513657296936097,0.3478602055362179,0.43314808182421,0.22541740866685805
85945.js,0.4497116476562908,0.3623957577063713,0.28038607704602214,0.6474242815111863
86050.js,0.5110003038642515,0.4038554886315661,0.46959760137429885,0.6413067926361001
86052.js,0.6017667080744001,0.4516935237759849,0.48039689356447,0.7557041121426584
86060.js,0.591983960539404,0.4742044569330091,0.5065846061930196,0.6769873712744517
86065.js,0.5374184267410672,0.44527271448200406,0.48531826910893056,0.6224437520690492
86142.js,0.5736632452906848,0.4885566481558472,0.5259442467852292,0.6258835964755767
86222.js,0.5634312249795163,0.4552782690480724,0.46779501123784556,0.5862216055786406
86243.js,0.5887544131382282,0.4916760768647387,0.5056778787754789,0.6097534682242025
86282.js,0.5510617221276048,0.5320644166648831,0.6119880312474492,0.6100664828198508
86298.js,0.6120047548246429,0.49718156652818074,0.5250326174438527,0.6745691923790881
86313.js,0.5964893276685738,0.49796207133438003,0.5117091261772557,0.6169837675006786
86374.js,0.3438409530367517,0.3273268353539886,0.5613413993878117,0.8006407690254357
86416.js,0.41989591128347076,0.409312639946649,0.7848730094898417,0.6271226144578615
86436.js,0.377189160453301,0.3401680257083045,0.7018624063435964,0.6099375455928333
86441.js,0.5013973012804749,0.43117304746366275,0.2175970699446223,0.6562830566488004
86484.js,0.6140549934547692,0.4358009644552832,0.4259551295364548,0.7875311905057029
86504.js,0.3608026765817729,0.3512719898209493,0.7018624063435964,0.7018624063435964
86507.js,0.40084215834140213,0.28939892177692883,0.38079147180858053,0.7352146220938077
86511.js,0.3735436838188142,0.36678215330365077,0.37267799624996495,0.7503752814845802
86550.js,0.6534984594560694,0.5254956542024155,0.5560706744010878,0.7668298168671649
86633.js,0.6391331752857781,0.5230820222676986,0.5467596337080658,0.6779923771084889
86715.js,0.5320667840019451,0.34687793032337133,0.3874755473203013,0.7792280807306038
86735.js,0.5025270798914706,0.422790742453522,0.447847252260641,0.5631368096938665
86737.js,0.43404648300994053,0.3504303170381472,0.4547078626450564,0.6118878816098722
86811.js,0.4095968845622941,0.3900142447541001,0.7542472332656507,0.738024966423108
86832.js,0.5792007508216438,0.5519328523933925,0.6034755109428155,0.6270030941002868
86834.js,0.6296474431521544,0.4918970233172723,0.5008441953180538,0.6417122744409203
8684.js,0.19448665533052606,0.17321861398976826,0.5132002392796673,0.5659164584181103
86904.js,0.6120538730337679,0.5283677255875567,0.5419612655448732,0.6323356472178089
86969.js,0.6354212036161773,0.4639730808026026,0.494903736223689,0.7074338705982688
87103.js,0.3261486389624965,0.31412056086034584,0.6847387945809709,0.701240891816518
87389.js,0.4736558362458227,0.3989795331313662,0.44017081143217673,0.6227474276447318
87524.js,0.5228315354090449,0.41321499734028017,0.42774825741892253,0.6022957294233304
87656.js,-1.0,-1.0,-1.0,-1.0
87741.js,0.45474143620312746,0.4188354295292561,0.5268372557558353,0.5469696739087316
87771.js,-1.0,-1.0,-1.0,-1.0
87950.js,0.3360107525161235,0.30815781721396834,0.5477225575051661,0.59947894041409
87981.js,-1.0,-1.0,-1.0,-1.0
88026.js,0.6960557226426951,0.5958806708086241,0.6140932058855556,0.7218392586625307
88048.js,-1.0,-1.0,-1.0,-1.0
88228.js,-1.0,-1.0,-1.0,-1.0
88276.js,0.36497956211665955,0.3324843840439351,0.4693806956555631,0.48082236894595093
88338.js,0.39252270517012655,0.35704202926945644,0.47880313042328987,0.5190289256303792
8835.js,-1.0,-1.0,-1.0,-1.0
88368.js,0.6829094884459967,0.5661334632604617,0.6058871674180542,0.754032285583744
88465.js,0.6796232036687115,0.6110456149075326,0.6488894161540497,0.7232521853765752
88546.js,0.4754319771045659,0.4829621384585608,0.5613704464215243,0.5757339090675303
88562.js,0.7492090153257145,0.41838571010737313,0.38777308280651646,0.8085591926263836
88584.js,0.3734255485584851,0.34292856398964494,0.46670668095755835,0.48666426339228763
88593.js,0.6301887242061933,0.5709020955290391,0.5995889002600603,0.6724923331881769
88669.js,0.5414687486800153,0.5099642066493413,0.5493502655735357,0.6599310806430368
88692.js,0.38981938376529196,0.37851786199227166,0.6378635118111463,0.6502503675297687
88800.js,0.621031374399965,0.5634050515835315,-1.0,-1.0
88889.js,0.6094668255637128,0.5245499349202569,0.5748934026669649,0.6811731848141592
89104.js,-1.0,-1.0,-1.0,-1.0
8919.js,0.33511112371964275,0.26381256527517716,0.5411159619673458,0.7855844048495726
89236.js,-1.0,-1.0,-1.0,-1.0
89372.js,0.2889670749252983,0.2805194418965345,0.635690172619815,0.6217172537289803
89498.js,-1.0,-1.0,-1.0,-1.0
89559.js,0.2170723815877265,0.21538744758532144,0.8040302522073697,0.8040302522073697
898.js,-1.0,-1.0,-1.0,-1.0
89812.js,-1.0,-1.0,-1.0,-1.0
90125.js,0.24405626631909125,0.22306340254151522,0.3507965969435628,0.3599097144492366
90247.js,-1.0,-1.0,-1.0,-1.0
90423.js,0.4718541198639363,0.44095855184409843,0.5834254011143614,0.7091389668511001
90882.js,0.47055452005554155,0.41676000156803833,0.4358120093292122,0.4951967660224559
90957.js,0.48568616443129126,0.41179005036111244,0.44279149146023256,0.5504300268893083
90997.js,0.4719590513012618,0.44929960893787196,0.492083949493434,0.5154817047625756
91037.js,0.6032016159247165,0.5810502506457284,0.645770426221335,0.6742475602454295
91212.js,-1.0,-1.0,-1.0,-1.0
91294.js,-1.0,-1.0,-1.0,-1.0
91308.js,-1.0,-1.0,-1.0,-1.0
91329.js,-1.0,-1.0,-1.0,-1.0
91361.js,-1.0,-1.0,-1.0,-1.0
91446.js,0.4371856585269363,0.41487362594440513,0.49482963377270295,0.5348768943894832
91641.js,0.5740603473666315,0.5064410860825609,0.5258305837529115,0.6105449103966419
91654.js,0.6070909030558631,0.544765175928303,0.6120245093637702,0.6833638027343746
91677.js,0.4812194368960156,0.4682338937357902,0.5254664975766163,0.562315254910943
91734.js,0.564163766051065,0.5467562333799877,0.6026743804774317,0.631072938724803
92077.js,0.6125182454640585,0.5215210071937336,0.5370676467226322,0.6318855744178908
92320.js,0.6777108283367154,0.2592182339786386,0.26358852059334,0.9677620764234547
92366.js,0.7936927847754339,0.4190222821095073,0.42050970254457154,0.8404744322945151
92546.js,0.5661746636063599,0.4982559954205839,0.5383167523001706,0.6489636709045015
9261.js,-1.0,-1.0,-1.0,-1.0
93086.js,-1.0,-1.0,-1.0,-1.0
93155.js,-1.0,-1.0,-1.0,-1.0
93297.js,-1.0,-1.0,-1.0,-1.0
933.js,-1.0,-1.0,-1.0,-1.0
93316.js,-1.0,-1.0,-1.0,-1.0
93418.js,0.5308411100320005,0.4893933560748558,0.4968067459614976,0.5397495682394119
93590.js,-1.0,-1.0,-1.0,-1.0
93597.js,0.5132319907957301,0.468178810963419,0.48339444315192076,0.527511851843418
9375.js,-1.0,-1.0,-1.0,-1.0
93824.js,0.6351490485344641,0.5507828404674299,0.5701184748248512,0.6650137536019979
93974.js,0.5868765250459516,0.510736073261774,0.5286044373433175,0.6086349305192827
93975.js,0.5634041961381385,0.5191026928519814,0.5347867710293194,0.5805492022868368
93979.js,0.6142506426296965,0.5239037103102554,0.5298456059126301,0.6305734441018372
94051.js,0.5334488496129095,0.4879586488235448,0.4917694320577019,0.5357325123781962
94154.js,0.49406636255484776,0.41144019802527537,0.5101527290819645,0.6422250023862875
94197.js,0.5771708673304696,0.44034368260872986,0.475469795120075,0.6362695206141956
94320.js,0.6630793335897164,0.5000591343803978,0.5497586906863092,0.7591998504568609
94449.js,0.5446078457545552,0.4905075724443648,0.6105891654023516,0.6980651890114341
94743.js,-1.0,-1.0,-1.0,-1.0
94926.js,0.5551046794975059,0.46696859069350705,0.5440480640424116,0.6716199410822997
94937.js,0.548813786752423,0.48937511834002395,0.5898536472719759,0.727311378070048
95121.js,0.52700968167583,0.4286507501859256,0.4802667675146831,0.6323124263565337
95176.js,1.0,1.0,1.0,1.0
95177.js,0.5496015694593122,0.44556700898441864,0.4634854063230925,0.5825475964482727
95188.js,0.3425943549137658,0.358979079308869,0.7902633289178096,0.7233555441435721
95192.js,0.3473158105403624,0.35195307605124787,0.8,0.7184212081070996
95219.js,0.27403610244019494,0.23162640965743445,0.4216370213557839,0.4216370213557839
95239.js,0.5918159868823103,0.4208343949938235,0.428443220760693,0.5998384868323863
95281.js,0.37548872691141966,0.3330035288266034,0.5790660241435861,0.6962093412246855
95304.js,0.5784207355692781,0.4520806340643765,0.5135369589427468,0.6891769236365574
95349.js,0.543809180506404,0.5449341591251993,0.6115843678613444,0.609486701740554
95405.js,0.5613860159769481,0.5070580064316296,0.5431119294488986,0.6041334500695726
95435.js,0.579920118429198,0.47613353980917605,0.49900621173966003,0.6152812143654788
95511.js,0.5934445733931147,0.4906161090999895,0.5302632906028076,0.6757166996586347
95523.js,0.5639600130115299,0.5020936237565545,0.5291644655008251,0.6060606491794046
95572.js,0.46199683130129787,0.39329991347402854,0.512873873823201,0.7168172293073987
95679.js,0.5745254562578426,0.4928506611791464,0.5065603912268014,0.5960506583831956
95694.js,0.47280032358851176,0.3745225968783714,0.2964683161313088,0.43675974620790176
95721.js,0.47280032358851176,0.3646360912141295,0.2692092212881015,0.4218307438660538
95745.js,0.48045989275142786,0.3745225968783714,0.2820724721855707,0.4031621045431757
95768.js,0.5381180543084118,0.3504931788099428,0.3660853792885583,0.5827071738165025
9587.js,0.27359422722270776,0.2765204519281134,0.408248290463863,0.408248290463863
95904.js,0.570137014702385,0.3791296346791605,0.3999542292503862,0.6321831818180861
95931.js,0.31362502409359,0.2689280987965414,0.7003009752518536,-1.0
95998.js,0.5317600752351933,0.5031767216265208,0.6652144597739077,0.652714996272835
96010.js,0.6045734475468535,0.5711276974629264,0.6071669816957371,0.6428777676394283
96081.js,0.5979088301305523,0.4992829887054151,0.5131304759531274,0.6149069501401466
96123.js,0.5053578034836476,0.47131106079945506,0.5189056743833671,0.5888780462164487
96227.js,-1.0,-1.0,-1.0,-1.0
96231.js,-1.0,-1.0,-1.0,-1.0
9627.js,0.2804490780752514,0.25697808437502334,0.5705974021574557,0.7407437469876467
96273.js,0.6410462201908232,0.5284225106049305,0.5670323967721118,0.7124758815946023
96286.js,0.5129147006868947,0.4726358168660257,0.5509929511025171,0.6205427141408237
9633.js,0.278115203285154,0.2743516305843672,0.8017837257372732,0.8017837257372732
96349.js,0.527004502329611,0.47287228718732877,0.48520037189677223,0.6100554177438557
96402.js,0.5524110794510553,0.4587765616208648,0.4875536034553717,0.6440909258291672
96412.js,0.5443563594406707,0.4867175710082825,0.6132844877179654,0.6954214574536944
96460.js,0.32493790519706517,0.29871899562646265,0.7071067811865476,0.5182674893104819
96628.js,0.5681232591651089,0.550484406940742,0.5870986367033934,0.6107248377077249
96629.js,0.6214796660080378,0.5461321156412373,0.5583597945855467,0.6356697783430955
96632.js,0.4704584157435733,0.4269780648430817,0.5244390691103232,0.5780059766913394
96733.js,1.0,0.6154574548966636,0.6154574548966636,1.0
96992.js,0.655565814365713,0.520993590891127,0.5590006720835617,0.7645928561445064
97008.js,0.5816288557650963,0.47587158876330493,0.48735527207879004,0.600388175940988
97015.js,0.4001237196827149,0.40540610964626406,0.42996970774675736,0.41008202460820287
97018.js,0.6076948700812066,0.5155126033248969,0.5592742765562175,0.6977234139234797
97023.js,0.5576120282858583,0.4747370161695588,0.5844143960163267,0.7055497163291662
97154.js,0.4756010583681028,0.37429126172619487,0.4217816900927072,0.6417008406286518
97238.js,0.5734027179780046,0.5052192282013082,0.501225511582461,0.5758692343016707
97548.js,-1.0,-1.0,-1.0,-1.0
97844.js,0.6579514642809967,0.41517853027084967,0.417144169116957,0.6679388426140898
97865.js,0.47100248486205654,0.41938595082234925,0.4962613624902464,0.6283595155252872
97887.js,0.6032104012846977,0.5177402122103062,0.5599586784295405,0.6992235161226282
97965.js,0.47178209756024825,0.39702551050267754,0.5339530258024126,0.6870287817905062
97966.js,0.6361860729732369,0.5506168320638246,0.59182819066887,0.7068649696211818
97999.js,0.4551792621336486,0.4117251340494922,0.5713119890400423,0.6862971855589192
9814.js,0.40299629655568053,0.35410026391408517,0.6438749092684269,0.6907676026234589
98376.js,-1.0,-1.0,-1.0,-1.0
98573.js,0.6222222222222222,0.5134204954457132,0.5629264850270506,0.7537185171225629
98605.js,0.5172067431946294,0.5033822257076337,0.6526697089333282,0.7461746154731859
98660.js,0.49544071775733023,0.44729098817951973,0.5892556509887896,0.7177652233758964
98837.js,-1.0,-1.0,-1.0,-1.0
98850.js,0.5491901268101321,0.5103149063812779,0.5399841616827065,0.5837321515650369
98858.js,-1.0,-1.0,-1.0,-1.0
98878.js,0.48449867625939586,0.4598462966186116,0.46544176363845907,0.49166037400630913
98893.js,0.5565793547243405,0.49661650025232107,0.5270847795458383,0.5939961677897555
98898.js,0.6141092088063973,0.5811496129119098,0.5895204462635764,0.6235821172123288
98963.js,0.5748163692986458,0.5528168898086141,0.564172570109431,0.5886041991005226
99018.js,0.5923097416168246,0.528801383035684,0.5569572595955135,0.6561341117677324
99031.js,0.5817350029195085,0.47705850188051174,0.5328972907751811,0.6813153327016246
99032.js,0.6320544934219839,0.47983904748230766,0.5049840556429454,0.6768805147570428
99044.js,0.5333626501616289,0.5150372468323687,0.5360826086030326,0.5668398268425494
99092.js,0.4613113622213915,0.44379058025751933,0.5354496700964052,0.6015424959579352
99152.js,0.41229723830491477,0.41155502845318853,0.5614784958361588,0.5122634820380019
99288.js,0.579165299842642,0.5871881391171488,0.5748752631685788,0.5569081098660014
99502.js,0.32280008313750147,0.30055446706277833,0.5349206384303918,0.549962314837632
9958.js,0.2702474937259706,0.242535625036333,0.8593378488473195,0.9230769230769231
99611.js,0.6371590005043786,0.5327448182167921,0.5511553386747878,0.6683580732807075
99759.js,-1.0,-1.0,-1.0,-1.0
99805.js,-1.0,-1.0,-1.0,-1.0
99912.js,-1.0,-1.0,-1.0,-1.0
99925.js,-1.0,-1.0,-1.0,-1.0
